Frame,True_X,True_Y,True_V,True_Theta,Est_X,Est_Y,Est_V,Est_Theta,IMU_Accel_X,IMU_Accel_Y,IMU_Gyro_Z,IMU_Spike_Gen,IMU_Spike_Det,Cam_Outlier_Gen,Cam_Outlier_Det
0,0.0,0.0,0.0,0.0,0.000929008086297247,0.00021168460016719065,5.395272080148854e-05,-2.296130908060324e-05,0.003928367687314908,-0.0022753867287356013,0.001210498735534376,False,False,True,True
1,0.0,0.0,0.0,0.0,0.0007111359547884314,-0.0007593674888427926,8.75709510763002e-05,-3.3837863733273714e-05,0.0037552621329249355,-0.0029174887359396545,-0.001522899996168641,False,False,False,False
2,0.0,0.0,3.08641975308642e-05,0.0003703703703705763,0.001769182743997223,-0.0016139737770892787,0.00026072438599556493,-0.18675933657013155,0.006690584666365169,-16.799140588123713,0.032863824732212894,True,False,True,True
3,3.429355045997583e-07,1.2701315565947616e-10,9.242112482853225e-05,0.0011028806584363338,0.0009593492168304957,-0.003881434452813197,0.00033130001109712856,-0.18677034060055664,0.009213375660495448,-0.0022940819297968813,0.06965616581162443,False,False,False,False
4,1.369836267049946e-06,1.2595626038899179e-09,0.00018450026672763302,0.0021894833104711964,0.002308035538071773,-0.0053936031278425875,0.0005498303152331233,-0.18671736081343743,0.012375521586480186,-0.0025464139287049155,0.09695312015399686,False,False,False,False
5,3.4198343170020766e-06,5.74800629305029e-09,0.0003069320553692696,0.003622309607275387,0.002085476156679569,-0.007268027460051838,0.0007036189493861541,-0.18670210303400656,0.016451564855044946,-0.0022548754252181224,0.13103278111524116,False,False,True,True
6,6.830168113938173e-06,1.8101345199664233e-08,0.00045954786493820573,0.005393665690076599,0.001473620921172849,-0.008807027947025233,0.0007850340156134428,-0.1865576229585932,0.016220389398983886,9.765070659822775e-05,0.16340200059487245,False,False,True,True
7,1.1936181230119076e-05,4.5641740022996424e-08,0.0006421800064292897,0.007496028674741417,0.0018037978128883424,-0.010126213304203593,0.29132160328645046,-0.1842599511939113,26.150450192474878,0.0010391540004186408,0.18958539092877655,True,False,True,True
8,1.9071314167044858e-05,9.912790292381768e-08,0.0008546617224429543,0.009922042852339885,0.004983480861775259,-0.010901479112952573,0.2915162814861092,-0.18412357933205376,0.02412220247734514,-0.0015025192453763103,0.21693521573989902,False,False,False,False
9,2.8567088093431976e-05,1.9334847066653798e-07,0.0010968271820096292,0.012664515974139867,0.008283074042116981,-0.012899222819403871,0.2917949600547542,-0.18415229689240215,0.02443528977886451,-0.004053805222031762,0.24921808586683786,False,False,True,True
10,4.075307946175078e-05,3.4768640451816864e-07,0.0013685114754429092,0.01571641561915893,0.01155613815466725,-0.014994297158253966,0.4751219891549721,-0.18148225237910878,16.50049863169925,-0.0031385112511354498,0.27468014141149916,True,False,True,True
11,5.595688461553693e-05,5.866554012014762e-07,0.0016695506092213128,0.019070865642436985,0.01623398838781773,-0.015915971007199766,0.4752783782050846,-0.18125350851455704,0.032206548915686035,-0.0011244385329144272,0.2985032742219341,False,False,False,False
12,7.450407364202618e-05,9.404092387216219e-07,0.0019997815008984785,0.022721142702234687,0.020414681231471388,-0.016139153022554413,0.47525700980698465,-0.1807947101811959,0.03340532000765838,-0.00046472210293529905,0.3268994428942882,False,False,True,True
13,9.671813285513312e-05,1.4452249215086732e-06,0.002359041974041635,0.02666067286440743,0.024602994408620377,-0.01657193046410217,0.47525161282693684,-0.18041455677917256,0.03659036113405938,-0.004337256940272062,0.35430696839330145,False,False,True,True
14,0.00012292039541330534,2.1439604314733185e-06,0.002747170753198194,0.030883028282235436,-0.02715442188190513,-0.058588932771500096,0.4657622363002566,-0.21153360571181812,0.03843582501763526,0.0014320829666975318,26.70960487597585,True,False,False,False
15,0.00015342995968617792,3.086487835609191e-06,0.003164007458890303,0.035381923950037475,-0.022451288943779058,-0.11245652942521171,0.5042309473823167,-0.23886080276648622,0.04303181941653607,0.0003529632174827913,37.00784155122873,True,True,True,True
16,0.00018856359508401244,4.330102446971373e-06,0.0036093926026372087,0.04015121452892556,-0.011121596827633626,-0.09605876020968432,0.5057502757440052,-0.24295410562724096,0.04610567262293546,0.0005346758677632999,0.42744095332437015,False,False,False,False
17,0.00022863563515535562,5.939908684433587e-06,0.004083167582005273,0.045184891243097436,-0.016844997445507055,-0.09955116042502767,0.502272618787273,-0.24481765195726005,0.04622686846150878,9.974491175463352e-05,0.45147704529259614,False,False,True,True
18,0.0002739578578418701,7.98918322773984e-06,0.004585174675685491,0.050477078845102774,-0.01126419057009291,-0.1022713565578861,0.7692816583607927,-0.22170145939867375,24.12130053856764,-0.0004052512309616447,0.4775098716976727,True,False,True,True
19,0.00032483935285549303,1.0559716018137186e-05,0.00511525703859835,0.05602203264854477,-0.0054399640230574555,-0.10442684468656813,0.7687759071811863,-0.2238758071989831,0.054407307828257874,0.0018922490250060644,0.5014963145206947,False,False,True,True
20,0.00038158637621254436,1.3742129611381416e-05,0.00567325869702589,0.06181413562672544,0.003101990501177947,-0.10691435365544572,0.7693846828221861,-0.22392733867914125,0.054964364630299946,-0.0015716791156732916,0.5194383804573895,False,False,True,True
21,0.0004445021920226623,1.7636177349190792e-05,0.006259024543770807,0.0678478955757611,0.0117015326862455,-0.1093164026603139,0.7700145217416663,-0.22388113070003404,0.05564780395833021,0.0009444026524148684,0.5419735425393826,False,False,True,True
22,0.0005138869016879802,2.2351020777297122e-05,0.006872400333342451,0.07411794234074431,0.017477384638391935,-0.11129851912366336,0.7692221505089044,-0.2229006368323025,0.06302616942080097,0.0031871026317064066,0.5673846369910329,False,False,True,True
23,0.0005900372607202202,2.8005486703098966e-05,0.007513232677169561,0.0806190251035428,0.02385558766442183,-0.11486328426432219,0.8177825128615985,-0.21944611674029535,0.06343791489398529,0.0021708892286207374,26.260664009904488,True,True,True,True
24,0.0006732464834307818,3.4728304253525244e-05,0.008181369038839606,0.08734600973087137,0.03232245348727039,-0.11439316243426083,0.8177060030908565,-0.21889446560155376,0.06354456038220554,0.004118737544326708,0.6061961695740842,False,False,True,True
25,0.0007638040357918232,4.26583222640215e-05,0.008876657729364572,0.09429387618129637,0.04131676548570908,-0.11257275503404765,0.847328399925708,-0.21488374070644828,0.06757285305360783,-0.0004168176817624853,-21.49107851036633,True,True,True,True
26,0.0008619954168051185,5.1944707302511024e-05,0.00959894790247304,0.1014577159698602,0.05064632896510156,-0.11095701843894717,0.8768623070163035,-0.2110506577044606,30.19453345556823,0.0025943639993875095,0.6409345640247534,True,True,True,True
27,0.0009681019287504424,6.274712260768351e-05,0.010348089549928437,0.10883272968904834,0.060389243487504934,-0.11330202574677452,0.8776557741750646,-0.21101522374140164,0.07261516332251182,0.0008991009248674894,0.6646341370824506,False,False,True,True
28,0.0010824004367166779,7.523588819894185e-05,0.01112393349687328,0.1164142245848474,0.06836244643503993,-0.11545770508562618,0.9064174594888004,-0.2091427632609701,0.07668048019041945,34.57271655060522,0.6834215422616531,True,True,False,False
29,0.0012051631178470299,8.959212239569885e-05,0.011926331397199293,0.12419761218666547,0.07389495439237657,-0.11537659957435747,0.9035549551207436,-0.20735854901888978,0.07336676893728197,0.004878365159584385,0.7035576556425592,False,False,False,False
30,0.0013366572007549016,0.00010600786496636403,0.012755135728943247,0.13217840598992492,0.08660901177560146,-0.10851115851270288,0.9342166652495839,-0.19909256947276427,-35.49259342183614,0.007206480802697334,0.7188647094377842,True,True,True,True
31,0.0014771446955893779,0.000124686182112194,0.013610199789708377,0.14035221919014873,0.09412745502663464,-0.10505861125942739,0.9319029104224098,-0.19512052423502765,0.07808888185323719,0.004402672984437094,0.7356858009324123,False,False,True,True
32,0.0016268821152490625,0.00014584125347809202,0.014491377692111231,0.14871476246740478,0.10563347749510439,-0.10594377303553854,0.9334635136132615,-0.194164962856635,0.08176224661098211,0.006740613427612552,0.7569127150162565,False,False,True,True
33,0.001786120188260426,0.00016969844137133006,0.015398524359253823,0.15726184181998093,0.10877649485452003,-0.10722660250322258,0.9456027815734862,-0.1902017559688089,0.08345573810367277,-36.78021206467783,0.769004997382271,True,True,True,True
34,0.001955103563852006,0.00019649434235991819,0.01633149552022093,0.16598935644620338,0.11711149779456036,-0.1050328428032244,0.9612219158849392,-0.18504680017313502,0.08804555641717343,0.01258809275084702,0.7838901940141529,False,True,True,True
35,0.0021340705097689285,0.00022647682141485926,0.01729014770560242,0.17489329667332498,0.12779174130439303,-0.10708891836070368,0.979307331526597,-0.1815916859513709,0.09091459740936506,30.321344660511624,0.8035151132336432,True,True,True,True
36,0.002323252603383414,0.0002599050287546908,0.01827433824304043,0.1839697419324362,0.1359837654793148,-0.11265343178907684,1.1974886929089792,-0.13795509145658982,20.245604046409508,0.007895131932452705,0.8240120306942732,True,True,True,True
37,0.0025228744166663534,0.00029704939954642803,0.019283925252801315,0.19321485877838196,0.1476433139249126,-0.10889529335419373,1.1960430720172492,-0.1329462250453495,0.09789479945290211,0.012740114946526628,0.8357776890995461,False,False,True,True
38,0.0027331531955927892,0.0003381916366141795,0.020318767643372173,0.20262489895367697,0.15757801851362657,-0.10753356942509884,1.1932933496376312,-0.12877554650950862,0.10056954687205097,0.017387283297560865,0.8449509867647818,False,False,True,True
39,0.0029542985345603315,0.00038362467630520547,0.021378725107081834,0.21219619749544716,0.17083683350960024,-0.10896440883076004,1.1942273370662169,-0.12845214362335508,0.0942058113067424,0.01312535043820849,0.86047583889056,False,False,True,True
40,0.0031865120464042904,0.0004336526376629345,0.022463658115746195,0.22192517088443742,0.18394456161616646,-0.11097438728575929,1.1951958918097965,-0.12840325121647048,0.10618685038804157,0.017063598836240843,0.8756235505596875,False,False,True,True
41,0.003429987028596699,0.0004885907550573463,0.02357342791633773,0.23180831523515355,0.19425827486893285,-0.10718499453412794,1.192066847447317,-0.12148989643037461,0.10531031912481084,0.017885585046508765,0.8880323063083158,False,False,True,True
42,0.003684908126218526,0.0005487652944250804,0.02470789652667906,0.24184220452622407,0.18963409294296055,-0.07666545156092167,1.166590411431142,-0.07846422234107539,0.10579196933911472,0.019635835063218254,-14.91449089664368,True,False,True,True
43,0.003951450992295324,0.0006145134532745454,0.025866926731160474,0.25202348887008563,0.20560092554383,-0.11256755047271097,1.1750098415367347,-0.10707265079596923,0.10721142425849599,0.02000534114775059,0.9164025122401699,False,False,True,True
44,0.004229781946086384,0.0006861832446151015,0.027050382076481187,0.26234889282112084,0.21865659044979371,-0.11375724659266619,1.1760239463249054,-0.10660214673026334,0.10871009044321027,0.02047670533116884,0.9299078452111823,False,False,True,True
45,0.004520057629916259,0.0007641333649739856,0.028258126867414315,0.27281521372139217,0.22627805436004617,-0.10715173842492273,1.167116803878721,-0.09062195862517392,0.11178026749371577,0.02356711673569199,0.9403024341187222,False,False,False,False
46,0.004822424665135332,0.0008487330466699601,0.029490026162595346,0.28341932008313897,0.2404272041500128,-0.11523345291549297,1.1700358920368679,-0.09628839889010256,0.11680705530514778,0.02438461087956579,0.9582228700772237,False,False,True,True
47,0.005137019307793004,0.0009403618945186268,0.030745945770334012,0.29415815000721723,0.262138839900471,-0.1363386018764817,1.1900573485604269,-0.13004147145804096,0.11592324697899968,0.024693263535133098,26.29689846412243,True,False,False,False
48,0.0054639671046031076,0.0010394097071508702,0.03202575224444944,0.3050287096366864,0.27760710644822034,-0.13865425118046018,1.028601605874658,0.22423336515245226,0.1214954852597882,35.81753266431328,0.9764855613334336,True,False,False,False
49,0.005803382549776386,0.001146276283132926,0.03332931288012842,0.3160280716447601,0.289036013180161,-0.13616276934543292,1.0296387535252007,0.22498769468894528,0.1198329848626487,0.03163948436324821,0.9915435952707952,False,False,True,True
50,0.006155368743289357,0.001261371212084036,0.03465649570980672,0.3271533737563579,0.3041470195230574,-0.14533103698046235,1.3975211291425216,0.37182899383858226,35.49053598584597,0.031630698221293115,0.9947377546945967,True,False,True,True
51,0.006520017051152615,0.0013851136509954837,0.036007169499073226,0.33840181730251295,0.31613891097290897,-0.1272632297960651,1.3978227959124427,0.38377023555313533,0.12606752735845467,0.03250652017049969,1.014188452007754,False,False,True,True
52,0.006897406768234745,0.0015179320859629668,0.037381203742596895,0.3497706658069015,0.33007763628362885,-0.11687115141491325,1.3985570340274736,0.38947898134329895,0.12708647690076605,0.034651590492023494,1.0245611203315979,False,False,False,False
53,0.007287604784190474,0.0016602640795526633,0.038778468660076296,0.3612572436037853,0.34378116305244255,-0.10600284089239673,1.411522886677645,0.4315579102262082,0.12858291239261263,0.037676318522395065,30.81858273641934,True,True,False,False
54,0.007690665253033547,0.0018125560040299796,0.04019883519221167,0.37285893448666396,0.358705701175144,-0.09853855713089502,1.6642658510609019,0.5441628527377239,24.865366450779884,0.03837608082277621,1.0444114629005146,True,False,True,True
55,0.008106629266886161,0.001975262760688736,0.04164217499669939,0.3845731803869601,0.37719754396470956,-0.09249230321158697,1.6654166173087364,0.5450948138162078,0.13564769693707376,0.04020835754356815,1.0548352373734444,False,False,True,True
56,0.008535524534427585,0.00214884748552744,0.04310836044424859,0.39639748008206466,0.39358502437931053,-0.0793397859632458,1.6928896433029612,0.5973399923738887,-32.645245142610996,0.04333570709999999,1.0617946344785036,True,True,False,False
57,0.008977365064554908,0.0023337812415282462,0.04459726461462005,0.40832938793209284,0.41024879049130114,-0.06546390862832455,1.7198497161775523,0.6501000615821935,0.13864695498800225,0.04484045509504049,-27.409560506642194,True,True,False,False
58,0.00943215085575876,0.0025305426978031917,0.04610876129268697,0.4203665126447129,0.4272048788979478,-0.050926424795883315,1.5114964782705835,0.5616063425538982,-20.443677032487184,0.045177672948707864,1.0884270523702795,True,False,False,False
59,0.009899867591706248,0.0027396177958812612,0.04764272496451772,0.4325065160674231,0.44373688567510944,-0.043808473172786556,1.5122495590904337,0.5639106474902219,0.14477591294108655,0.05102538240687262,1.0940783435249348,False,False,True,True
60,0.010380486343512466,0.0029614994034187665,0.049199030813480274,0.4447471120066657,0.45897397991069333,-0.0322248113431043,1.5247334928572793,0.6090713383321343,0.14346405268908863,0.049248624412149465,-28.20314071290629,True,True,True,True
61,0.010873963279170583,0.003196686955624365,0.05077755471636835,0.4570860650731845,0.4740679635526195,-0.019168573313708477,1.5227160321595115,0.619073357907605,0.1478286918968713,0.05258428372878818,1.1131617937221394,False,False,False,False
62,0.01138023938059888,0.003445686084698787,0.05237817323954902,0.4695211895530398,0.4890811258799761,-0.005731333740616024,1.520519343880539,0.6297099385984566,0.1509763553351617,0.057039726743740415,1.1189922074975793,False,False,False,False
63,0.011899240168751182,0.0037090082375979307,0.054000763635131774,0.48205034830371307,0.5048459775314507,0.0052460512338295025,1.519393543395357,0.6370379976678558,0.1493381486145502,0.05811746879317963,1.1257048594100356,False,False,True,True
64,0.012430875437224799,0.00398717028243643,0.05564520383715882,0.49467145167474147,0.5202256933914353,0.01757547302486802,1.5176580333978333,0.6462587712799636,0.15102698876409013,0.060919922000640794,1.1356928699160684,False,False,False,False
65,0.012975038994787691,0.004280694103857035,0.057311372457816576,0.5073824564523397,0.5370885604291891,0.024756126039089835,1.530527966955107,0.6851240691822355,0.15605355565246937,-39.16914762904833,1.1438672057129995,True,True,True,True
66,0.013531608417233717,0.0045901061876992,0.058999148783668215,0.5201813648274731,0.5524228404970513,0.03811147758306097,1.528923693597985,0.6946606245420771,0.1562124319643604,0.06610627749297313,1.1538374338626778,False,False,False,False
67,0.014100444808961903,0.004915937195308073,0.0607084127719071,0.5330662233868626,0.5691338053997909,0.04677768657331261,1.5293931389142605,0.6975870526542616,0.15662966501449513,0.06967650809908713,1.1625165903750863,False,False,True,True
68,0.014681392574662494,0.005258721527832639,0.06243904504663107,0.5460351221264137,0.5848062963554941,0.05911911543314233,1.5381563135940794,0.7441467346561083,0.1601523133066509,0.0639196638189031,38.41415697462014,True,True,True,True
69,0.01527427920147918,0.005618996880869089,0.06419092689513745,0.5590861934865674,0.5987335032724038,0.05965012263923748,1.5353214400604474,0.7361043483624318,0.1647389320889083,0.07207703314893193,1.1771694094430694,False,False,True,True
70,0.015878915052003385,0.005997303789812492,0.06596394026423853,0.572217611409088,0.6146645625213576,0.07416076821702605,1.5338436982985773,0.7473639619427266,0.16882976769573618,0.07423680561997704,1.1822543002771728,False,False,True,True
71,0.016495093168442863,0.00639418516628658,0.0677579677565977,0.5854275904148118,0.6316839508299258,0.08249615044565056,1.5345902580025605,0.7493179290455166,0.1704065657362565,0.07574321306688696,1.1880419558171347,False,False,True,True
72,0.017122589088293054,0.006810185826027893,0.06957289262708574,0.5987143847018901,0.6473122668833685,0.09787895852736134,1.5348315655777864,0.7635265213230855,-18.050821243537957,0.08288981098908657,1.19899660632752,True,True,True,True
73,0.017761160671825812,0.007245852008606642,0.07140859877915749,0.6120762872640704,0.6634184576602837,0.1111547858476013,1.5358623132391078,0.7745207955135042,0.17179479032086947,0.08685320229115481,-33.44567355629839,True,True,True,True
74,0.01841054794169609,0.007701730889372455,0.07326497076124859,0.6255116290285727,0.6793890822598567,0.12429991779642634,1.5367174076979147,0.785231892708731,0.17324394156297615,0.0855341769079437,1.2104235111259534,False,True,True,True
75,0.01907047293495321,0.00817837008401861,0.07514189376319227,0.6390187780131229,0.6902941915454046,0.12441971199323908,1.530067772184778,0.7763453261556371,0.17326891665375385,0.08667006110324679,1.2164715713459133,False,True,False,False
76,0.019740639567729184,0.008676317146163532,0.07703925361265603,0.6525961385017203,0.706561633385396,0.13701410536099168,1.5290397596910272,0.7846377007785998,0.17321570911582992,0.08724349512524607,1.2245627591853887,False,False,True,True
77,0.02042073351286246,0.00919611905835308,0.07895693677159805,0.6662421502387188,0.7236915119599932,0.1455197155787381,1.529660441828917,0.7865537046427428,0.1760377424211692,0.09369178066802254,1.2298257317104337,False,False,True,True
78,0.021110422090701318,0.009738321716891641,0.0808948303327435,0.6799552876408215,0.7393282329031283,0.15967656874921746,1.5273914306751029,0.7975745364997273,0.17908003456099572,0.0998493898679941,1.2334854573572536,False,False,True,True
79,0.021809354173316937,0.010303469410914104,0.08285282201608012,0.693734059026581,0.7555062494771415,0.17180916549203018,1.5260148802171973,0.8052918741285281,0.17347335293453714,0.10064825534021397,1.240603884512806,False,False,True,True
80,0.022517160102342032,0.01089210429611458,0.0848308001653735,0.7075770058630275,0.7728806432557516,0.1798151175022938,1.52688743762285,0.8063084570754511,0.18166384188591211,0.10031083356058876,1.2470763999698498,False,False,True,True
81,0.02323345162063678,0.011504765863551088,0.08682865374470168,0.7214827020290344,0.7884895936814236,0.19317713652880325,1.3242087746715379,1.038866429347286,0.18328183021576272,27.06653311963601,1.2525359928121174,True,False,True,True
82,0.023957821817969658,0.01214199040394853,0.0888462723350089,0.7354497530950557,0.8010008882928248,0.2052865498793111,1.0488866804735757,1.3395360081479708,0.18621317882914407,36.41595455187618,1.2542780215560898,True,False,True,True
83,0.0246898450908867,0.012804310467924905,0.0908835461306786,0.749476795618869,0.8087259031925643,0.22486954857542416,1.0431364729362833,1.3499243684981879,0.1850297194680884,0.11026210319058231,1.2643538573316284,False,False,False,False
84,0.025429077116928704,0.013492254322568134,0.09294036593612545,0.7635624964569683,0.8215916136548137,0.24948788247009918,1.02945534852565,1.3674040030253112,0.19161194110120824,0.1133887950297801,-15.00748307867497,True,False,True,True
85,0.026175054843341913,0.014206345404792787,0.09501662316240624,0.7777055520912581,0.8573183029502205,0.3001850912992992,1.0594818344807828,1.4229582081432062,0.194515272184503,0.1159914447274207,20.070913298799137,True,False,False,False
86,0.02692729649041379,0.01494710177190771,0.09711220982384966,0.7919046879707117,0.8620909431374676,0.3184360584190382,0.8934865865575409,1.5678057103577827,0.19434873728690635,19.02285915253334,1.278668807958436,True,False,True,True
87,0.027685301569551745,0.015715035549826832,0.09922701853470482,0.806158657867659,0.8261774561203135,0.3495403935960088,0.860764306137024,1.6031595100042568,0.1990461986274741,0.12485468671929097,37.81122393140846,True,False,True,True
88,0.028448550916208945,0.016510652379356377,0.10136094250580831,0.8204662432483776,0.9500867687877087,0.4384819198894571,0.9920224601769476,1.70471675418888,0.19645412423812303,0.13113072803969092,1.2894451949773045,False,False,True,True
89,0.02921650673774765,0.017334450860992372,0.10351387554126987,0.8348262526576731,0.9221083580692215,0.4382932479341733,0.9532269512068834,1.6814332645270538,0.196539288586494,0.12732804990478327,1.294175197201292,False,False,False,False
90,0.02998861267631714,0.018186921998662578,0.10568571203517639,0.8492375211171321,0.9326997686381869,0.45697583976225165,0.9015189824461535,1.7177875534886495,17.384674235578505,0.1316054711093988,1.298605961441384,True,True,True,True
91,0.030764293886809777,0.01906854864284699,0.1078763469683143,0.8636989095367511,0.942716646220922,0.47606236813434777,0.9004942500012941,1.7211551167846402,0.20382899899430157,0.136378646896659,1.302783850373327,False,False,True,True
92,0.031542957129945634,0.01997980493351065,0.11008567590491009,0.8782093041396379,0.9527221378876031,0.49518631387639933,0.899434114404527,1.7245121411578872,0.20326349826070395,0.13693712805925592,1.3073153514160634,False,False,True,True
93,0.03232399088052287,0.020921155743281853,0.11231359498938898,0.8927676158994977,0.9627158502698756,0.5143475598892647,0.8982633355353564,1.7279424349556838,0.20585293309998257,0.14715310471488788,1.3105275092806563,False,False,True,True
94,0.03310676545085809,0.021893056121307777,0.11456000094315164,0.9073727799906202,0.9726965539980462,0.5335469202776613,1.0984713829239032,1.6165657973963012,0.20937852883849956,-20.717130614065784,1.3165650317930782,True,False,True,True
95,0.0338906331294282,0.022895950738218387,0.1168247910613687,0.9220237552500876,0.9849017915860896,0.5515087624709535,1.0971910189264273,1.6200258335833828,0.2073367309825172,0.1535652602233265,1.3176181003450038,False,False,False,False
96,0.03467492833471236,0.0239302733326277,0.11910786320979319,0.9367195236519379,0.9970928029074944,0.5695090495107689,1.0959289091626019,1.6235242125723435,0.21320431425440708,0.1520202445711149,1.3222765180332776,False,False,False,False
97,0.035458967784220426,0.0249964461595997,0.12140911582159064,0.9514590897930058,0.8514536099111442,0.5156496708977139,0.9219785481460367,1.5478997036290312,0.2104406658335969,0.15889137744046325,-22.19390783370932,True,False,False,False
98,0.036242050678681595,0.02609487944150396,0.12372844789418674,0.966241480390198,0.8374867234369257,0.5224230483758514,0.8932578987186495,1.5396776179977605,0.21387864383862204,0.1590865073833473,1.3303349827884439,False,False,False,False
99,0.03702345890135508,0.027225970821683557,0.12606575898613262,0.9810657437889345,0.8474118112004662,0.5395305774647154,0.8917099843304123,1.5424996200180752,0.21229292359525403,0.16527525625595993,1.3321793469439003,False,False,True,True
100,0.03780245723241248,0.028390104821355084,0.12842094921398745,0.9959309494825135,0.8573196999152485,0.556669462131583,0.8901174839656079,1.5453854265359483,0.2175852722264918,0.17031397497656,1.34345050415504,False,False,True,True
101,0.038578293578329655,0.029587652300157564,0.13079391924921838,1.0108361876421617,0.8552475017094727,0.5678282210295149,0.872396463522757,1.5407970956455992,0.21915481581946436,0.17239528120914938,1.3416385828797144,False,False,False,False
102,0.039350199216214445,0.030818969920763797,0.13318457031511777,1.0257805686575212,0.8649407957486145,0.5849481887589104,0.8705419781726604,1.5435083887775927,0.21537826113406544,0.17371770408531773,1.3444730015573534,False,False,True,True
103,0.040117389052985016,0.03208439961796403,0.13559280418373748,1.040763222687354,0.870752869260134,0.6007528450733857,0.8624509142861153,1.544438140433993,0.22359460682873616,0.18163282685604829,1.3496621145114545,False,False,False,False
104,0.040879061899302356,0.033384268072628155,0.13801852317284016,1.0557832992202272,0.8763943417168203,0.617743137627143,0.8689123030254028,1.5400972620771365,23.59444861003103,0.18476895747583233,1.3493083884189088,True,True,True,True
105,0.04163440075814944,0.03471888619094858,0.14046163014286758,1.0708399666449626,0.8868521615177224,0.634310414271029,0.8667390596489477,1.5417899196992073,0.2259873606779382,0.18913413402454127,1.3568411063540848,False,False,True,True
106,0.042382573127938715,0.03608854858936145,0.1429220284939257,1.0859324118306297,0.893415542270878,0.6511407148317808,0.8731745429091733,1.5372907003218956,0.22540694043407314,0.19174732204872294,-21.450430630898836,True,True,False,False
107,0.043122731320018926,0.03749353308553972,0.14539962216278662,1.1010598397158748,0.9003583505819098,0.6684294924083238,0.8669078677161068,1.5403911486129283,0.2282565820020305,0.19241180647220593,1.3579019364065275,False,False,True,True
108,0.04385401279044179,0.038934100195846554,0.14789431561990696,1.116221472907374,0.9099906602231999,0.6855449496151341,0.8645080499578867,1.5431183747616153,0.23231560491190575,0.19988266685729184,1.3644866481039826,False,False,True,True
109,0.044575540485838935,0.04041049263963269,0.15040601386646302,1.1314165512872103,0.919596305222732,0.7026907093347077,0.8766589289090253,1.5396690783066311,-22.939331943099287,0.20386426873656538,1.3672138213434395,True,True,True,True
110,0.045286423203249264,0.04192293485075627,0.15293462243140243,1.146644331628976,0.9231259840222564,0.7202162779793816,0.878755371249461,1.5369582258776364,0.23113665226617533,0.20882551747666167,-36.32082587194912,True,True,True,True
111,0.04598575596372741,0.043471632496698234,0.15548004736851193,1.161904087222406,0.9297552379446619,0.7375276179649114,0.8708423213612231,1.5399698048466606,0.23385600207774648,0.2107996636630446,1.3750656658156062,False,False,True,True
112,0.04667262039955401,0.04505677200564082,0.15804219525350166,1.1771951075063525,0.9393546888718752,0.7543801967784736,0.8661053781557341,1.5418938912529125,0.23624589632052675,0.21469272808682008,1.3800171271536934,False,False,False,False
113,0.047346085154859475,0.04667852010187103,0.16062097318110566,1.192516697709915,0.9458896417512518,0.7718328602857905,0.8735962190491139,1.5398348880243704,0.2397659815437244,-15.809410552455153,1.377971632381982,True,True,True,True
114,0.04800520629946342,0.04833702334986477,0.1632162887621983,1.2078681785015464,0.9139470543672834,0.7678756416963729,0.8291323230657784,1.513705146943504,0.2396064995817721,0.22358666250038908,1.3833551206763623,False,False,True,True
115,0.04864902775572336,0.050032407707401715,0.16582805012092683,1.2232488856459565,0.8913265589839242,0.7649164350988396,0.7950247333333365,1.4887888788390404,0.24272134982478127,0.22583765844681383,1.3885515535014592,False,False,True,True
116,0.04927658173817722,0.0517647780880541,0.16845616589185994,1.2386581696686392,0.8807329678280814,0.7715977423933915,0.771015406163307,1.477340243818952,0.24412526873636212,0.23155674482694835,1.3852622311113432,False,False,True,True
117,0.04988688920575588,0.05353421793338667,0.17110054521715207,1.2540953955278544,0.8572059384314992,0.7729606388366203,0.7359466058137848,1.4587225575652025,0.24336150884409208,-34.19682558714221,1.3913240301286076,True,True,True,True
118,0.05047896032633372,0.055340788795198194,0.17376109774372345,1.2695599422939026,0.8200023121623874,0.7643183091005408,0.6874763251985522,1.4267570236549822,0.2470176175697478,0.23693019049506894,1.3920759735441803,False,False,False,False
119,0.05105179495337687,0.05718452992812829,0.17643773362045584,1.28505120283552,0.8276409379979268,0.7801711649189295,0.6845746072609592,1.428085227935058,0.2470534109409633,0.24480951807984133,-21.279634394204972,True,True,True,True
120,0.05160438311444128,0.05906545789294633,0.17913036349540393,1.3005685835132494,0.8218568535727374,0.7912982940792036,0.6671034706448209,1.4229793532182187,0.24977331398568772,0.2464532848276111,27.508999142083432,True,True,True,True
121,0.052135705511265,0.060983566170832296,0.18183889851302204,1.3161115038796218,0.8191319054850519,0.8020326712589082,0.6527829753928502,1.417097385917731,0.24862674724964323,-38.569092854777914,1.3979454795039348,True,True,True,True
122,0.052644734031191555,0.0629388247889522,0.1845632503114065,1.3316793963860007,0.7840542716689315,0.7916396612270915,0.6100542703704078,1.3833080153453141,0.24732168743385913,0.2544417387962515,1.4015558526491803,False,True,True,True
123,0.053130432269654373,0.06493117995762338,0.18730333101955302,1.3472717060959418,0.7768070487294536,0.8004904222492606,0.5917036837017958,1.3756215955045823,0.25268498878646745,0.2559902074550973,1.4067408282139002,False,False,False,False
124,0.053591756063445066,0.06696055371935775,0.19005905325462957,1.362887890404921,0.7782215898138967,0.8146045753814739,0.5822874952978789,1.375106408360247,0.2545818896198745,0.26330738178245355,1.403553750215917,False,False,True,True
125,0.05402765403448174,0.06902684361006332,0.19283033011926434,1.3785274187662928,0.7846914508727619,0.8298835354743656,0.5784690142792804,1.3761280337479465,0.257951409628594,0.27093983549206485,1.4049213382281935,False,False,True,True
126,0.054437068143786994,0.07112992233267686,0.1956170751988487,1.3941897724233385,0.7862741435319689,0.8432112811318375,0.5687085097181439,1.3742596389368342,0.2543948136602891,0.27499573093412094,1.4122515009263672,False,False,True,True
127,0.054818934255378975,0.0732696374434927,0.1984192025588551,1.4098744441472641,0.8044579813856333,0.8434164791311916,0.5785668480823482,1.354312799593962,0.2572727668490391,0.2766856223592769,1.4120085021508855,False,False,False,False
128,0.05517218270977281,0.07544581105144517,0.2012366267421701,1.425580937981029,0.8196472885763693,0.8493576109353832,0.6089666094956002,1.6330640795196738,26.49170961675084,0.2834701774985272,1.4152866382491873,True,False,True,True
129,0.05549573890678391,0.07765823953059359,0.204069262766442,1.4413087689888577,0.8318499673300681,0.8618026102771728,0.61052280082099,1.6260024261246548,0.2579131542375734,0.29079644922034426,1.417621991931651,False,False,True,True
130,0.05578852389731894,0.07990669324605157,0.20691702612144325,1.4570574630113278,0.8442883671777521,0.874339961232877,0.6127136616168978,1.6191902900264408,0.26100519683924994,0.2895244444984752,1.4212088439468626,False,False,False,False
131,0.05604945498383503,0.08219091629359353,0.20977983276644757,1.4728265564258907,0.8272528870473286,0.8705654928968809,0.5906386814556981,1.5914225586241524,0.2641253916291848,0.296750771953176,1.4189204132411917,False,False,True,True
132,0.0562774463291424,0.08451062625316369,0.21265759912762164,1.488615595912723,0.8142695289861437,0.857983412008454,0.5730527870728409,1.5521681207049236,0.26305125347120617,0.2971014139662432,1.4198286252086534,False,False,False,False
133,0.056471409573220804,0.08686551395650426,0.21555024209543114,1.5044241382257733,0.8175554793820246,0.8754905981512794,0.5658842003512393,1.5526603546754323,0.26533666376913134,0.3044899915173309,1.4250024692648289,False,False,True,True
134,0.05663025445771533,0.08925524326911144,0.21845767902206145,1.5202517499689048,0.7174125838960748,0.6833186350969291,0.5226672676328914,1.2876718386912023,0.265313841813907,0.3090292645014368,38.16440871291377,True,False,True,True
135,0.05675288945777261,0.09167945088671928,0.22137982771885248,1.536098007377003,0.7405313563904168,0.6606721130344175,0.5667766245619358,1.2432580893644745,0.2690911562487059,0.3118964685690915,20.31891806423695,True,False,True,True
136,0.05683822242087424,0.09413774614650319,0.22431660645374774,1.5519624961019582,1.0000502266849598,0.9507618600998871,0.7767716016541684,1.5996629610049014,0.2717493115089665,0.3147406135705626,23.571330897717854,True,False,False,False
137,0.05688516121231991,0.09662971085318638,0.22726793394875777,1.567844811003396,0.9587165286521048,1.0814959747312538,0.7065652022681005,1.74199744221283,0.2704311455720196,0.3218156641498058,1.4289956103483523,False,False,True,True
138,0.056892614367009174,0.09915489912022382,0.23023372937743752,1.5837445559440617,1.0080877793063319,1.1502268102516062,0.7401509853321491,1.8063206926876383,0.2701685558413923,0.3264528533756038,1.433700536570551,False,False,True,True
139,0.05685949174716684,0.10171283722623008,0.23321391236237768,1.5996613435897498,1.0530640047286555,1.1615597688105381,0.7758304353653064,1.7977008573105584,0.27128683626042793,0.3311166289684813,1.4334514079193619,False,False,True,True
140,0.05678470520565355,0.10430302348680832,0.23620840297271015,1.6155947952136813,1.0957093724419982,1.174705287205621,0.8062128781471908,1.8111179170168317,0.2727754793854517,-30.085257339903386,1.4350570908232423,True,True,True,True
141,0.05666716925450005,0.10692492814192962,0.23921712172162718,1.631544540505229,1.140168603777658,1.187044272933733,0.841684115864519,1.8046167765688372,0.2782471127614795,0.3401395118060192,1.4363426114972797,False,False,True,True
142,0.05650580173830037,0.10957799325900254,0.24223998956391443,1.6475102173828908,1.1349075839189906,1.2287902636556427,0.819863864567495,1.8518036096242414,0.276506664593455,37.96702569670993,1.4392001947430104,True,True,True,True
143,0.05629952451209634,0.1122616326517647,0.24527692789349761,1.6634914718114189,1.1617761208231046,1.2419201945337135,0.8354024794877009,1.8448261611463939,0.27741659434825,0.34996001499771395,1.4356763706656988,False,False,True,True
144,0.056047264123383476,0.11497523181511898,0.24832785854100287,1.6794879576230173,1.1773855081918627,1.2598565300241225,0.8387609799159607,1.8434233751882219,0.2795457430620418,0.35357229911831417,1.4426125320632714,False,False,False,False
145,0.05574795249786542,0.11771814787602847,0.2513927037713306,1.6954993363425057,1.2006831751761553,1.2755311885048508,0.8466650743479693,1.858772469587365,0.2799737180516777,0.3584104969351569,-30.833213518307588,True,True,True,True
146,0.05540052762858225,0.1204897095605753,0.25447138628124294,1.711525277016376,1.215215108368986,1.2946747555211096,0.8484954224128819,1.858465149402288,0.28126343418757643,0.3651155875470466,1.442244511763232,False,False,True,True
147,0.055003934268035806,0.12328921717727996,0.2575638291969644,1.7275654560456415,1.2240596386309246,1.3156053193176287,0.8438077817939423,1.8599293839173017,0.28387983201973255,0.3684307076187847,1.4454324821456026,False,False,False,False
148,0.05455712462293334,0.12611594261676884,0.2606699560717961,1.743619557022405,1.2334352806508573,1.3362712013611542,0.8393551598388898,1.8609747637337286,0.2821751948000165,0.3717100247050741,1.4455436883574235,False,False,True,True
149,0.05405905905116917,0.12896912936786872,0.26378969088374293,1.7596872705700548,1.24215809282011,1.3577837659024794,0.8367344644946669,1.8634401370020701,-23.32130120581273,0.37845999024386295,1.445946999831037,True,True,False,False
150,0.053508706760662654,0.13184799255019847,0.26692295803315425,1.7757682941870163,1.2182260199056931,0.642779996583665,0.949453405517434,1.007396330156992,0.2891383456590535,0.3811693489413892,1.4447503906805907,False,False,False,False
151,0.052905046509669484,0.13475171896331936,0.2700696823403775,1.791862332093972,0.7633466743738233,0.5960341204509302,0.5271451257564201,0.9075079422052509,0.28979069768327126,15.927605172822487,1.4516621776109813,True,True,False,False
152,0.05224706730818234,0.13767946715249635,0.27322978904342476,1.8079690950844762,0.4507941169205464,0.5641125231359004,0.2397775513992405,0.8334396553803498,0.2910727824397072,0.39371132601247294,1.450134369372604,False,False,False,False
153,0.051533769120036,0.14063036749111432,0.27640320379565264,1.8240883003788948,0.4534583119360935,0.5733729637512377,0.23865638984455573,0.8293998210341377,0.28841121335733344,0.3985600417495588,1.4492512304686382,False,False,True,True
154,0.05076416356533139,0.14360352227978412,0.2795898526634546,1.8402196714815862,0.35855243524780955,0.5180598486879193,0.1689671526126117,0.7495168874968094,0.28978807231418896,0.4010598874229372,1.452408522644361,False,False,True,True
155,0.0499372746227926,0.14659800586216493,0.2827896621239663,1.8563629380412543,0.36042984805461636,0.5263878141045505,0.16778211562167938,0.7451358027365621,0.2939614331707424,0.4057766664239047,1.4588198212039614,False,False,True,True
156,0.049052139331670665,0.14961286475752017,0.28600255906278377,1.8725178357144117,0.07799653933352863,0.4782528832579659,-0.08568008896429447,0.6482162231460324,0.295396972723691,0.4107655342407824,1.4559059770003626,False,False,False,False
157,0.04810780849280761,0.15264711781001633,0.2892284707716942,1.888684106031869,-0.010905624625622348,0.47938443603784936,-0.16924313351344472,0.6270738530666163,0.29366370227114097,0.4179280726374326,1.4545149592711422,False,False,True,True
158,0.047103347368474636,0.15569975635476424,0.29246732494641936,1.9048614962681985,-0.07435801989361968,0.4780468800137856,-0.2273409981516566,0.6056090835493644,0.2933879976867389,0.42233265297013534,1.4559823905922564,False,False,False,False
159,0.046037836380598315,0.158769744400595,0.29571904968437135,1.9210497593140907,-0.07688403098419364,0.48477586983100074,-0.22934277076606166,0.5992376141915923,0.29724988227892785,0.428980631497546,1.4573106226761507,False,False,True,True
160,0.04491037180698936,0.16185601882955306,0.29898357348242116,1.9372486535515554,-0.1180271884208645,0.4900022064746454,-0.2717457574729543,0.5845155957815216,0.2958130626608887,0.43354266997855834,1.4580945997883223,False,False,False,False
161,0.043720066475188966,0.16495748961308102,0.30226082523467934,1.953457942731891,-0.14593988210939257,0.4957831733001832,-0.3005388866655754,0.5721933079432788,0.29938433836700706,-18.994632701815323,1.4582740413129376,True,True,False,False
162,0.042466050453548655,0.1680730400448618,0.30555073423028917,1.9696773958563671,-0.1695594364402056,0.5012458334745046,-0.3250585362129837,0.5598942589792365,0.30099814808203196,17.420136990920973,1.4596453587845808,True,True,True,True
163,0.04114747173916055,0.17120152699027572,0.308853230151232,1.9859067870595588,-0.1731711979536832,0.507466880796496,-0.326674471962657,0.5530470491804658,0.29697312453261787,0.4479361559208676,18.88056965430734,True,True,True,True
164,0.03976349694225601,0.17434178115242127,0.3121682430701449,2.002145895495272,-0.17680091430882383,0.5136118480096123,-0.32893324791673756,0.5461073795304746,0.3042163017694126,0.452589713189885,1.4608999553321773,False,False,True,True
165,0.03831331196669215,0.17749260735463987,0.31549570344815026,2.0183945052250074,-0.18806671231746938,0.5216689701813888,-0.34854369082354003,0.5343286997669379,0.3016776104048727,0.462137386341585,1.4629939670823802,False,False,False,False
166,0.036796122686147015,0.18065278483947692,0.31883554213269755,2.034652405108896,-0.19987975566054358,0.5277038200745487,-0.3638707937735065,0.5224844675312345,0.3080123000933322,0.46412956620078,30.659947577358697,True,True,False,False
167,0.03521115561564601,0.18382106758400288,0.3221876903554171,2.050919388699069,-0.2101959752462331,0.5334197181096497,-0.37723704071280056,0.5109892634828833,0.30484005438309325,0.46908200327831956,1.4641637622593464,False,False,False,False
168,0.03355765857804404,0.18699618463140996,0.3255520797299858,2.0671952541353864,-0.2194917142208455,0.5389380262007297,-0.3883187088759102,0.49994032877055544,0.3077850572042928,0.47256804532047836,19.307669137155475,True,True,False,False
169,0.0318349013650897,0.19017684043879166,0.3289286422500044,2.0834798040434883,-0.21847233506551172,0.5454804516416005,-0.38432569213430284,0.4949128512548022,0.31012256891243917,0.4818382929475256,-31.107888199412013,True,True,True,True
170,0.03004217639270013,0.1933617152410044,0.3323173102868871,2.0997728454351146,-0.21796835233981937,0.5518978325739495,-0.3818828674856846,0.48940469178839513,0.31100776762216814,0.48752509066164085,1.466603975962709,False,False,True,True
171,0.028178799350077482,0.19654946543050256,0.3357180165877624,2.1160741896106305,-0.20521752795136644,0.5370578152912432,-0.3714402692605622,0.4483297349743169,0.3118467468670352,0.4889199850811427,1.4650359301110012,False,False,False,False
172,0.02624410984230041,0.19973872395302975,0.33913069427338594,2.1323836520637283,-0.20861874079215179,0.5435268743141108,-0.3716590961563717,0.44338258371005695,37.90047876667913,0.49513919857497524,1.4669170935019837,True,True,True,True
173,0.024237472026026656,0.20292810071904183,0.3425552768360647,2.1487010523882386,-0.2029303430642745,0.5334222740987518,-0.3671395997250354,0.41002557467332296,0.3121019007093332,0.5016079445108143,1.4677289489951855,False,False,False,False
174,0.022158275237945616,0.20611618303072887,0.34599169813759273,2.1650262141870185,-0.20700967195010822,0.5379781138173443,-0.3678842397942051,0.4023078576589027,20.177671963922204,0.5060719472339092,1.4701621455265002,True,True,True,True
175,0.020005934615622778,0.20930153602449555,0.3494398924071987,2.181358964982863,-0.19637728916038516,0.5310451794867234,-0.3519167536360468,0.379028804044446,0.3158609115726659,23.77165025325473,1.4689250219559737,True,True,True,True
176,0.017779891710380986,0.21248270312875184,0.3528997942395044,2.1976991361313925,-0.19780203719338343,0.5293060047126232,-0.3533146020120184,0.3595168510354816,0.31426882057362787,0.5175751312017844,1.4650953215543148,False,True,False,False
177,0.01547961509186678,0.21565820653685822,0.3563713385924948,2.21404656273588,-0.18647364275766953,0.5257327840239446,-0.33401867798278884,0.34388215833625063,0.3164516592503361,0.5205809929640052,1.4693186733932087,False,False,True,True
178,0.013104600943953543,0.21882654769506205,0.3598544607854995,2.2304010835639714,-0.1861086674966762,0.5267505126305657,-0.330591452964419,0.3314409095790083,0.31836622196533476,0.526867191238864,1.4728936749035653,False,False,False,False
179,0.010654373651636628,0.22198620780525408,0.363349096497185,2.2467625409662535,-0.18950045073975966,0.5295352924284666,-0.3313785270645997,0.32121226662080077,0.32233946746089837,0.5294771061290402,-15.839765525453515,True,True,True,True
180,0.008128486378579493,0.22513564834236707,0.36685518176355864,2.263130780796633,-0.18567125984433944,0.5307763842670827,-0.3204845488659239,0.31216653554204815,0.31850906484816327,0.5381787325619987,1.4749684885074874,False,False,True,True
181,0.0055265216349736496,0.22827331158623074,0.3703726529759833,2.2795056523344854,-0.1866844279492894,0.5331014718886269,-0.3171331346244613,0.30267298419518296,0.3250742269866524,0.5460087928237974,-19.197151759743377,True,True,False,False
182,0.002848091835379244,0.2313976211676905,0.3739014468792032,2.295887008208534,-0.18681325930136702,0.5357034837999561,-0.3109941610429073,0.2951501284779064,0.32111964332334264,0.5501077029177504,1.4796513457594154,False,True,True,True
183,9.28398462172542e-05,0.23450698262878983,0.3774415005693805,2.3122747043224177,-0.1923224629591146,0.5386643093998368,-0.316568615490884,0.28382462205956516,0.3255411362667461,0.5541329206679647,1.476736529869937,False,False,True,True
184,-0.0027395604774114474,0.23759978399680956,0.3809927514921432,2.3286685997819196,-0.19988996995418368,0.542087334951337,-0.32552695647418833,0.27251002747038944,0.32665772408307736,0.5624128972239184,1.477410833456863,False,False,True,True
185,-0.005649403765900507,0.24067439637195018,0.3845551374406436,2.3450685568238026,-0.19811075521061544,0.544040344509703,-0.31525673513347247,0.2655872612390534,0.3262643795499729,0.5625384102765023,1.4744259406461144,False,True,True,True
186,-0.008636952620621748,0.2437291745284362,0.3881285965536277,2.361474440746237,-0.1978714686501208,0.5461710354148308,-0.3088497005754285,0.25747782507565564,0.32542435860593155,0.5724963814061509,1.478345296935435,False,False,True,True
187,-0.011702437111029198,0.24676245752881565,0.39171306731351496,2.377886119840765,-0.19659264271034077,0.5481711037717721,-0.3005523139419232,0.249658143140023,0.3267149176360343,0.575655366107117,1.478253740243373,False,False,True,True
188,-0.014846054283689746,0.24977256935122003,0.39530848854448924,2.394303465325785,-0.19768262106154924,0.5504111530094331,-0.29589738004412586,0.24151836091254122,29.936455842490698,0.5827324399932395,1.4804891814741976,True,True,True,True
189,-0.01806796768354182,0.2527578195293446,0.3989147994106001,2.4107263512815083,-0.20200825850640167,0.5525905627899348,-0.29891276670502914,0.23039125245066597,0.3290444902116564,0.586056457659039,1.4791912984605322,False,False,False,False
190,-0.021368306887678348,0.25571650380490185,0.40253193941387455,2.4271546545863636,-0.2043407821532959,0.5548031550057786,-0.29707779687884084,0.2213173877815055,0.3325382040571142,0.5912807950130795,1.4811701978989942,False,False,False,False
191,-0.024747167051945095,0.25864690479229435,0.40615984839243946,2.4435882548548147,-0.20828022217858638,0.5569910792679998,-0.29874607001767994,0.21112721428073397,0.33098189440552966,0.5995206603980717,1.4811371014791002,False,False,True,True
192,-0.028204608470640217,0.2615472926552485,0.4097984665186543,2.4600270343765596,-0.2105369260419612,0.5591480880179748,-0.2958604624089673,0.2029080940263646,0.33136661200348305,-23.714865113591408,1.4801545800651568,True,True,True,True
193,-0.03174065614959534,0.2644159257951423,0.4134477342972544,2.4764708780570803,-0.2103280183549069,0.561505653845595,-0.2868596528720084,0.19738153637192707,32.27535669495492,0.609441080649195,1.4820065613662632,True,True,True,True
194,-0.035355299392913035,0.26725105155075646,0.4171075925635042,2.4929196733595154,-0.21430702285945014,0.5630140528728972,-0.2893874866789089,0.1859639270282885,0.3359787826723695,0.6177591830180277,1.4826245153436746,False,False,True,True
195,-0.03904849140362981,0.27005090690917094,0.4207779824813613,2.509373310247822,-0.21466852709532497,0.5647281562613785,-0.28240673191046717,0.17861829555200565,0.3344769047437632,0.6181792937148982,1.4794815843149765,False,True,False,False
196,-0.042820148898568076,0.27281371922752373,0.42445884554165003,2.525831681131204,-0.21757985267944113,0.5664085629990424,-0.28104337899398935,0.16964977818578564,0.33512855755590637,0.6246354432376379,22.093317085399395,True,True,True,True
197,-0.046670151737634544,0.2755377069653433,0.4281501235602458,2.5422946808097695,-0.21794538831973226,0.5686151105167826,-0.2728127143828296,0.16410930531473392,-34.26176627432384,0.631730853817444,1.4842639910973205,True,True,True,True
198,-0.050598342567816576,0.27822108042715993,0.4318517586762691,2.558762206421404,-0.21734059343309617,0.5704712578868933,-0.26358591657905417,0.1577177581692995,0.33656835843723865,0.633894171085816,1.4801317656394182,False,True,False,False
199,-0.05460452648212203,0.28086204251509667,0.4355636933502898,2.5752341573898168,-0.21883642255274716,0.5723516128355866,-0.2590023367162333,0.1501110356548115,0.33968032526175773,0.6403807907015648,1.4839583548869326,False,False,True,True
200,-0.058688470693701665,0.2834587894911347,0.4392858703625413,2.591710435373747,-0.22058135545041552,0.5740424068235257,-0.2550470006769257,0.14202049608280062,0.33753150785714164,0.6453529870877982,1.4829985948678026,False,False,True,True
201,-0.06284990422538723,0.28600951174874306,0.44301823281114444,2.6081909442172933,-0.22341521101349246,0.5756204123355568,-0.2534630665681521,0.13335040748356827,0.3397698847710281,0.6531552774844184,1.4820279736074775,False,False,True,True
202,-0.06708851761487168,0.28851239459355765,0.4467607241103418,2.6246755899013534,-0.22551753502363123,0.5763021131479511,-0.251023824909409,0.1231170131278843,0.34283629695879536,0.6612718478128936,1.4841016176628294,False,False,True,True
203,-0.07140396263575155,0.2909656190327895,0.45051328798874113,2.641164280496138,-0.22747384957243297,0.5776520843400875,0.0052445060559947266,-0.02812459649313986,-25.773111447117383,0.6628981003457117,1.483247719822576,True,False,True,True
204,-0.07579585203464512,0.29336736257303775,0.4542758684875691,2.6576569261147425,-0.23513930748258516,0.5786280498083586,-0.01776250921975563,-0.04983886290181865,0.34414212181860876,0.6740498923454415,33.863762711366846,True,False,True,True
205,-0.08026375928459302,0.295715800026178,0.4580484099589345,2.674153438867748,-0.23479276924602446,0.5852463253395309,-0.09697261384191758,-0.33426438100542816,0.34442711542188104,27.587181729268124,1.479554926156461,True,False,True,True
206,-0.08480721835494143,0.29800910432299205,0.4618308570641009,2.690653732818835,-0.23820729204567606,0.5814947631509048,-0.44116556320492767,-0.22819000724646876,32.25620758320305,0.679256597371234,1.483283464522045,True,False,True,True
207,-0.08942572349790096,0.30024544733420144,0.46562315477176947,2.7071577239413793,-0.24336005999832624,0.5814654081474265,-0.2799940162000822,-0.286033500591201,-15.04195515128349,0.6941132802593447,1.4854898148248965,True,False,False,False
208,-0.09411872905196761,0.3024230006985618,0.46942524835637073,2.723665330076015,-0.24606538820220672,0.5794565003134067,-0.3397908518812857,-0.4528525318864299,0.3487425635741069,16.29128613641538,1.4863701791794768,True,False,True,True
209,-0.098885649262385,0.30453993665767254,0.4732370833963662,2.740176470889141,-0.24993705196118937,0.5747252820579055,-0.338061950551764,-0.4603116524309414,0.34993731131931677,0.697921283249222,1.485298043577313,False,False,False,False
210,-0.10372585811881999,0.30659442889715066,0.47705860577255926,2.756691067832345,-0.253693295856209,0.5696107081420062,-0.6093687365723184,-0.3613597953996985,26.83869767799509,0.7033776343965865,1.4856603954687129,True,False,True,True
211,-0.10863868921041687,0.3085846533938156,0.4808897616664154,2.773209044102737,-0.2604739457225881,0.5654150347740268,-0.6067976743961475,-0.371103208953021,0.35094218165014046,0.7149480122875551,1.485570355567254,False,False,False,False
212,-0.11362343559838774,0.3105087892685266,0.4847304975583921,2.7897303246041574,-0.2670389017041715,0.5613642557854817,-0.47802148174502485,-0.041696391745181506,0.35237231672111,-31.761475706952602,1.4889743545311125,True,False,True,True
213,-0.11867934970628952,0.31236501964431235,0.48858076022627756,2.8062548359092503,-0.2721474032233697,0.5608997685382505,-0.4756311696593838,-0.05055364094160137,0.35067482568103986,0.7201407863829972,1.4879353275810592,False,False,True,True
214,-0.12380564322813085,0.31415153250942757,0.49244049674353896,2.822782506222378,-0.2781975661179575,0.5592509615228252,-0.4757129285224065,-0.06190670086060075,0.354096611846452,0.730954175256453,1.489665501588901,False,False,True,True
215,-0.1290014870544445,0.3158665215849694,0.4963096544776798,2.839313265343362,-0.28412837680048225,0.5576294681540387,-0.4751149252146067,-0.07291642262294733,0.3579634065556569,0.7340811682224138,1.4869774678155563,False,False,True,True
216,-0.13426601121645323,0.31750818719668283,0.5001881810886063,2.8558470446320285,-0.2894533565556857,0.5563798852908549,-0.47278989999571086,-0.08293715285437629,0.3546380676449035,0.7380477214674948,1.488776377499343,False,False,False,False
217,-0.13959830484845,0.3190747371505812,0.504076024527003,2.872383776973539,-0.2941823807691866,0.5557689193179368,-0.46846531393430935,-0.09126330312711936,0.35529647223033595,0.7516225682824572,1.4884997289798851,False,False,True,True
218,-0.14499741616850545,0.32056438761200595,0.5079731330327172,2.888923396744497,-0.2989712800559201,0.5548904572272771,-0.41058526936873574,0.09528333172975693,0.35829231554215624,-17.471555158730762,1.4890650030437615,True,False,True,True
219,-0.15046235247760767,0.3219753639877463,0.5118794551331527,2.9054658397798043,-0.30324881468038556,0.555903971050618,-0.4074675015038026,0.08639161374879907,0.35849422782237,0.7615096648862099,1.4899003150256174,False,False,False,False
220,-0.15599208017733243,0.32330590181083746,0.5157949396416722,2.9220110433402535,-0.3076255059554669,0.556676366404879,-0.404227035589748,0.07719155594749985,0.3582281302795925,0.7612029072587165,1.4905450627107195,False,False,False,False
221,-0.16158552480613309,0.3245542476276539,0.5197195356560086,2.938558946080841,-0.31211691746201964,0.5575340503598513,-0.4005880324670457,0.06834847638782646,0.36021630869684,0.7685644148717057,1.4892962786122774,False,False,True,True
222,-0.1672415710943326,0.32571865988691157,0.5236531925566851,2.955109488019785,-0.3165678956005424,0.5582934778752715,-0.39690617818666263,0.05947202193596623,0.3607778498520016,0.7741614891169838,1.4901191070157884,False,False,True,True
223,-0.1729590630378918,0.3267974098301916,0.5275958600054442,2.9716626105082344,-0.3210762009488984,0.5580527070409341,-0.39387692264951546,0.04853904339719221,0.361507242042011,0.7856686897556393,1.4930888850063022,False,False,False,False
224,-0.17873680399101993,0.32778878238359566,0.5315474879436856,2.9882182562006445,-0.3255801408537995,0.5579698798798998,-0.39035747752319483,0.038261944094552636,0.36113129659002646,0.7889884733757518,1.4899345681542462,False,False,False,False
225,-0.18457355677768605,0.3286910770501412,0.535508026590912,3.004776369025816,-0.32991744615961277,0.5583950125920615,-0.38618838097459307,0.02934299809706189,0.359502983317285,0.7959187590185789,1.4940190759712166,False,False,False,False
226,-0.19046804382208157,0.32950260880250487,0.5394774264431847,3.0213368941585754,-0.3342084281704416,0.5587210459042511,-0.35269911188713343,0.20883138765742137,0.36466512599752055,-16.36110637724085,1.4921171969050702,True,False,False,False
227,-0.19641894729807644,0.3302217089757186,0.5434556382715868,3.037899777992088,-0.33812730719140976,0.5610413946560002,-0.3484660106862247,0.19983828855123084,0.36386659467878946,0.8090949071599401,1.4909737364453237,False,False,False,False
228,-0.20242490929770307,0.3308467261594241,0.5474426131206953,3.054464968110782,-0.34199915175459006,0.5632618200843472,-0.34420757387174966,0.19084422700693077,0.3671832220320541,0.8125486804692404,1.4909439820482917,False,False,False,False
229,-0.20848453201869468,0.3313760270892883,0.5514383023070618,3.0710324132638753,-0.3458236803531651,0.5653823114955353,-0.3398702522286291,0.1818104028000255,0.3652868349166837,0.8188221881226393,1.4924797759760913,False,False,False,False
230,-0.2145963779710961,0.33180799753718343,0.5554426574177016,3.0876020633394923,-0.3496000164890387,0.5674024270822022,-0.3354711161036852,0.17274898079502032,0.3651304948282695,0.8242785277339678,1.4951296451415528,False,False,False,False
231,-0.22075897020295704,0.33214104319973264,0.5594556303085909,3.1041738693393555,-0.30277042611161603,0.5125374507592213,-0.2566619046614727,0.11224487206455308,0.3664879402146164,0.8352545334786954,1.4940043506138843,False,False,False,False
232,-0.22697079254511038,0.3323735905848235,0.5634771731031728,3.1207477833540365,-0.2943137828481654,0.5008313831330347,-0.23441576712753354,0.09174363753396372,0.36995229900966514,0.8353043952286988,1.4953707369072569,False,False,False,False
233,-0.2332302898750289,0.3325040878956895,0.5675072381908712,3.137323758538761,-0.2969184024829158,0.5018507568834121,-0.22780216596903372,0.11003467438380549,0.3696672490286422,0.8441714625066509,1.4894824758719076,False,True,True,True
234,-0.23953586839974655,0.33253100591216095,0.5715457782256133,-3.129283558089835,-0.2994495376603495,0.5030733643765655,-0.22134050950392542,0.12837993930565667,-19.12253252154673,0.8476300630116731,1.4940543584090624,True,True,True,True
235,-0.24588589595782195,0.33245283886868526,0.5755927461243598,-3.1127035969584957,-0.30190887665483757,0.5044998081466283,-0.215384557545529,0.11984582982242135,0.37144701394517726,0.8600138711815474,1.4928787606507843,False,False,True,True
236,-0.2522787023403134,0.3322681053287179,0.5796480950656443,-3.096121709037483,-0.29674646081058303,0.4962512241298701,-0.1981180076033834,0.11500547293984478,0.37124273748055325,0.8627740228042088,20.399319150050367,True,True,False,False
237,-0.2587125796307273,0.33197534905508463,0.5837117784881191,-3.0795379371443445,-0.2958427572998536,0.493370247033857,-0.18696496030675755,0.1022610038074207,0.3747852279267474,0.8677448286399976,1.4923671784969237,False,False,False,False
238,-0.2651857825638927,0.33157313987591597,0.587783750089111,-3.0629523231451277,-0.2963037080993207,0.4921674486937322,-0.17767839449813422,0.09133292920015963,0.37152317919314626,0.8775805142030626,1.490821882635117,False,False,False,False
239,-0.2716965289037074,0.33106007454575664,0.5918639638231838,-3.046364907975523,-0.29714953176803666,0.4913806417985368,-0.16888010066380268,0.08092561081238842,0.3728837979106441,0.8831123642775932,1.4939945176874765,False,False,False,False
240,-0.27824299983969275,0.33043477760145185,0.5959523739007093,-3.0297757316615392,-0.29823936224481884,0.49086904945908033,-0.16038658558774993,0.07094618130919005,0.3729260022754434,0.8874206988460844,1.4916447338194767,False,False,False,False
241,-0.2848233404022858,0.3296959022124138,0.6000489347864462,-3.013184833339718,-0.2994528763646475,0.49049898994307867,-0.1520716821427447,0.061280063210903256,0.3755962296110866,0.890890020874299,1.489244318213865,False,False,False,False
242,-0.2914356598967895,0.3288421310248734,0.6041536011981264,-2.9965922512769003,-0.3006693408320176,0.49008048156948397,-0.1436947112676368,0.05168625442407264,0.37508489702117515,0.8954724532268143,1.4931263460705146,False,False,False,False
243,-0.29807803235589414,0.3278721769997226,0.6082663281050504,-2.9799980228895526,-0.30189669552486026,0.4896790309666606,-0.13723710224933738,0.05546301640137194,0.37859785120648864,0.9036806604643838,1.4964854185853653,False,True,False,False
244,-0.3047484970106743,0.3267847842435538,0.6123870707266891,-2.9634021847626646,-0.30313099214118044,0.48942898083460584,-0.13102740279627625,0.059454806767476505,0.3766163248582608,25.25267053457111,1.4937982803652747,True,True,False,False
245,-0.3114450587799579,0.32557872883250605,0.6165157845312939,-2.946804772668226,-0.3043241093769535,0.48921646049514506,-0.12494689300814994,0.06349178893617434,0.37547935439238855,-32.99128934200329,1.494224221330634,True,True,False,False
246,-0.3181656887779561,0.324252819628527,0.620652425234515,-2.9302058215832933,-0.30571240818815515,0.4899219248166581,-0.11707809243618329,0.055676710938749235,0.37755931723035535,0.9248069498800989,1.4937076645764964,False,False,True,True
247,-0.32490832484003496,0.32280589908766305,0.6247969487980269,-2.9136053657076553,-0.30701327588189053,0.49054055493819976,-0.11178439855157761,0.06116358349642112,0.37946407390321046,-24.757012697831023,1.4965568661138502,True,True,True,True
248,-0.3316708720665008,0.3212368440599923,0.6289493114281614,-2.8970034384811054,-0.3077866825993769,0.4893502582722409,-0.1023259078018291,0.050421234485737404,0.37943970127917476,0.935046601975939,1.4964174415490035,False,False,False,False
249,-0.3384512033842647,0.3195445665808151,0.6331094695745481,-2.880400072600331,-0.30892363713050836,0.48991049421097127,-0.09404077825346732,0.04276672430904859,0.37656426496866374,0.9422615207092643,1.4951613409893252,False,False,True,True
250,-0.3452471601262424,0.3177280146527216,0.6372773799287635,-2.8637953000354255,-0.3095627620364456,0.48861353670784996,-0.08424886243536298,0.03240934419738741,0.37856981464547207,0.9468587490935662,1.4947497997657777,False,False,False,False
251,-0.35205655262833935,0.3157861730181572,0.6414529994229865,-2.8471891520460364,-0.3102541171682707,0.4878426907775213,-0.07491307769444969,0.023961902275035266,0.38012750684962526,-20.719141840613243,1.496500845149396,True,True,False,False
252,-0.35887716084386156,0.31371806392210866,0.6456362852286612,-2.8305816591971524,-0.31087939650950597,0.4870989227383618,-0.06538999121755348,0.014977079929623119,0.38262650578950036,0.9615673375398438,1.493577096008533,False,False,False,False
253,-0.36570673497518597,0.3115227478645376,0.6498271947551687,-2.81397285137454,-0.28985855327096743,0.4676889543484724,-0.02721729761117692,-0.005688288031873381,0.38147475132750186,0.9655683115472674,1.4955708140994424,False,False,True,True
254,-0.37254299612251585,0.30919932434219044,0.6540256856485042,-2.7973627577998372,-0.2785128072709144,0.45687078892177196,-0.0025409641350021585,-0.01955932107536937,0.38260439746237085,0.9767454062999944,1.5001635697423135,False,True,True,True
255,-0.37938363694953997,0.30674693257941693,0.6582317157899631,-2.780751407045313,-0.282844208045306,0.4591261400960461,0.0017554162044807163,-0.02544123126454213,0.3871904385298749,0.9780479707553071,1.4950574110976613,False,True,False,False
256,-0.38622632236580556,0.3041647522476327,0.6624452432948337,-2.764138827048297,-0.2873616130224734,0.46190311568267434,0.005951411341729484,-0.03139827817628822,0.3847837239181208,0.9884911738566601,1.494885635140563,False,False,False,False
257,-0.39306869022560814,0.3014520041730645,0.666666226511097,-2.7475250451252884,-0.28729548622978757,0.46155424592516003,0.015321691995361205,-0.03735344830065581,0.3827758327188478,0.9930641244830356,-29.92536850518279,True,True,True,True
258,-0.39990835204319397,0.29860795103242094,0.670894624018134,-2.7309100879857544,-0.2871252452076169,0.4611392076107083,0.025005892189076236,-0.044161042861031674,0.38756227800493054,0.9984997661953106,1.4975943948309718,False,False,True,True
259,-0.40674289372406325,0.2956318980361335,0.6751303946254407,-2.7142939817456173,-0.3000854961530214,0.47038413744061985,0.01904404553866398,-0.046615369899696425,0.3858498115781187,1.0062527986875434,1.4942371745966605,False,False,True,True
260,-0.4135698763121546,0.29252319359881923,0.6793734973713487,-2.6976767519404463,-0.30722016457560175,0.4749755851085732,0.02017747266106687,-0.050543194031055005,-32.965385102244845,1.0138563369807396,1.4988816654019426,True,True,True,True
261,-0.4203868367526845,0.28928122999661754,0.6836238915217547,-2.681058423538353,-0.3030067990203514,0.47006272935562987,0.0361039908989326,-0.060975506800466046,0.38865150350688804,1.0206403432341784,1.4985122833200626,False,False,False,False
262,-0.42719128867040845,0.28590544401105944,0.6878815365688561,-2.6644390209526025,-0.31629062633425337,0.48359913262015597,0.029900943940790795,-0.05747614734153322,-20.01864951563055,1.0262196916783433,1.4943423764372077,True,True,True,True
263,-0.433980723163062,0.28239531755913133,0.6921463922298933,-2.647818568053943,-0.313411957306319,0.4790372827065595,0.0434914786530684,-0.06659396487311009,0.39044014085381257,1.033111784024911,34.09421558034805,True,True,False,False
264,-0.4407526096097353,0.27875037830919985,0.6964184184459,-2.631197088182661,-0.31815214241314915,0.4812658065174929,0.047501604940508986,-0.07119911137330034,-24.41399261866338,1.0371564773105075,1.4959352789398113,True,True,True,True
265,-0.44750439649392465,0.2749702002824684,0.7006975753804598,-2.6145746041603704,-0.3180743356265071,0.47949870944002176,0.058100437702961555,-0.07913331252065271,0.38711269695216166,1.0456271944823807,1.4978231954735417,False,True,False,False
266,-0.4542335122410012,0.2710544044396415,0.7049838234184697,-2.597951138301538,-0.37800065772478597,0.5149494342861438,-0.00043740073682761726,-0.07522531679947739,0.3927640580485297,1.0514796186659157,-14.92010944246643,True,False,True,True
267,-0.4609373660698268,0.2670026592524775,0.7092771231649102,-2.5813267124247536,-0.3301760988473128,0.46930460615360337,0.07247378014595926,-0.1158606309497795,0.3939899145941994,1.0592311717964347,1.496473798131539,False,False,False,False
268,-0.4676133488582426,0.26281468125991414,0.7135774354436236,-2.5647013478637497,-0.24885097723437646,0.3750277492179991,0.19361104710795113,-0.20040044133393098,0.3969568417212858,1.0629845058103349,-25.658009840746,True,False,False,False
269,-0.4742588340221486,0.25849023560845874,0.7178847212960973,-2.5480750654781756,-0.3488575015974696,0.4367672440848181,0.41536864209185487,-0.05121752109486915,-31.5397601358377,1.0695943532301981,1.4981098877806072,True,False,True,True
270,-0.48087117840788574,0.2540291365765379,0.7221989419802547,-2.5314478856641327,-0.4015284772756536,0.46806867692247034,0.35944552993000123,-0.04425136572588324,0.39135471558383134,1.073942703221194,1.4995738758941348,False,False,True,True
271,-0.4874477231976256,0.24943124808250794,0.7265200589692533,-2.5148198283644763,-0.39753463805420913,0.46757699508107164,0.5777410828164982,-0.4346945446720309,0.3936191159299981,40.24924048604097,1.4981052162215478,True,False,True,True
272,-0.493985794827467,0.24469648417603265,0.7308480339502883,-2.498190913078886,-0.36146393613230376,0.4292202081388402,0.6406890533861482,-0.46096420557229145,0.3961712809261277,1.0911579632485875,1.4962830278325598,False,False,False,False
273,-0.5004827059179323,0.23982480951254057,0.735182828823404,-2.4815611588737165,-0.3524527312860883,0.4166696581842934,0.6604812451886031,-0.47375134294853205,0.39416919019978924,1.0931851105529873,1.501279074116388,False,False,False,False
274,-0.5069357562165493,0.23481623981047925,0.7395244057003111,-2.4649305843916247,-0.3451140507839927,0.41140575437375415,0.6728364631143683,-0.4800614130258546,0.4002962137147907,1.104119901047649,1.4969134842461271,False,False,True,True
275,-0.5133422335522004,0.22967084229109072,0.7438727269032106,-2.4482992078609866,-0.3522921259783522,0.4139407222424772,0.670947111644739,-0.4833153416723769,0.39696523215527013,1.1118917993669373,1.4980132612447126,False,False,True,True
276,-0.5196994148009132,0.2243887361004374,0.7482277549636248,-2.431667047105104,-0.3348987081185176,0.40035456722657586,0.8271490182815096,-0.3874108603446301,-14.886801549357244,1.1152676469337253,1.4989163843790778,True,False,True,True
277,-0.5260045668627611,0.21897009271341433,0.7525894526212343,-2.4150341195512035,-0.32192210490316586,0.3927111987098554,0.8444996049348572,-0.3952585070442898,0.3993327301900896,1.1231491912607827,1.4982744120630025,False,False,True,True
278,-0.5322549476495381,0.21341513631948966,0.7569577828227213,-2.3984004422392418,-0.24006636036605483,0.3194218435875957,0.9442558768365404,-0.44902789938577725,0.39877538046906014,1.1286113496228214,-20.39104260910217,True,False,True,True
279,-0.5384478070828642,0.20772414418992186,0.7613327087206198,-2.3817660318305087,-0.22957462840120438,0.3144326447055315,1.0988123690871925,-0.3687255345402134,-14.618762824824914,1.136262710479429,1.4984422350422224,True,False,True,True
280,-0.5445803881023755,0.20189744702620788,0.7657141936721719,-2.3651309046160436,-0.16806179464847001,0.4729122836809032,1.1648572202845664,-0.18572424818673416,0.4020238461305462,1.1404800731393983,1.4963975074775855,False,False,False,False
281,-0.5506499276836438,0.19593542928952418,0.7701022012381906,-2.348495076524863,-0.15202185504322593,0.4183234529932279,1.184219538975618,-0.24454318445459225,0.39931171414711514,1.1459895619029339,1.4985654187708009,False,False,True,True
282,-0.5566536578654692,0.18983852951092783,0.7744966951819291,-2.331858563132005,-0.1358770424195085,0.4138882195929885,1.2025135913328273,-0.25060049433339737,0.40014913949255543,1.1558162201253066,1.4944938737941864,False,False,False,False
283,-0.5625888067861808,0.18360724058209293,0.7788976394679554,-2.315221379666396,-0.12005582186091705,0.4580268313831429,1.2710405176841968,-0.19475511421583808,0.4014912925533018,1.1646896974937386,-36.95599768856417,True,True,True,True
284,-0.56845259972858,0.17724211002636356,0.7833049982610347,-2.298583541018541,-0.10518337093230455,0.4747094581869278,1.2852669828809309,-0.1796706779725894,0.39591812967799284,1.1691993129458869,1.5004829394504653,False,False,True,True
285,-0.5742422601731486,0.17074374024991187,0.7877187359250166,-2.2819450617480457,-0.09090262667807199,0.4727131173205657,1.298790632359895,-0.18366953437937594,0.40145959842524775,1.1792158648886357,1.4979388581777597,False,False,True,True
286,-0.5799550108591498,0.16411278877279695,0.7921388170217295,-2.2653059560909687,-0.07625580308499996,0.47477982413056447,1.3128599878360865,-0.18334965480845777,0.40056052699899813,1.183201571321513,1.4984375203055107,False,False,True,True
287,-0.5855880748532344,0.15734996843972693,0.7965652063098804,-2.248666237967012,-0.061668469886821224,0.47274260574380383,1.3265745945985763,-0.1868617936251858,0.4037259919231771,1.1874374034209385,1.4990637551533559,False,False,True,True
288,-0.5911386766251691,0.15045604761033482,0.8009978687439613,-2.2320259209865507,-0.04663005598041412,0.4737304964949895,1.3556210632341306,-0.16992764744060515,-34.708193512181936,1.1944260587326263,1.5000153948770312,True,True,True,True
289,-0.5966040431302942,0.14343185032878494,0.8054367694731615,-2.215385018457507,-0.033282754084293265,0.4164098968870197,1.372177874324945,-0.22908433193627684,0.4069161488863589,1.2041118585020958,1.4978015386345516,False,False,False,False
290,-0.6019814048983166,0.136278256472535,0.8098818738402859,-2.1987435433920717,-0.019478420293714837,0.3675017851077338,1.4026781442340177,-0.2608186550111332,25.91497506659279,1.2097900066878524,1.5000534984256095,True,True,False,False
291,-0.6072679971280371,0.1289962018800861,0.8143331473806793,-2.182101508513276,-0.0051459996560621795,0.3244281726899435,1.433240002894377,-0.2860408147379818,-28.17101477219548,1.2129900616080456,1.4966754750602977,True,True,False,False
292,-0.6124610607876118,0.1215866784575606,0.818790555821157,-2.165458926261416,0.0092853323730307,0.28302658470224556,1.463556000052292,-0.30903250868663157,0.4093807513363916,1.225208256949603,-36.98220189885905,True,True,True,True
293,-0.6175578437199383,0.11405073426395548,0.8232540650789407,-2.1488158088003386,0.02537301857444781,0.27828557275909876,1.4784994151821993,-0.3132023006211007,0.40991757039760046,1.2277784199448754,1.4997725899234524,False,False,True,True
294,-0.6225556017527581,0.1063894735749265,0.8277236412606009,-2.132172168023581,0.039492528469828744,0.24512447622295744,1.4939407208952855,-0.34538097533779205,0.40812325956460627,1.2343224268242141,1.4971578802278862,False,False,False,False
295,-0.6274515998130611,0.09860405692496656,0.832199250661005,-2.1155280155603813,0.05609186981310969,0.2412869098303153,1.5218888264156953,-0.3290099217478317,0.4098368357639275,1.2410571411968614,19.430714026176073,True,True,True,True
296,-0.6322431130453742,0.0906957011278495,0.836680859762271,-2.0988833627815486,0.07050400576917935,0.2029582848410283,1.5513441003372592,-0.34706507602740433,28.826563660770233,1.2492323312427251,1.4968833797150676,True,True,False,False
297,-0.6369274279335161,0.08266567927521819,0.8411684352327276,-2.0822382208052086,0.08373609821716359,0.1773091006204684,1.5780989681948643,-0.35267474943317395,15.767355783680623,1.259748333776407,1.4988002931328348,True,True,True,True
298,-0.641501843425393,0.07451532071320449,0.845661943925879,-2.0655926005024168,0.10283975874421598,0.14170374675397107,1.5986834611741012,-0.3847007222989993,0.4071416818850914,1.2621800902910751,1.494511779431839,False,False,True,True
299,-0.6459636720604109,0.06624601099697633,0.8501613528793772,-2.04894651250265,0.12138249652373943,0.11176973326978853,1.6299082446380586,-0.3915173992880048,0.4125107789602255,1.269638502739424,28.407126150091422,True,True,True,True
300,-0.6503102410990761,0.0578591918231153,0.854666629313998,-2.0322999671991746,0.1401394046582666,0.11662608604728679,1.6575615602534746,-0.3649255296513054,27.381353257628426,1.2802993052595855,1.4966371993734722,True,True,False,False
301,-0.6545388936543504,0.04935636093973687,0.8591777406326239,-2.015652974754295,0.15667822683958235,0.12450030345925493,1.6824083104165202,-0.336269772366313,0.41449224604720647,-36.5834032700506,1.4941030606404877,True,True,True,True
302,-0.6586469898243319,0.04073907203427302,0.8636946544192328,-1.9990055451044866,0.17659045886681798,0.11947336318297175,1.7003055247376828,-0.33880065498417156,0.4104798277434493,1.2925075988895909,1.4984374073738222,False,False,True,True
303,-0.6626319078258222,0.03200893459884606,0.8682173384378914,-1.9823576879654148,0.18909971654850807,0.12637850881076118,1.7099313303257826,-0.331866623819894,0.41363692942923047,1.2990302427776963,1.5015723602569726,False,False,True,True
304,-0.6664910451283438,0.023167613773170163,0.8727457606317549,-1.9657094128368409,0.20562329665085888,0.12502968324793343,1.7236362134549401,-0.3312624694761884,0.4136662236704554,1.3063599858768724,1.5005109039359903,False,False,True,True
305,-0.6702218195881691,0.014216830164926324,0.8772798891220723,-1.9490607290074204,0.21985160594090186,0.12918232240350122,1.7346492558526707,-0.32598521817117787,0.4150033341546912,1.3101493217728633,1.4993749639392335,False,False,True,True
306,-0.6738216705819183,0.0051583596475642465,0.8818196922071966,-1.9324116455593945,0.23468430327218892,0.1327453875278432,1.7460404781940513,-0.320861276467544,0.41088001708912647,1.316942992573281,1.4988747060194378,False,False,True,True
307,-0.677288060139285,-0.004005966864506258,0.886365138361601,-1.9157621713731765,0.2540847530299006,0.1291802622337594,1.7628521445712904,-0.3211786080943929,0.4129856646861802,1.327052352260592,1.4996361599104682,False,False,True,True
308,-0.6806184740744438,-0.013274263663363504,0.8909161962349008,-1.8991123151318374,0.2683849957203974,0.13131620839320252,1.7730316607540342,-0.3171175779675074,0.41523035921413154,1.3318270232947471,1.4996903330876947,False,False,False,False
309,-0.6838104231156971,-0.022644590517682202,0.8954728346508798,-1.8824620853254912,0.29048389022669213,0.12430150868170727,1.7914613500121805,-0.3191399813757548,0.41648652219590054,1.3392508390022397,25.719264585059193,True,True,True,True
310,-0.6868614440329122,-0.03211495296551354,0.900035022606523,-1.8658114902555822,0.30942070241642605,0.11900246133261011,1.8069607314928497,-0.32056272104182987,0.4169650310125494,1.3434284190141608,1.498560093171452,False,False,True,True
311,-0.6897691007623031,-0.04168330262974022,0.9046027292710547,-1.8491605380390785,0.32134975274088673,0.1278358446030667,1.8143130037926665,-0.3106563502567305,0.4147259863893398,1.3527186635611697,1.4976898323568233,False,False,False,False
312,-0.6925309855281093,-0.05134753755620079,0.9091759239849809,-1.8325092366125713,0.3398978276691722,0.12417803679432755,1.8286855803753206,-0.3101398619412292,0.41261875173196405,1.359427125719657,1.5027723058534581,False,True,True,True
313,-0.6951447199607211,-0.06110550257446909,0.9137545762591385,-1.8158575937362826,0.3588347070466062,0.12079448436053845,1.84314812158565,-0.3090697802010773,0.41648168444494243,27.51548180767965,1.4972529584898662,True,True,True,True
314,-0.697607956210806,-0.07095498968126554,0.9183386557737482,-1.7992056169979858,0.373400106206066,0.1282268624906907,1.851847383162509,-0.29905320735666024,0.41699106633600785,1.3751953616488355,-31.194164282929584,True,True,False,False
315,-0.6999183780589834,-0.08089373844646867,0.9229281323774743,-1.7825533138168361,0.3903686560652308,0.13336316372027812,1.8643501420712338,-0.29093365522715636,0.41503995948413813,1.3800219053525318,1.4983961555060645,False,False,True,True
316,-0.7020737020206022,-0.09091943644168618,0.9275229760864884,-1.7659006914471194,0.408147271259476,0.13681908331149922,1.8776266502911225,-0.28405544925239473,0.41862188590162325,1.3867806566298688,1.5015108483564183,False,False,True,True
317,-0.7040716784451688,-0.10102971969133612,0.9321231570835388,-1.749247756981915,0.4311082328034198,0.13039392384692483,1.8968259585307827,-0.28473536331916627,0.4183337232911408,1.394573617574739,1.4992960700884346,False,False,True,True
318,-0.7059100926099802,-0.11122217314618016,0.9367286457170253,-1.732594517356678,0.45424934564723013,0.12397757001780649,1.9150400547288056,-0.284799742265996,0.41980924963057414,-24.44353195505949,1.4968405648368328,True,True,True,True
319,-0.7075867658075108,-0.12149433117924191,0.9413394125000789,-1.7159409793527425,0.46637837834929646,0.13345264919770428,1.9207574887546521,-0.2730154992100892,0.4193434141308651,1.404603347726166,1.4958104826927912,False,True,True,True
320,-0.7090995564261087,-0.1318436781040345,0.9459554281096464,-1.6992871496007464,0.4877201282243482,0.1304191436509255,1.9380192396459623,-0.2706927151628426,0.4236507751401791,1.4137133900881178,1.5025575621730762,False,False,True,True
321,-0.7104463610235515,-0.14226764871501293,0.9505766633855804,-1.68263303458398,0.5093598730331537,0.12334386680107726,1.9549806079404644,-0.27160835066997285,0.4204560473693708,1.4253775498804329,1.5027709287021445,False,False,True,True
322,-0.7116251153930185,-0.15276362885015796,0.9552030893297346,-1.6659786406416601,0.5254622085278922,0.13000305245988925,1.965415125724021,-0.26140685152362647,0.41739639757171354,1.4292054105769685,1.5002806033858647,False,False,True,True
323,-0.712633795621033,-0.16332895597558925,0.9598346771050633,-1.6493239739721326,0.5466864083561859,0.12476825508288224,1.9820310565759034,-0.2605992906545539,0.4196944156669073,1.432917018485383,1.500399753794659,False,False,True,True
324,-0.7134704191369317,-0.1739609197920971,0.9644713980347266,-1.6326690406360018,0.5672607143547951,0.12157445298267262,1.9977821796538904,-0.2579284159207499,0.4180386487685944,1.4411388040650284,1.497156610470479,False,False,True,True
325,-0.7141330457534201,-0.18465676286347296,0.9691132236012003,-1.6160138465591927,0.5881801034353535,0.11867005805568168,2.0136166162855598,-0.25480918182105555,0.4231043809441637,1.452208949503147,1.4994470580201664,False,False,True,True
326,-0.7146197786977736,-0.19541368126651062,0.9737601254453911,-1.5993583975359422,0.6098552110821068,0.1156053030493103,2.0290456465826807,-0.2512828964536861,0.4224012661506143,22.3459232439088,1.5011803550228342,True,True,True,True
327,-0.7149287656332444,-0.206228825262541,0.9784120753657563,-1.5827026992317268,0.6334936045782634,0.11175460466676525,2.0473832057467547,-0.2480710568003635,0.42166315950407796,1.462338524789607,1.5029161253504086,False,False,True,True
328,-0.7150581996702399,-0.21709929999035454,0.983069045317428,-1.5660467571861236,0.653446174056618,0.11130946044653345,2.061518711182953,-0.24251771811255154,0.42372204876442804,1.4700151454323176,1.5023614207399483,False,False,False,False
329,-0.7150063203668376,-0.22802216618035742,0.9877310074113436,-1.549390576815608,0.6771049062567162,0.10794872629223279,2.0795492178752317,-0.23856285738539315,0.4227926456855223,1.476967064780276,1.5003028018255649,False,False,True,True
330,-0.7147714147182044,-0.238994440889798,0.9923979339133793,-1.532734163416289,0.696781836288965,0.10856770594093001,2.09300632762747,-0.2318601458349277,0.42582688578157135,1.4825225696954407,1.5011101846549684,False,False,True,True
331,-0.7143518181344903,-0.2500130982588923,0.9970697972434901,-1.5160775221665845,0.5325711139390289,0.022839248960264943,1.9687097897920616,-0.34424538816642025,0.4252681156996046,1.4944142224174124,1.4982694441506625,False,False,False,False
332,-0.7137459154067726,-0.26107507028766863,1.0017465699748533,-1.4994206581298364,0.5515080664287793,0.020381110776504535,1.9835657303413854,-0.33943340514110637,0.4248804987547408,1.4947022387412905,41.17190944778188,True,True,True,True
333,-0.7129521416606224,-0.27217724763334206,1.0064282248330176,-1.4827635762568678,0.5709971433346582,0.01922124461298534,1.998325687751938,-0.33311491372443375,0.4247169422184222,1.5025782664208427,-30.386789880925157,True,True,True,True
334,-0.7119689832968764,-0.28331648042802254,1.0111147346950564,-1.4661062813884838,0.47085457184793067,-0.05041193447839638,1.9266870966531868,-0.4142623365577123,0.4252730593640292,1.511968153121487,1.499934797711598,False,False,True,True
335,-0.7107949789191946,-0.29448957911655055,1.015806072588726,-1.4494487782579157,0.4864999741121893,-0.05501299843736573,1.9400901737933316,-0.41101825394728425,0.42435633677936174,28.619673495416695,1.4996488892200255,True,True,True,True
336,-0.7094287202479889,-0.30569331531424676,1.020502211691628,-1.4327910714932122,0.4101489552183611,-0.10954137659587883,1.8873172740110373,-0.47222967122627424,0.42852714028337313,1.524245411063906,1.4986754425977107,False,False,False,False
337,-0.7078688530203127,-0.3169244226843539,1.0252031253303782,-1.4161331656195761,0.37502780488966503,-0.14802137978293034,1.8655294863649428,-0.5094035009322213,0.43006716216461116,1.5378993853514977,1.4988578250273685,False,False,True,True
338,-0.7061140778753049,-0.32817959783493955,1.0299087869797774,-1.3994750650616503,0.33276192768296303,-0.190959680249421,1.8406193264770334,-0.5515205885146255,0.43243969272944405,1.53703558414606,1.500930864190823,False,False,False,False
339,-0.7041631512247829,-0.33945550123502266,1.0346191702619885,-1.3828167741457527,0.3167383443686436,-0.22721454227190258,1.8343123034170739,-0.5812481737719154,0.4246929896186871,1.552135251052935,1.4998262777032139,False,True,True,True
340,-0.7020148861085863,-0.35074875814967577,1.0393342489457182,-1.36615829710206,0.3356811664133152,-0.2371294243146319,1.8533611371616447,-0.5796405344450594,0.4297200469585124,1.5541468347716916,1.5000132856296935,False,False,True,True
341,-0.6996681530342767,-0.36205595959384934,1.0440539969454026,-1.3494996380667459,0.3033774881772302,-0.27509218053358164,1.8350422238840058,-0.6136287745664061,-20.24630103612775,1.5649899613355676,1.500359917064221,True,True,False,False
342,-0.6971218808008007,-0.3733736633046549,1.0487783883203972,-1.3328408010840682,0.31637656480230464,-0.2818192285097179,1.8483757517834012,-0.6097218967764357,0.4301566167708346,1.5696333316990525,35.14648480280264,True,True,True,True
343,-0.6943750573057319,-0.3846983947318364,1.0535073972741726,-1.3161817901084132,0.29603152902889984,-0.3163118696229233,1.8379508337018178,-0.637303799160725,0.43049836907320616,1.5766022879310486,1.5015052062701082,False,True,True,True
344,-0.6914267303357068,-0.39602664804615206,1.0582409981535137,-1.299522609006291,0.31645320495892004,-0.32339302294693134,1.8576289411142881,-0.6313882147095539,0.4296346378089952,1.5827461709940864,1.4971759367140758,False,True,True,True
345,-0.6882760083396808,-0.40735488716537943,1.0629791654477225,-1.2828632615582902,0.3088574989397735,-0.34863069705804905,1.8562905727437973,-0.6475669861449118,0.42981043516101985,1.58798559187199,1.4980896511628872,False,False,True,True
346,-0.6849220611846301,-0.41867954679765085,1.0677218737878278,-1.2662037514609856,0.3157314951380033,-0.3587741207851794,1.8670394541880464,-0.6466237997295755,0.4309507782231083,1.5973355710484958,1.5003395546427405,False,False,True,True
347,-0.6813641208933314,-0.42999703350181734,1.0724690979457967,-1.2495440823288064,0.2894072704174869,-0.3850725682232956,1.8524969579846953,-0.6672177353879789,0.4364402022146982,1.6064533938347836,1.5020068979178154,False,False,False,False
348,-0.6776014823638605,-0.44130372676453206,1.0772208128337522,-1.2328842576958607,0.30999056995065016,-0.39248609861649536,2.2987436297754646,-0.5744365050141275,0.42972380248941633,40.75839695234195,1.500208626226436,True,False,True,True
349,-0.6736335040704493,-0.4525959800937372,1.0819769935031942,-1.2162242810177213,0.291448807344273,-0.41526349926070155,2.2860082711051946,-0.5905876731876609,0.4298351359002152,1.6170757578145274,1.499105634011281,False,False,False,False
350,-0.6694596087453532,-0.46387012212823064,1.0867376151442258,-1.1995641556731702,0.3168488992454418,-0.42182558451834223,2.3059492233843315,-0.5832210156715568,0.4369390543217661,1.6296915810847221,1.4997798336518395,False,False,True,True
351,-0.6650792840413813,-0.47512245776298123,1.0915026530847827,-1.1829038849659055,0.3424705572830455,-0.428305818025804,2.418861281157471,-0.9383234039438102,34.1494121354124,1.6328226736414835,1.497281381154038,True,False,True,True
352,-0.6604920831747518,-0.48634926928985517,1.0962720827898673,-1.1662434721262096,0.36934679374035073,-0.43873163362517964,2.5333305778588993,-1.2736559728854238,32.50022585914791,1.6383400252378126,1.5009031617404203,True,False,True,True
353,-0.6556976255479365,-0.49754681755340835,1.1010458798607878,-1.149582920312581,0.3620721959812466,-0.4599307796881237,2.5177972992140933,-1.2818541704135011,0.4368847363728173,1.6434785592834558,1.4999113560495987,False,False,False,False
354,-0.6506955973521682,-0.5087113431213925,1.1058240200344007,-1.1329222326133292,0.3729916575232733,-0.47729260583334,2.5203834313999884,-1.2814687760967511,0.43403363627932606,1.652659333497603,1.5018084081030487,False,False,False,False
355,-0.6454857521492896,-0.5198390674696173,1.1106064791823578,-1.116261412048135,0.391279998031837,-0.49263031832792076,2.473509571803618,-1.085603599905816,-17.538800684035802,1.6615662240290225,1.4989552471105163,True,False,False,False
356,-0.6400679114326284,-0.5309261941808016,1.1153932333103571,-1.0996004615695743,0.41876343771854385,-0.5046925805490965,2.493373044298532,-1.0770237940400558,0.43395084952681034,1.667206674026266,1.5001410025900366,False,False,True,True
357,-0.6344419651665894,-0.5419689101570437,1.1201842585573984,-1.0829393840646118,0.4464675826551942,-0.516659511593986,2.5131718825654117,-1.068098305238507,0.4366873832675398,1.674770163815143,1.5033474004117036,False,False,True,True
358,-0.6286078723046621,-0.552963386845531,1.1249795311950426,-1.0662781823560556,0.34203445413729305,-0.5052567572561785,2.3997260394034865,-1.0812645310875766,0.43923152209302596,1.683215051379637,33.746624355687544,True,False,False,False
359,-0.6225656612855498,-0.5639057814771046,1.129779027626675,-1.0496168592039856,0.3686980767973318,-0.5172708076015959,2.613817158802028,-1.3843605860130141,33.912652167365124,1.6919575256540016,1.5003249409959334,True,False,True,True
360,-0.6163154305071296,-0.5747922383172874,1.1345827243867737,-1.0329554173071473,0.5155457497791752,-0.6336899753337863,2.6829874283118933,-1.4646918141044745,0.4371065413988627,1.7021443727955425,1.503837620859774,False,False,False,False
361,-0.6098573487779635,-0.5856188899293809,1.1393905981401804,-1.0162938593043127,0.5846611066988052,-0.6774181825364245,2.7292302636091184,-1.4723887623075531,0.4402388927416984,1.7064524589857397,1.5011802164298462,False,False,True,True
362,-0.6031916557460865,-0.5963818584492242,1.1442026256813769,-0.9996321877756151,0.4404395192317758,-0.584161565657521,2.7584270180814,-1.6907064204598785,30.089564043540257,1.7134331447756397,1.5044507068127562,True,False,False,False
363,-0.5963186623048035,-0.6070772568712087,1.1490187839337642,-0.9829704052438517,0.463477629022691,-0.5980356978729734,2.772053084893538,-1.676130407196664,0.44191136645842033,1.719867995339929,1.4980869296989936,False,False,True,True
364,-0.5892387509752375,-0.6177011903451345,1.153839049948947,-0.9663085141757568,0.49427821885484147,-0.6166593690640474,2.828956999430927,-1.737381685567219,0.43766321186072454,34.5752601979758,1.4984792771120843,True,True,True,True
365,-0.581952376265375,-0.6282497574834857,1.1586634009060208,-0.9496465169832495,0.37336448568206904,-0.5370680249041014,2.7614840072643654,-1.7426924702010727,0.43808232561914384,40.58373026798684,1.4997331191750438,True,True,False,False
366,-0.5744600650053654,-0.6387190516787018,1.1634918141108639,-0.9329844160246497,0.31740830381534174,-0.49968203406468437,2.710468050993862,-1.697817346823912,0.43868969987761164,1.738294771537306,1.4996711701094034,False,False,False,False
367,-0.566762416658837,-0.6491051624300127,1.1683242669954332,-0.9163222136058704,0.3475246154930513,-0.5185466712516167,2.7284585006876867,-1.6866210395791699,0.44069130675209583,1.751407233768933,1.5004009564756615,False,False,True,True
368,-0.5588601036100015,-0.6594041766794018,1.1731607371170636,-0.8996599119815825,0.30481242308573686,-0.4900173523941108,2.68948431680579,-1.645989506240995,0.44080654326875934,1.7602932269413762,1.502536253882292,False,False,False,False
369,-0.5507538714263253,-0.6696121801562563,1.1780012021577713,-0.882997513356353,0.30447571518745115,-0.48804245899907156,2.6819211995354424,-1.6232015168032703,0.4417399596883108,1.7612808833742686,1.5012747469281653,False,False,True,True
370,-0.5424445390965547,-0.6797252587302586,1.1828456399235614,-0.8663350198857582,0.3041473699825499,-0.48802119979533864,2.6789732466957275,-1.598570042130632,0.4374228803022009,1.7697236976281268,1.5001200387413713,False,False,True,True
371,-0.5339329992438907,-0.6897394997720675,1.1876940283437392,-0.849672433677473,0.3059867901461091,-0.48713875100944065,2.672600138601428,-1.5763024013078089,0.44127882757779163,1.7784693896328678,1.4993081688591021,False,False,True,True
372,-0.5252202183141167,-0.699650993521336,1.1925463454702245,-0.8330097567923347,0.11774195528416598,-0.3711994590381348,2.5373827821906523,-1.464387489602349,0.44142472653025105,1.7868998268836842,-20.781911911417495,True,False,True,True
373,-0.5163072367384899,-0.7094558344616034,1.1974025694768715,-0.8163469912453847,0.05587698101052857,-0.3451952418828933,2.496689822691611,-1.422440669770668,0.44463078687828195,1.7971343737088306,1.5010212503422018,False,False,True,True
374,-0.5071951690712186,-0.7191501227016,1.2022626786587902,-0.7996841390068856,-0.042402136489601866,-0.3183353014854367,2.4304670605458107,-1.3811578850581547,0.4435919100772723,1.7997379041403265,1.5006049871544176,False,False,True,True
375,-0.49788520410135234,-0.7287299653624943,1.2071266514316734,-0.783021202003316,-0.049059590544071136,-0.3254458531747008,2.4529286534022035,-1.4015754651060914,0.4468644934729579,-37.547039685520076,1.501229758803709,True,True,True,True
376,-0.4883786049389223,-0.7381914779706139,1.211994466331127,-0.7663581821183443,-0.021804827728491096,-0.34101891389810185,2.4698415548259565,-1.3896758667943163,0.44155650664803625,1.816736593951672,1.5045906175015225,False,False,True,True
377,-0.47867670907517984,-0.7475307858551598,1.2168661020120035,-0.7496950811937793,-0.004550860628342134,-0.3534898743886312,2.480769163456797,-1.3726519404860367,0.44509553668336344,1.8208457546810233,1.4972668166058232,False,False,False,False
378,-0.46878092841678537,-0.7567440255504385,1.2217415372477394,-0.7330319010305009,0.024972515177517154,-0.3690591953144336,2.498850645644561,-1.3593104276016978,0.4420386547203678,1.8281374029516273,1.5031877125690238,False,False,True,True
379,-0.4586927492938132,-0.7658273462021278,1.2266207509296965,-0.7163686433893695,0.047637711200085565,-0.38262302564246975,2.5115661683878385,-1.344020071627896,0.4436310425583095,1.83517192552975,1.5012344600841399,False,False,False,False
380,-0.44841373244144395,-0.7747769109770886,1.2315037220665068,-0.6997053099921149,0.068760025843142,-0.3955503655570002,2.5375666079254757,-1.3440833843852162,36.52935703949529,1.8418290441385414,1.497742485049043,True,True,True,True
381,-0.43794551295522616,-0.7835888984762353,1.2363904297834214,-0.683041902522207,0.09346918522049358,-0.4092877616927575,2.550985473561777,-1.3284151873572136,0.44206307474516054,1.8502449844650077,1.5015810778255254,False,False,True,True
382,-0.4272898002197983,-0.7922595041499715,1.2412808533216617,-0.6663784226257041,0.11936435465321087,-0.42320649897616724,2.5648137160729587,-1.313014812062571,0.44741911371964305,1.8599776014595661,1.498023105881932,False,False,False,False
383,-0.4164483778109704,-0.8007849417156957,1.246174972037776,-0.6497148719120869,0.14355105565861698,-0.43663646444581267,2.5767645789195024,-1.2976367904827908,0.445896325918201,1.8652778449564635,1.5033075568306031,False,False,False,False
384,-0.4054231033710743,-0.809161444576879,1.2510727654029983,-0.6330512519550684,0.17465782406252625,-0.4515024144369059,2.5934507836987026,-1.2829549604184702,0.4470117678898361,1.8743049976685802,-27.91484538538913,True,True,True,True
385,-0.39421590845750115,-0.817385267243215,1.2559742130026113,-0.6163875642933911,0.1989246746595438,-0.46409206430600486,2.6050395077641824,-1.265907972451211,0.44527030507741844,1.8800818615043924,1.502363534530982,False,False,True,True
386,-0.3828287983643535,-0.8254526867513389,1.2608792945353129,-0.5997238104316027,0.22393928338171842,-0.4768861607392944,2.616710519746251,-1.2492568082690798,0.44351889500004105,1.8892841809485126,1.4978561030986586,False,False,False,False
387,-0.3712638519171488,-0.8333600040856106,1.265787989812586,-0.583059991840817,0.2513028335070736,-0.49008208566041717,2.6299140777310512,-1.232598508332408,0.4436353884892772,1.8942579540283333,1.5025610862889534,False,False,True,True
388,-0.3595232212405205,-0.8411035455984561,1.2707002787580715,-0.5663961099594563,0.27745570312172074,-0.5032021069131216,2.6416378419823077,-1.2168088229051537,0.44603908408366905,1.9028153437659059,1.4994946572203234,False,False,True,True
389,-0.3476091314988737,-0.848679664429757,1.2756161414069465,-0.5497321661939778,0.30931444410812126,-0.5171282427985562,2.6574797225918574,-1.2005786585504956,37.6804340144251,1.9138112719639908,1.4963700816855074,True,True,True,True
390,-0.33552388060995897,-0.8560847419247793,1.2805355579053028,-0.5330681619195841,0.3315792324606317,-0.5271111229538791,2.665109304821618,-1.1803985211326082,0.45077003847129565,1.9200576803907077,1.4966279528467044,False,True,False,False
391,-0.3232698389313408,-0.8633151890501304,1.2854585085095327,-0.5164040984809173,0.3628397592428949,-0.5405106620498065,2.6805511878121835,-1.1633888004339523,0.4485072051160939,1.9244168217036541,1.5006587378526948,False,False,True,True
392,-0.3108494489197442,-0.870367447807228,1.2903849735857142,-0.49973997719273955,0.35468553696009836,-0.5330202445794932,2.659810877424028,-1.1316698823682185,0.4474506507553508,1.9325405798791708,1.5011569912629998,False,False,True,True
393,-0.29826522476327416,-0.8772379926427721,1.2953149336090035,-0.4830757993405954,0.3698309929070709,-0.5377604755822964,2.659802191467341,-1.1081449961903662,0.4458803331561562,1.9428651952774247,1.4992595524662613,False,False,True,True
394,-0.2855197519865114,-0.8839233318557008,1.3002483691630276,-0.46641156618146207,0.39295872679155164,-0.5462269195042297,2.6660356696613676,-1.0879725915392224,0.45099362689820605,1.9485085480180135,32.88641945119144,True,True,True,True
395,-0.2726156870284983,-0.8904200090001166,1.3051852609392824,-0.4497472789443835,0.4039794964101275,-0.5510280686518888,2.6608686965581656,-1.0685122228105246,0.44999828916620715,1.9491780252890056,22.791155336983234,True,True,True,True
396,-0.25955575679363796,-0.8967246042836668,1.3101255897365334,-0.4330829388310917,0.40828667440607447,-0.5512645538274149,2.648982096308716,-1.0450173243974021,0.45185437819823504,1.962580309709858,1.500193412505573,False,True,False,False
397,-0.24634275817553924,-0.9028337359608608,1.3150693364602193,-0.41641854701661396,0.4137876069307292,-0.5518566048939981,2.7602318706352276,-0.7999547613629828,0.44662110348106004,24.692636661616902,1.5053504655278978,True,True,True,True
398,-0.23297955755385108,-0.9087440617208085,1.32001648212186,-0.3997541046498654,0.3947730940254672,-0.5211640994568744,2.7140770773265555,-0.7288485910579199,0.45101401830749477,1.9754469091595743,-23.86565120375305,True,False,True,True
399,-0.21946909026413777,-0.9144522800688628,1.324967007838467,-0.3830896128542296,0.36347203942192285,-0.2480980580964225,2.8636617758421608,-0.6686053157810777,27.745086009859293,1.9829556171126699,1.5027617958091726,True,False,True,True
400,-0.20581436004085818,-0.9199551317016501,1.329920894831957,-0.3664250727281262,0.41779847133275355,-0.3638928394753046,2.9202530583801383,-0.7156446297373026,0.4481532427618066,1.9928634333794961,1.4990536835794603,False,False,True,True
401,-0.1920184384335206,-0.9252494008749717,1.3348781244285695,-0.34976048534556625,0.43837442272577276,-0.3873858814077566,2.646854188245212,-0.5554884547877891,-27.962849400621128,1.9964448352134443,1.5023480780972052,True,False,True,True
402,-0.1780844641960952,-0.930331916764062,1.3398386780582874,-0.33309585175669243,0.47221428825242784,-0.4041351248408317,2.663148629910382,-0.5436401670371801,0.4512342686074641,2.00539368223423,1.4998456785821968,False,False,True,True
403,-0.1640156426497757,-0.9351995548156884,1.3448025372542598,-0.31643117298831225,0.4996273952770356,-0.4283086396794205,2.6749740471863515,-0.5388779254648098,0.4536431600154992,2.0144198483073423,1.503382942377479,False,False,True,True
404,-0.14981524501919188,-0.9398492380915779,1.34976968365223,-0.2997664500444146,0.5101062520217604,-0.45607691872625944,2.671936092614826,-0.5382869125456095,0.4502748941207986,2.02223044578061,1.499804506873235,False,False,False,False
405,-0.1354866077421839,-0.9442779386026597,1.3547400989899645,-0.2831016839066778,0.5193840339256361,-0.48195539894890527,2.6670006590613906,-0.5369138495761052,0.4510621517736615,2.0328185533591983,1.499538480251648,False,False,False,False
406,-0.12103313175325969,-0.9484826786336106,1.3597137651066868,-0.26643687553496465,0.5285947736124672,-0.5013690253116632,2.53462332656928,-0.8547222774237475,0.45482291215069504,-29.25788309683985,1.5004094477156151,True,False,False,False
407,-0.10645828174086613,-0.9524605320571942,1.3646906639425138,-0.249772025867808,0.5494937923094994,-0.35252334171425925,2.5052135729080445,-0.6870039811593136,0.45658271084854546,2.04264777899621,-25.74848497995214,True,False,True,True
408,-0.09176558537861454,-0.9562086256378861,1.369670777537895,-0.23310713582288445,0.5035796719297864,-0.4864548776250266,2.488284126816592,-0.7658211113416248,0.45268674458807917,2.049041529888446,1.5007655930054962,False,False,True,True
409,-0.07695863253061073,-0.9597241403242777,1.3746540880330547,-0.216442206297478,0.5718628886894604,-0.20812379887141486,2.4597756866571103,-0.4792355112176619,0.453181891383394,2.058839892541995,-21.789502046045502,True,False,True,True
410,-0.06204107443104976,-0.963004312529754,1.379640577667439,-0.19977723816893223,0.5991937296523172,-0.21344863788494442,2.2599845912836036,-0.31176143297167064,-22.884941606176866,2.067296111250777,1.4994971640577501,True,False,True,True
411,-0.04701662283824475,-0.9660464354009457,1.384630228779163,-0.1831122322950951,0.6446275394232004,-0.3205862376792916,2.689292130050248,-0.5865829197138466,39.28861585228279,2.074002908932999,1.5013230765502215,True,False,True,True
412,-0.03188904916326946,-0.9688478600734526,1.389623023804464,-0.16644718951475035,0.6567921065109391,-0.35316086465400653,2.6977881292360815,-0.5544661088960784,0.45253472987209686,2.0841755626984875,1.5011756877467708,False,False,False,False
413,-0.016662183573403214,-0.9714059969143434,1.3946189452771554,-0.1497821106480428,0.6669876402552025,-0.3690439555913771,2.6903974167095135,-0.5359640082893634,0.45638718371634,2.087522165783729,1.5017247630459303,False,False,True,True
414,-0.001339914070576896,-0.9737183167509371,1.3996179758280847,-0.1331169964968919,0.698513330099083,-0.3710713068180944,2.697282639702143,-0.5106316063327652,0.45717495565931415,2.093865930636995,1.4960206138557082,False,False,True,True
415,0.014073814454971984,-0.9757823520853742,1.4046200981845953,-0.1164518478453962,0.7753608583546839,-0.3126539284372006,2.7279808670239727,-0.44102131235940945,0.4552430431228408,2.100534540104616,20.415388075039367,True,False,True,True
416,0.029575001195617644,-0.9775956982944896,1.4096252951699895,-0.09978666546022996,0.7521247722760007,-0.40613622937341537,2.7062266738468774,-0.5155398204514775,0.45384411169781724,2.1068527348080672,1.5009949000650287,False,False,True,True
417,0.04515959042161077,-0.9791560148145023,1.4146335497029956,-0.08312145009103045,0.7527682715422926,-0.4109378415830044,2.6801446536542275,-0.5106109549747666,0.4564679521250944,2.1176012718869517,1.5017898633758786,False,False,True,True
418,0.06082347250045322,-0.9804610263100411,1.4196448447972383,-0.06645620247077622,0.7335484591521193,-0.3976222531879794,2.629881866902113,-0.5128969379845341,0.45994581051190575,2.124320941885071,23.0687705718964,True,False,True,True
419,0.07656248494013704,-0.981508523827027,1.4246591635607104,-0.04979092331615709,0.7999617253916204,-0.4417985867733527,2.8721279992234487,-0.5479626969896704,17.71147657767787,2.1309831216798014,1.497827807182232,True,False,True,True
420,0.09237241345599267,-0.9822963659289405,1.4296764891952496,-0.033125613327936954,0.8406256966639175,-0.47728298880864445,2.8925056348534497,-0.5656865616372826,0.45613967463746474,2.1408610796112133,1.5003370735545318,False,False,True,True
421,0.10824899306088212,-0.9828224798160015,1.4346968049960167,-0.01646027319130683,0.8706360439481383,-0.5066148126311509,3.117742101219197,-0.5891152167434175,20.043995520441594,2.1477055551831525,1.503219634087998,True,False,False,False
422,0.1241879091784637,-0.9830848624267983,1.4397200943509771,0.00020509642376831394,0.8961168609995093,-0.5352428482187468,3.1574505602694,-0.5957786403480303,0.4549583846877215,39.83192940876139,1.4966247622818354,True,True,True,True
423,0.14018479877924586,-0.9830815815219037,1.4447463407403853,0.016870494862212482,0.9311996450025026,-0.5418626108892804,3.1988473435745632,-0.5767096975950513,-18.2022809988365,2.1635148076682453,1.4999516445711194,True,True,True,True
424,0.15623525153913845,-0.9828107767490208,1.449775527736272,0.03353592148350604,0.9618053832654941,-0.5606634027356308,3.200886540123856,-0.5710242071253587,0.46031551611293475,2.1707952622262376,1.4991972724729827,False,False,True,True
425,0.17233481102020112,-0.9822706606892072,1.4548076390019347,0.05020137566136329,0.9920777882942482,-0.5783014285173244,3.2020385375542038,-0.5623358120610731,0.45783703732424363,2.178225949836775,1.4994836429740077,False,False,False,False
426,0.1884789758732794,-0.9814595198837307,1.4598426582914301,0.0668668567834163,1.0242493455014787,-0.5919067606376075,3.2035227956393024,-0.5492436187202114,0.46259192105121194,2.189294351204379,1.49850121373308,False,False,True,True
427,0.20466320106221017,-0.9803757158411144,1.4648805694490703,0.08353236425090493,1.058601367095891,-0.6001833680702181,3.20486422816076,-0.5285299214815087,0.45593047514014884,2.19469899036155,1.4979837946180217,False,False,True,True
428,0.22088289910927011,-0.9790176860239338,1.469921356408921,0.10019789747837571,1.0940871337738287,-0.6062808505251082,3.2062260899791895,-0.506126773023617,0.4580579897603269,2.2039659503224405,1.5043661828524066,False,False,True,True
429,0.2371334413615311,-0.9773839448149356,1.4749650031943036,0.11686345589338387,1.1300944065131233,-0.6111640176845128,3.2073765043518137,-0.4829951446705197,0.4619327911789966,2.2107986074726376,1.5038715058821466,False,False,True,True
430,0.25341015927777905,-0.9754730844620517,1.4800114939172981,0.13352903893620693,1.1659787407081614,-0.615995345708937,3.208001946902032,-0.4600035305122405,0.459521012642359,2.215924988365081,1.5018563296151197,False,False,True,True
431,0.26970834573564334,-0.973283776001889,1.4850608127782514,0.15019464605955957,1.1854760966625217,-0.6508576332581717,3.230128661906426,-0.4729907996332661,30.443953677768395,2.2239699258004637,1.4997176367261786,True,True,False,False
432,0.28602325635857656,-0.9708147701612801,1.4901129440652858,0.16686027672831916,1.2213664151281487,-0.6561130865874302,3.2297338397032282,-0.45016898854835424,0.46214419429964404,2.23323657296938,1.5013373837990003,False,False,True,True
433,0.30235011086231506,-0.9680648982364888,1.495167872153812,0.18352593041925447,1.2616622476615502,-0.6511518208718354,3.2575199433745583,-0.41881368741776914,0.4621809470109074,41.450756501069215,1.4993826458319985,True,True,True,True
434,0.31868409442044343,-0.9650330729496651,1.500225581506044,0.20019160662076185,1.2716325582821504,-0.7082971941635665,3.2756299746001725,-0.4557860254649385,40.37379262507388,2.2495631286027606,1.4995916002822918,True,True,True,True
435,0.33502035904867783,-0.9617182892821591,1.5052860566705164,0.2168573048326059,1.0121624624504886,-0.7470215938952521,2.9840893750105155,-0.47784885230510754,0.4634316119792746,2.2520972916566517,1.500044310511976,False,False,True,True
436,0.3513540250074747,-0.9581196252843001,1.510349282281606,0.2335230245656681,0.9605405569300187,-0.7959670019289702,2.938561397043649,-0.509002966906188,18.133747780916,2.2637723605607216,1.5040121752549591,True,True,True,True
437,0.3676801822225644,-0.954236242861263,1.515415243059054,0.2501887653416994,0.9072142987733989,-0.8006158045491213,2.8741978661030854,-0.48697161844219655,0.4605177916894972,2.2728966197932987,-26.566048719140586,True,True,True,True
438,0.3839938917230008,-0.9500673885346437,1.5204839238074912,0.2668545266930784,0.9102328760822566,-0.8374366583261902,2.853136867629401,-0.5054121247917667,0.4620836145504959,2.2769910122363757,1.503276350181771,False,False,True,True
439,0.40029018709631115,-0.9456123941793773,1.5255553094159682,0.2835203081625748,0.9209737252184104,-0.8349801041598657,2.851346666438635,-0.4699719012151914,18.73090103476956,2.285784401259742,1.5049606386688188,True,True,True,True
440,0.41656407596032197,-0.9408706777356363,1.5306293848574843,0.3001861093031195,0.9526553548455063,-0.8402020141733678,2.8474576653051047,-0.4499230679834369,0.4614695955429862,2.292332227261193,1.4981022876545247,False,False,True,True
441,0.4328105414512304,-0.9358417438953569,1.535706135188523,0.3168519296775778,0.9428186217060478,-0.8837516424789154,2.8414710284846945,-0.4738612294646661,19.382603678679654,2.300505244045125,1.499094770103541,True,True,True,True
442,0.44902454372748296,-0.9305251847630455,1.5407855455485868,0.3335177688585298,0.9534129184877888,-0.9094945018041646,2.8500298574310525,-0.4751494010071178,0.46187828484221666,2.3073523035203554,-36.79522217172108,True,True,True,True
443,0.46520102148901626,-0.9249206804905272,1.5458676011597365,0.35018362642805334,0.9426539992755775,-0.9360272249090235,2.833215266537478,-0.477006322007938,0.4600833411852383,35.322786072048636,1.5009901831352543,True,True,True,True
444,0.48133489351140735,-0.919027999885306,1.550952287326133,0.3668495019775131,0.9558476751603397,-0.9322718646191083,2.730963653314379,-0.27054321060986264,0.4616815085801369,19.589881203605042,1.5034410298189866,True,True,True,True
445,0.4974210601944754,-0.9128470009922125,1.5560395894335803,0.38351539510735533,0.9861917157527217,-0.9352779002925512,3.095247254028872,-0.08874056716367834,36.79672540635641,2.327573796663973,1.500522713102693,True,False,True,True
446,0.5134544051248682,-0.9063776316480244,1.5611294929490729,0.400181305426905,1.003412673860648,-0.924035133661249,2.7708454334554675,-0.19231202352722337,-28.82573324944764,2.3376374918545064,1.4986729215629864,True,False,True,True
447,0.5294297966521619,-0.8996199300087536,1.5662219834203435,0.4168472325541681,1.02041304114786,-0.9138776519876232,2.7453001252708154,-0.15931542609322388,0.46165434362404906,2.3466330353971965,1.501697749060168,False,False,False,False
448,0.5453420894779955,-0.8925740250492993,1.5713170464754156,0.43351317611564033,1.0427852470895216,-0.9112156096058615,2.7268296945747577,-0.1347230179275619,0.4638378656179266,2.3515397195871333,1.4987928545606568,False,False,True,True
449,0.5611861262577542,-0.8852401370351792,1.5764146678221571,0.4501791357461169,1.0730833548070189,-0.9127125320272788,2.719635351195397,-0.11588132274175693,0.46362348666370196,2.362218077702914,1.498679429233356,False,False,True,True
450,0.5769567392143133,-0.8776185779660554,1.5815148332478366,0.4668451110885088,1.0881039731297804,-0.8996014512574486,2.690309373445395,-0.08062496703270106,0.4627597443988781,2.3685159950127948,1.5020026504130335,False,False,False,False
451,0.5926487517633421,-0.8697097519907815,1.5866175286186819,0.4835111017936624,1.1031943017691588,-0.8865098501572125,2.660805005036797,-0.045815604834100174,0.46068415031201065,2.375261314788361,1.5006554660091869,False,False,False,False
452,0.6082569801496683,-0.8615141557937088,1.5917227398794422,0.5001771075201829,1.118877423840068,-0.8738395032377692,2.8914492499264193,0.1424799013405506,27.64399846611647,2.382567473041832,1.505376411847841,True,False,False,False
453,0.6237762350941939,-0.8530323789519934,1.5968304530529516,0.516843127934262,1.1465932656189608,-0.8679822756112336,2.877519249141211,0.16440135165810832,0.46380463358897744,2.390991880486,1.5025055797399054,False,False,True,True
454,0.6392013234508472,-0.8442651042636591,1.6019406542396943,0.5335091627095099,1.163559271202353,-0.8519071185169276,2.8455047112694687,0.19930682112593573,0.4613383601702947,2.400401584321815,1.50145547728353,False,False,False,False
455,0.6545270498730549,-0.8352131080461795,1.607053329617375,0.5501752115267893,1.1951759902164583,-0.849692598282195,2.8356402091825172,0.21726704421260642,0.461727628305841,2.408693074379499,-37.68945040473258,True,False,True,True
456,0.6697482184892065,-0.8258772604053495,1.6121684654404884,0.5668412740740552,1.3045811525069517,-0.9161343930176925,2.913815431081997,0.17844041337850083,0.46338585093917245,2.417579062741241,1.4996469250815672,False,False,True,True
457,0.6848596345865853,-0.8162585254742277,1.6172860480398932,0.5835073500461965,1.335414198280884,-0.912983935945551,2.9065784928573377,0.20023324384311303,0.4665880223885255,2.424489510350127,31.482786428906408,True,False,True,True
458,0.6998561063032293,-0.8063579616219417,1.6224060638223876,0.600173439144883,1.3677095148681877,-0.910759122125072,2.8949086341206396,0.2177111665718325,0.4619582034436413,2.435563245578678,1.5018333188210977,False,False,True,True
459,0.714732446327185,-0.796176721632155,1.6275284992702879,0.6168395410784133,1.4779977983289576,-0.965804126982528,3.0167782350461616,0.16107312735471935,0.4663330744219441,2.4376301080362968,28.25362637464455,True,False,True,True
460,0.7294834736026103,-0.7857160528510054,1.6326533409410084,0.633505655561569,1.4339097703827455,-0.9014395167335733,2.907449703006738,0.24057377510799344,0.46653508186077824,2.4471467278591783,1.499263621768223,False,False,True,True
461,0.7441040150421785,-0.7749772973043355,1.6377805754666448,0.6501717823154691,1.4485968784366747,-0.8859228956882841,2.881671902958433,0.26386334912172643,0.46549926370079464,35.34359729951029,1.5001500708557254,True,True,True,True
462,0.758588907245233,-0.763961891784043,1.6429101895535585,0.6668379210674309,1.4906043289182864,-0.8907255108458307,2.8844549625247162,0.27037067223926464,0.4669538277827088,2.464118451016951,1.5003152053513877,False,False,True,True
463,0.7729329982211364,-0.7526713679033913,1.6480421699819647,0.6835040715508303,1.453034929529998,-0.8250603798307377,2.6484409950742225,0.22830840451596165,-15.87012164578321,2.4685243663683685,1.499538225649902,True,False,False,False
464,0.7871311491172545,-0.7411073521211293,1.6531765036055217,0.7001702335049691,1.4824620516974893,-0.8225236197805603,2.6410061602651953,0.24981162993567418,0.47051930484454946,24.395948772426422,1.4972051325861422,True,True,True,True
465,0.8011782359510127,-0.7292715657342791,1.6583131773509232,0.716836406674942,1.473911397445991,-0.807848127726921,2.5764940762773803,0.2774275068592968,0.4664040710472083,2.4855693646678065,1.502957323150354,False,False,True,True
466,0.8150691513454581,-0.717165824839461,1.6634521782174922,0.7335025908115078,1.4630344728664706,-0.7829515681003735,2.505972886742799,0.31832351540893666,0.46502748899378615,2.4939028508552195,1.5010467788163289,False,False,False,False
467,0.8287988062677578,-0.704792040262637,1.6685934932767779,0.7501687856709651,1.4908786160525016,-0.7794146401513853,2.4913629978893232,0.3338492932664065,0.46831050568153504,2.498541920189313,1.498795666884277,False,False,True,True
468,0.8423621317700605,-0.6921522174571605,1.6737371096721538,0.7668349910150267,1.5087478958924876,-0.7729092664612968,2.465184791299054,0.3512778913951062,0.4672713616703456,2.5061312560513063,1.4993307114635317,False,False,True,True
469,0.8557540807321463,-0.679248456370034,1.6788830146184197,0.7835012066107021,1.5302157178002733,-0.7694258770090671,2.4500751578483766,0.3703288872498227,27.19486510544174,2.514341525121888,1.5018721222395974,True,True,True,True
470,0.8689696296052861,-0.6660829512762848,1.6840311954014038,0.8001674322301771,1.5550550478284817,-0.7653529143059737,2.432528227832129,0.3848145722756693,0.4662887011641813,2.526002585431957,1.501544383215536,False,False,True,True
471,0.8820037801567296,-0.6526579905813806,1.6891816393775687,0.8168336676507009,1.5820831392488386,-0.7610771968362441,2.4169997226942335,0.3997475484742357,0.4682673869130463,2.52729926398028,1.503433113683045,False,False,True,True
472,0.8948515612142397,-0.6389759565916155,1.6943343339736192,0.8334999126544722,1.5675948146576424,-0.7273991064532989,2.332482876260832,0.45210929311428416,0.4683615787281524,2.5382462856168564,1.5028006956601252,False,False,True,True
473,0.9075080304100872,-0.6250393252524105,1.6994892666861114,0.8501661670285303,1.551740772213946,-0.6938519079879545,2.244140819704831,0.49150043627940926,25.82981824736022,2.544293003725335,1.4984238177037874,True,True,False,False
474,0.9199682759239196,-0.6108506658544797,1.7046464250810651,0.8668324305646458,1.5540453198816475,-0.6628574519728794,2.186202375716148,0.5385351783870823,0.4698483097205831,2.5500593441278396,1.5016486483048213,False,False,False,False
475,0.932227418223914,-0.5964126407078275,1.7098057967935778,0.8834987030592183,1.5596211356281235,-0.6324109437367214,2.133131601159497,0.5840304368224097,0.46763632180306314,2.558568897475599,1.498116066737358,False,False,False,False
476,0.9442806118056254,-0.5817280047835504,1.7149673695274406,0.9001649843131707,1.5796601225276075,-0.6213741849637618,2.1087671579734257,0.6021161640362517,0.4711064226384608,2.5716451872392456,1.5003981509277335,False,False,True,True
477,0.9561230469279369,-0.5667996053234279,1.7201311310547573,0.9168312741318498,1.593347412092209,-0.5993760418803183,2.062951136533317,0.625130135500053,0.4670512036834886,27.001624556103422,1.498800379027657,True,True,True,True
478,0.9677499513455208,-0.551630381417301,1.7252970692155642,0.9334975723249288,1.6033117627825966,-0.5579926564224792,1.9986913111842295,0.6886534707643439,0.4690338416676928,2.5853366196720096,-18.458012250856942,True,False,False,False
479,0.9791565920372147,-0.5362233635482427,1.730465171917453,0.9501638787063102,1.6396097497188025,-0.567458672337775,2.002624944924088,0.6805940587322893,0.47292698534289296,2.5916707322606003,1.4971071906200224,False,False,True,True
480,0.9903382769297209,-0.5205816731055395,1.7356354271351957,0.9668301930940313,1.634800192701494,-0.5126692533142494,1.9210004601016777,0.7602834296483902,0.46971953877803835,2.6031110376248856,1.4982468313453796,False,False,True,True
481,1.0012903566160305,-0.5047085218655125,1.7408078229103705,0.9834965153101729,1.6633363400020564,-0.5129585406587043,1.906219970138602,0.7502529244754579,0.470302695871666,2.605504964649475,-17.90844621532086,True,True,True,True
482,1.0120082260679808,-0.48860721144021846,1.745982347350992,1.0001628451807711,1.6845165618924853,-0.5046223970534214,1.8798089442327308,0.7510126458587595,0.4688146854587686,-19.783715016720475,1.504594398709094,True,True,True,True
483,1.0224873263423466,-0.4722811326940795,1.7511589886311407,1.0168291825357265,1.7054033279395158,-0.49627781209943517,1.8590238709389468,0.7624797182232207,0.469969222461847,2.62633926468565,1.50195131956392,False,False,False,False
484,1.0327231462798723,-0.4557337651285055,1.7563377349905973,1.0334955272087196,1.7260591487277264,-0.48780581523028826,1.838005336512164,0.7736304000269578,0.4726617663350235,2.6314486091727978,1.5020867443821577,False,False,False,False
485,1.0427112241966494,-0.43896867623458025,1.7615185747344768,1.0501618790371277,1.7464814302445282,-0.4792099218966554,1.8166991212724857,0.7844406270362342,0.4711647496944919,2.640241677080809,1.4999049058209077,False,False,False,False
486,1.0524471495672434,-0.42198952081389524,1.7667014962328655,1.066828237861941,1.7666669760364446,-0.47049391492958614,1.795157044623129,0.7949168253852013,0.47269724915009403,2.6459838081035487,1.500921077996515,False,False,False,False
487,1.0619265646989768,-0.40480004026762606,1.7718864879204608,1.0834946035276847,1.7386691826329759,-0.5395612868196024,1.7388141054204003,0.6966822298484988,0.4733425293262636,2.6553779041495598,-19.586683150829987,True,True,False,False
488,1.0711451663967753,-0.3874040618539569,1.7770735382962113,1.1001609758823374,1.7579893393598691,-0.531820373154619,1.7170850192876075,0.7053284815951436,0.46987817207707666,2.6598732968054875,1.4986232085566495,False,False,True,True
489,1.0800987076179835,-0.3698054979139694,1.7822626359229607,1.1168273547772571,1.7650741727330523,-0.5434561035679278,1.6861006244618686,0.6857763339442029,17.471456993251735,2.6710740515854745,1.5008552423363417,True,True,True,True
490,1.0887829991165618,-0.3520083450661237,1.7874537694270924,1.133493740067105,1.7764261017528238,-0.5490284639807093,1.6585501669991338,0.6740682914608682,-34.42271468520673,2.6757287744743135,1.4999719341229534,True,True,False,False
491,1.0971939110760713,-0.33401668336947093,1.7926469274981764,1.1501601316097716,1.794854436941703,-0.5415388162978108,1.6362890236964935,0.6812848046819971,0.47309134524451063,2.6879281165227407,1.5018590133785532,False,False,True,True
492,1.1053273747308627,-0.3158346754557451,1.7978420988886186,1.166826529266304,1.8115653202309845,-0.5357715298408308,1.611919824940409,0.6852364754874121,0.4735733608096242,2.695691588359432,1.499871859458869,False,False,True,True
493,1.1131793839748807,-0.2974665656304969,1.8030392724133115,1.1834929329008403,1.8264851606454886,-0.5319123537019541,1.5866605234984261,0.686213309968221,0.474800185808899,2.7004931525022,1.5001764251864909,False,False,False,False
494,1.120745996957501,-0.27891667894343897,1.808238436949287,1.2001593423805348,1.8430049151352572,-0.5253929723096007,1.5625980618969026,0.6904114662209245,0.4756525995816903,2.7118484530694342,1.5039578493149695,False,False,True,True
495,1.1280233376658189,-0.26018942022818653,1.8134395814353712,1.2168257575754948,1.8609302885971601,-0.5172848710553052,1.5404574515128195,0.6956754486109122,27.53471536785417,2.720514633307782,1.4995768738204684,True,True,True,True
496,1.1350075974928082,-0.2412892731115855,1.8186426948718413,1.2334921783587154,1.8718880240301687,-0.5164508021914365,1.512286458628543,0.6905956712349554,-15.078159842779085,2.725940023035964,1.4980664692783885,True,True,True,True
497,1.1416950367907779,-0.2222207989928328,1.823847766320084,1.2501586046060122,1.88997416330784,-0.5071303253410822,1.4893883625338038,0.6972753898719842,0.4745503874976356,2.7355719951492175,1.4969883176568004,False,False,True,True
498,1.1480819864095482,-0.20298863599260367,1.8290547849022565,1.2668250361959617,1.9027812623815534,-0.5035698605657908,1.4626958613953753,0.6959013082004313,0.47648250137647735,2.7392350118788507,1.5008517496318399,False,False,False,False
499,1.1541648492187804,-0.18359749787241106,1.8342637398009476,1.2834914730098381,1.9176299138255029,-0.49618968208555103,1.4376292942580562,0.6984613147131066,0.46989519532319723,2.7471236134454777,1.4974311371771762,False,True,True,True
500,1.159940101613889,-0.16405217292443447,1.8394746202588435,1.300157914931555,1.9303772111316793,-0.4919512086835487,1.4109527315182284,0.697118338090807,0.47417321135102763,2.7522992193453244,1.499130127671672,False,False,False,False
501,1.1654042950049768,-0.14435752283206438,1.844687415578393,1.3168243618476039,1.946054463704104,-0.4842054493714286,1.3870687758802889,0.7001362975636807,0.4765474757601572,2.7645900346425236,1.5016570111840712,False,False,True,True
502,1.1705540572882285,-0.12451848150142047,1.849902115121476,1.3334908136469998,1.9588369427187777,-0.4795602308491427,1.3610556095462059,0.6985868449456706,0.47328971963530464,2.7721844256526915,1.5019540530159226,False,False,False,False
503,1.1753860942992107,-0.1045400538641118,1.8551187083090728,1.3501572702212243,1.9719819829950274,-0.474195631748791,1.336594150553423,0.6975035739834329,0.4789961253366877,-24.095216062152765,1.5032107661598055,True,True,False,False
504,1.1798971912475236,-0.08442731465151754,1.860337184620936,1.3668237314641694,1.9842954043411278,-0.4695931836746983,1.310672816690819,0.6952032123767945,0.4773146513983119,2.7879520427889006,1.5051786294299225,False,False,False,False
505,1.1840842141322576,-0.06418540714087763,1.865557533595264,1.3834901972720859,1.9983827948986341,-0.4621115965148686,1.2868629678208465,0.6959136730426452,0.4771591499079323,2.7909631047968664,1.495092979652737,False,True,True,True
506,1.1879441111377125,-0.04381954187349307,1.870779744828377,1.4001566675435306,2.0121024598827817,-0.4549244053798874,1.26299361532141,0.6957460144473943,16.704383213764068,2.806525499648705,1.498226387387088,True,True,True,True
507,1.1914739140088388,-0.023334995345345486,1.8760038079743921,1.4168231421793127,2.0221767381611553,-0.452528046654109,1.2363946166857296,0.68960018561001,0.47374413778455604,2.8106453694363114,1.5009474220402104,False,False,False,False
508,1.1946707394058689,-0.0027371086704564146,1.8812297127449047,1.4334896210824484,2.0358346060100123,-0.44439689748662975,1.2127178664336316,0.6899447342062961,0.47243672816469484,2.821637572862385,1.5024519185612346,False,True,False,False
509,1.1975317902376086,0.017968713782683474,1.8864574489086676,1.4501561041581068,2.0492791436872664,-0.4363532016975209,1.1879683854974086,0.6898188795728577,0.475861419118123,2.8243525781702696,1.5005583907496958,False,False,True,True
510,1.2000543569728666,0.038777005781274784,1.8916870062912738,1.4668225913135657,2.0627321576584894,-0.42815475648018936,1.163524200685338,0.689529113559909,0.47672502901942143,2.832498213307636,1.497487784926417,False,False,True,True
511,1.2022358189295026,0.05968224064460895,1.8969183747748408,1.4834890824581626,2.075592931813446,-0.4202955747240178,1.1386629022694326,0.6883233338500436,0.47502800527698646,2.8434315756474997,1.5005094548365199,False,False,True,True
512,1.2040736455405832,0.08067883268634664,1.9021515442976966,1.50015557750325,2.0795451888453966,-0.4005988355970584,1.0985495765059468,0.7016601145124297,0.47742271624160615,2.853433137051875,1.5051055550992192,False,False,True,True
513,1.2055653975971372,0.1017611386823048,1.9073865048540675,1.5168220763621498,2.081887773597158,-0.38285787003263605,1.057071337781964,0.7113646399189469,0.4779245553316005,2.8574597922327185,1.4982263512685878,False,False,True,True
514,1.2067087284670117,0.12292345936337234,1.9126232464937671,1.5334885789501111,2.0928707230662624,-0.3746081674920826,1.0315875712742433,0.7089491726549615,0.47177293414297705,2.863529587286024,1.500328184911194,False,True,True,True
515,1.2075013852893337,0.1441600409331652,1.9178617593218883,1.550155085184266,2.1024942664491966,-0.35168229915974936,0.9988112247248889,0.7239343282913439,16.605317428794073,2.8767441134832397,1.503516670591126,True,True,True,True
516,1.2079412101440883,0.16546507661002124,1.9231020334984952,1.5668215949835878,2.104024110577022,-0.33047384857485607,0.9555593789147091,0.7351571291685636,0.47431636672191047,2.883616419315523,1.5013445378251482,False,False,False,False
517,1.2080261411963344,0.18683270819292697,1.9283440592383183,1.5834881082688508,2.1044727043689098,-0.30853640238533486,0.9124877996992802,0.7465686847471571,21.998803525939934,2.887527207631137,1.5011702459374288,True,True,False,False
518,1.2077542138145811,0.2082570276509578,1.9335878268104512,1.600154624962589,2.1048959655305293,-0.287430152905365,0.8704784603643317,0.7562655863388003,34.985473375107155,2.897726646110286,1.5041986667416658,True,True,False,False
519,1.2071235616628575,0.2297320787358052,1.9388333265380475,1.6168211449890588,2.104885892690621,-0.26850743611257455,0.8298147680741601,0.7629125778898715,-26.71108369260662,2.907483108927377,1.503723703760665,True,True,True,True
520,1.2061324177660153,0.2512518586169543,1.9440805487980213,1.6334876682742,2.1017696135728556,-0.24961203986290076,0.7846003704174029,0.7684126658858003,0.47392405236212853,2.914373330857425,1.5037542120731602,False,False,True,True
521,1.2047791155478123,0.272810319539067,1.9493294840207482,1.650154194745597,2.103659948342377,-0.23288412086912774,0.7471945743455123,0.7713098772583484,0.4780178731830928,2.920411088069527,1.5017681703282564,False,False,True,True
522,1.2030620898413265,0.29440137050111626,1.9545801226897688,1.666820724332445,2.0991424317512193,-0.21391493547488438,0.7014022754739453,0.7754887109548665,0.47775482471829683,2.928493704329371,1.5044562264270074,False,False,False,False
523,1.2009798778712684,0.3160188789568099,1.9598324553414923,1.6834872569655115,2.0935245001830665,-0.19421648819424467,0.6558550441123122,0.7799416607048689,0.47773222312174946,2.93749002248927,21.28284833844204,True,True,False,False
524,1.1985311202077544,0.33765667253583104,1.9650864725649038,1.700153792577102,2.0874586948435088,-0.1744541604853648,0.6092728342433728,0.7835409484033012,0.4789515269780698,2.946369233718497,1.5018924767919244,False,False,False,False
525,1.1957145616911238,0.35930854078541646,1.9703421650012716,1.7168203311010277,2.081740273587734,-0.1557775249165988,0.5656078596493089,0.7856973443892183,0.4831419034625998,2.9489083180491775,1.4986651965626214,False,True,True,True
526,1.1925290523273813,0.3809682369317848,1.975599523343857,1.7334868724725698,2.0870247603805963,-0.1457438706226003,0.5374429675757858,0.7777615785992589,0.47856328525819153,2.961248181132836,1.4989499925473853,False,False,True,True
527,1.188973548153861,0.4026294796609176,1.9808585383376258,1.7501534166284483,2.079235568434426,-0.12603146574553273,0.49098658728201255,0.7795976271323278,0.4809965471621426,2.9673355537686508,1.5018804618549333,False,False,True,True
528,1.1850471120747117,0.4242859549181896,1.98611920077896,1.766819963506788,2.0846909749597815,-0.11736926988850686,0.46487464217689084,0.7694603338490514,0.47874301466658387,2.9738049070907886,1.4983670109251945,False,False,True,True
529,1.1807489146658154,0.4459313177263349,1.9913815015153733,1.783486513047091,2.074664961526703,-0.09562991399414766,0.4170643766834051,0.772339044706503,-34.77595910265133,2.984819369952703,1.5021809486531736,True,True,False,False
530,1.1760782349487586,0.4675591940212302,1.9966454314452262,1.8001530651902016,2.0754550796363342,-0.0847154000465516,0.3853111375856195,0.7628287487653552,0.47807212778140395,2.9920789186515733,1.5018220137355296,False,False,True,True
531,1.1710344611334829,0.48916318250496654,2.0019109815174443,1.816819619878281,2.0639591689176195,-0.06314556874681197,0.33652113745985673,0.764244121964573,0.47777129211635494,3.004953369034778,1.5002841859881493,False,False,True,True
532,1.165617091329254,0.5107368565156745,2.0071781427312363,1.8334861770547732,2.0676982926671736,-0.05465396739165005,0.31159595192544787,0.7522207727666326,0.481666931176608,3.00753039912804,19.026884718460533,True,True,True,True
533,1.1598257342235947,0.5322737659135606,2.012446906135816,1.8501527366643806,2.059884317115185,-0.03489660818455183,0.26906169841746946,0.7512550640898783,0.4795989698495126,3.014368847236678,1.503413283302512,False,False,True,True
534,1.153660109728836,0.5537674389826049,2.017717262830123,1.8668192986530334,2.056753543000604,-0.020294707786024754,0.23442664444080807,0.7448961687999797,0.4775996413078421,3.0288474325703834,1.5019970450576003,False,False,True,True
535,1.1471200495959546,0.5752113843473641,2.0229892039625486,1.8834858629678646,2.0559196802293753,-0.008342541919527576,0.2047629348472595,0.7359973413428431,0.479480111051145,3.0324414168918437,40.90417325532887,True,True,True,True
536,1.1402054979953693,0.5965990929043143,2.028262720730658,1.9001524295571803,2.0563899478763346,0.001887490653714719,0.17655573940649677,0.7247181972760903,0.4816166679908621,3.0384164534902776,1.501568088627473,False,False,False,False
537,1.13291651206438,0.6179240397671669,2.03353780438092,1.9168189983704371,2.0583516783141844,0.0099399150678935,0.15186184262799107,0.7108338377640484,0.4800453560014449,-29.37210540347555,1.5007383934272533,True,True,True,True
538,1.1252532624209468,0.6391796862255773,2.038814446208433,1.933485569358214,2.059163313404733,0.019041045311394056,0.12632897676305793,0.6984225237078494,-24.565819182234527,3.0546382443998494,1.5015501742086177,True,True,False,False
539,1.117216033643509,0.6603594817166658,2.044092637556658,1.9501521424721888,2.0605669687021004,0.026801295574814605,0.10206215181254383,0.6837900288388622,15.53502363543587,3.0641748952503547,1.500869194892133,True,True,True,True
540,1.1088052247165632,0.6814568658087609,2.0493723698171458,1.9668187176651122,2.0614040597648944,0.0350297530822186,0.07655320624800478,0.6695555745583578,0.48179445368617774,3.0708467355108957,1.5017760961783708,False,False,False,False
541,1.100021349441721,0.7024652701967691,2.0546536344292727,1.9834852948907855,2.0622077301372053,0.042665123076538296,0.05140264262099704,0.6540625072896913,0.4795480594669511,3.0846467021477277,1.5023093049283742,False,False,False,False
542,1.0908650368139845,0.7233781207085718,2.059936422879974,2.000151874104036,2.062798410942645,0.0500553705881217,0.026538995581689644,0.6380676258375362,0.48061256659093093,3.0899988118114265,1.4987833299383968,False,False,False,False
543,1.0813370313629818,0.7441888393218409,2.0652207267034806,2.0168184552606965,2.0631401220660317,0.057195820313936115,0.0028935252052920877,0.6219911093497529,0.47748569916330086,3.094889665175168,1.4958744730721212,False,True,False,False
544,1.0714381934589219,0.7648908461906629,2.070506537481054,2.033485038317579,2.0631722723460904,0.06410683264004448,-0.021614221315776706,0.6046879149648375,0.4810322607385573,3.1030874339660173,1.5033311234983104,False,False,True,True
545,1.0611694995830336,0.7854775616813532,2.075793846840727,2.0501516232324573,2.0629321143314705,0.07082558725076489,-0.04590421935214653,0.586873349874779,0.4804166002870465,3.114055342063399,1.4985398196571589,False,False,True,True
546,1.0505320425622666,0.8059424084168376,2.0810826464570438,2.0668182099640413,2.06242206744978,0.07734640224937354,-0.06898519770504814,0.5691559487139046,0.4766307926297412,3.1187381529829334,1.498727672390954,False,True,True,True
547,1.0395270317680427,0.8262788133289762,2.086372928050801,2.083484798471961,2.0616555652530573,0.08367035723508359,-0.09174030288753618,0.5510219184460251,-23.478240425591093,3.1273495899163524,1.5017522777692625,True,True,True,True
548,1.028155793278858,0.846480209718195,2.09166468338879,2.100151388716741,2.061026587403405,0.08977396918125315,-0.11474108438958573,0.5326675291329839,0.4805906181822161,3.134864333278732,1.500027417710798,False,False,False,False
549,1.016419770006545,0.8665400393197906,2.096957904283544,2.1168179806597855,2.05990240032346,0.09567658180715483,-0.13786134802247857,0.5134196993663626,0.48252630946341707,3.141849713325511,1.5002376336908687,False,False,False,False
550,1.0043205217860172,0.886451754376267,2.1022525825930796,2.1334845742633552,2.0584395195894527,0.10136991437401262,-0.15989225724611777,0.4941961454935271,0.4799840168945929,-17.45762408783965,1.499853422906477,True,True,False,False
551,0.9918597254283299,0.906208819715059,2.107548710220649,2.150151169490549,2.05676765449055,0.10683850122847897,-0.1815346170817974,0.47463469666544233,0.48152559159655967,3.1600416229111223,-29.08835133249374,True,True,False,False
552,0.9790391747369003,0.9258047148309945,2.1128462791144846,2.1668177663052868,2.054750603189641,0.11211222008031722,-0.2029773818705949,0.45454523390579327,0.47959613532783957,3.166790828593951,-37.016568557053546,True,True,True,True
553,0.9658607804867436,0.9452329359728429,2.1181452812675525,2.1834843646722897,2.0524952989466345,0.11716272267927048,-0.2252166581752496,0.43319864723209833,0.48372855934670683,3.178850810175984,1.503985827008669,False,False,True,True
554,0.9523265703665931,0.9644869982332931,2.1234457087173007,2.2001509645570625,2.0499928916335763,0.12197604098184936,-0.24703020899053857,0.4114222957804112,0.4795744484363054,3.178137682942236,1.4998387282992924,False,False,True,True
555,0.938438688883782,0.9835604376417033,2.1287475535454146,2.2168175659258775,2.0472481115336816,0.12654739982385393,-0.2675948432205396,0.3899952602468256,-36.18330489618129,3.1905048629509682,1.5059478513052074,True,True,True,True
556,0.9241993972317794,1.002446813258959,2.1340508078775695,2.233484168745756,2.0446011068253718,0.13078478973658453,-0.288468461215027,0.36775608478430966,0.4821425750078538,3.201269161573273,1.5017793124894272,False,False,False,False
557,0.9096110731202813,1.0211397092737746,2.139355463883188,2.250150772984452,2.0413959017007604,0.1348709684564102,-0.308441236263698,0.3455563557687687,-28.516620656314796,3.2039298622027927,1.5011048153677462,True,True,True,True
558,0.8946762105677729,1.0396327370997716,2.144661513775195,2.266817378610437,2.037968776853386,0.13871048352050763,-0.3280101630553567,0.3229998308650746,0.4875968832385702,3.213392733545726,1.5001188186705492,False,True,True,True
559,0.8793974196564865,1.0579195374726607,2.1499689498097774,2.2834839855928806,2.001566106146141,0.25530955862447957,-0.4218712700850665,0.4001307279907217,-27.421061006405125,3.2208249017873296,1.4976052031839269,True,True,False,False
560,0.8637774262496951,1.0759937825468588,2.1552777642861427,2.300150593901641,1.9874427885461166,0.2957006672969563,-0.46623583024454623,0.4086794925444319,0.48097953689269474,3.2334045972637036,1.4983193775316161,False,False,False,False
561,0.8478190716712902,1.0938491779908637,2.1605879495462816,2.3168172035072434,2.101229843457778,0.5086261435002806,-0.45064437577294325,0.568215587087922,0.4829395891962989,3.237007429447883,1.5000883734074486,False,False,False,False
562,0.8315253123476082,1.1114794650807098,2.165899497974728,2.3334838143808696,2.0740162254713193,0.4990404943542825,-0.48784554908493055,0.5315657861107043,0.4831094089161495,3.243661015115493,1.5061403703744976,False,True,True,True
563,0.8148992194114771,1.1288784227908297,2.1712124019983254,2.3501504264943414,2.0795054605623786,0.5360281854611646,-0.5109090845492049,0.5345099165891027,0.4841275250570065,3.2517854152599988,1.5044196205931868,False,False,False,False
564,0.7979439782684733,1.1460398698816394,2.176526654085989,2.3668170398201056,2.074157396152351,0.5424791628403457,-0.5322846164069852,0.5108334591332604,0.48824834987808174,3.2615204124280566,1.5012284275475658,False,True,True,True
565,0.7806628881253839,1.1629576669831678,2.181842246748474,2.383483654331224,2.0802061063696216,0.5715249512662426,-0.5498450325689123,0.5072360215479177,0.48698463325757113,3.2701708462895005,1.4997492168455888,False,True,True,True
566,0.763059361480888,1.1796257186740498,2.187159172538143,2.4001502700013546,2.08028834137907,0.5903523994470642,-0.5689936611519143,0.49463290055732845,15.491669896961936,3.2788282701663736,1.496933882809871,True,True,True,True
567,0.7451369235784794,1.1960379755551978,2.1924774240487337,2.4168168868047406,2.073966189588493,0.5958483205643679,-0.590540840180115,0.4683446279066454,0.4805270914690966,3.2841896821973697,-19.914959430842423,True,True,True,True
568,0.7268992118216654,1.2121884363174735,2.1977969939151296,2.4334835047162002,2.1203534646861955,0.665139665584429,-0.8200064719608093,0.7133801112324458,30.529842281285084,3.290653060864085,1.4972121930314493,True,False,False,False
569,0.7083499751514908,1.2280711498026722,2.203117874813132,2.4501501237111087,2.108041018208676,0.6541477891147459,-0.8450999273018053,0.6603669732529728,0.47983773854505557,3.304784700229253,1.5014199144068625,False,False,True,True
570,0.6894930733864466,1.2436802170571393,2.2084400594592317,2.4668167437653894,2.1043990652591713,0.6705982144862177,-0.5907978547821928,0.39253061138238604,-32.56471038256356,3.3091758800363573,1.5024996857780788,True,False,False,False
571,0.6703324765248359,1.2590097933773363,2.213763540610384,2.483483364855501,2.0979617186637705,0.6779593924089031,-0.612481559148877,0.3653227300528835,0.4859111704185888,3.320614748433643,1.5024808363723914,False,False,False,False
572,0.650872264009681,1.274054090346671,2.2190883110637833,2.5001499869584247,2.090891360072827,0.6861966787126199,-0.6339814414098051,0.3398499322612588,0.48706206480410774,3.326574749486231,1.5021620486127822,False,False,False,False
573,0.6311166239562714,1.288807377862913,2.224414363656639,2.516816610051654,2.0835287402189078,0.6935563477011256,-0.6545789833071071,0.3142332187501723,0.48435434059851973,3.3338075518487997,1.4986022207671723,False,False,False,False
574,0.611069852342459,1.303263986155511,2.229741691265954,2.5334832341131825,2.0760043489850646,0.6982132968750885,-0.6740864387373184,0.2855085965765424,0.48394418371156844,3.3406110003381624,1.5012396711524891,False,False,True,True
575,0.5907363521618246,1.3174183077921342,2.2350702868083037,2.5501498591214915,2.0691365709109193,0.7045143168445291,-0.8275297189598506,0.0627569813230593,0.4855166080208619,24.883340056990647,1.500095922519624,True,False,True,True
576,0.5701206325398492,1.3312647996737543,2.2404001432396154,2.5668164850555417,2.0579109691349617,0.7042732056001761,-1.0242419418738702,0.14838766847596777,19.55874469862079,3.356303793596576,1.4973827908810426,True,False,True,True
577,0.5492273078132371,1.3447979850175977,2.245731253554951,2.583483111894761,2.049896419880307,0.7121094052093198,-1.0392931166259591,0.12706460205550174,0.4817877012750867,3.3618459161558683,1.4993011660803575,False,False,True,True
578,0.5280610965725488,1.358012455327285,2.2510636107882878,2.6001497396190345,2.0409220073654963,0.7209180410358164,-1.0549290435138199,0.10572688006877082,0.4831715966515135,3.3765234362948147,1.5011792744690313,False,False,False,False
579,0.5066268206683164,1.370902872349489,2.2563972080123036,2.6168163682086947,2.031730125391544,0.7265793016457882,-1.4460936934412343,0.30553294418547716,39.90839970868842,3.380494645350533,1.504206174282108,True,False,True,True
580,0.4849294041808236,1.383463970016437,2.261732038338161,2.633482997644511,2.0194623109236627,0.7351046756849003,-1.669948329925462,-0.08490708745453507,0.48585031296568504,41.50175722883359,1.5030727464786484,True,False,True,True
581,0.46297387235374743,1.3956905563735902,2.267068094915295,2.6501496279076786,2.0004473150774764,0.7358344756479941,-1.6863707683008666,-0.11590166253840306,0.4860283013161798,3.3966080573526805,1.5002394662549574,False,False,True,True
582,0.4407653504918688,1.4075775154918304,2.2724053709311973,2.6668162589798134,1.9870740160214477,0.7436385503292887,-1.8999538514877201,-0.02714054916235877,21.12661045819011,3.4030305705880592,1.5002940597422199,True,False,True,True
583,0.4183090628230728,1.4191198093634945,2.2777438596112094,2.683482890842938,1.9706431954009922,0.7499047010281138,-1.910409497335701,-0.0475549894159977,0.487028799809105,3.413279622828033,1.5029063009616794,False,False,True,True
584,0.39561033132487056,1.4303124797815916,2.2830835542183077,2.7001495234794746,1.952729259140048,0.7570660885429354,-1.9218216091572324,-0.06816663027998394,0.4852267337825636,3.4239656741671403,1.5008036435571963,False,False,False,False
585,0.3726745745156886,1.4411506502015494,2.2884244480528975,2.7168161568722358,1.9293456673884817,0.7565332846850886,-1.938067718056248,-0.10137949922000447,0.48792065424591413,3.428647895047774,1.5013012639626375,False,False,True,True
586,0.34950730621118054,1.451629527584832,2.2937665344526037,2.733482791004418,1.9145791857070393,0.7651020989077479,-2.181848204172016,-0.01194022776239986,23.868274683245758,3.439060112109001,1.5023392705597245,True,False,False,False
587,0.3261141342458315,1.4617444042237822,2.2991098067920643,2.750149425859588,1.8976536707908254,0.7720971559129112,-2.1875703796240753,-0.03165945446884028,0.4862209945332102,3.4486917359201783,1.4998161497785272,False,False,True,True
588,0.3025007591601353,1.4714906595470385,2.3044542584827257,2.7668160614216806,1.878808017617809,0.7800086412617159,-2.194698106122603,-0.05102643624778814,0.4845190301368916,3.4531360130578297,1.499151885808537,False,False,False,False
589,0.2786729728536367,1.4808637619048892,2.3097998829726363,2.7834826976749856,1.86134583654661,0.7851755036020569,-2.2865963397588485,-0.08534462690079808,-38.66946834062814,3.463051659473611,1.5004030087748277,True,True,True,True
590,0.25463665720414413,1.4898592703339206,2.315146673746245,2.800149334604143,1.834945156980236,0.7863174392906768,-2.2995861967883027,-0.11770203265232398,0.4841717915478138,3.4705974545839675,1.4975382454907575,False,False,True,True
591,0.23039778265342892,1.4984728363003301,2.3204946243241977,2.816815972194134,1.819655565826248,0.7949702987621017,-2.3000842833803494,-0.13188784921156552,0.48490405430476535,3.4785993016235532,1.5049797611637088,False,False,True,True
592,0.2059624067597384,1.506700205421274,2.3258437282631372,2.8334826104302735,1.8013743678605172,0.7991183231963546,-2.3841102377909507,-0.15463877445398674,0.4856243253576789,3.486776094614734,-33.7271424652913,True,True,True,True
593,0.181336672717464,1.5145372191636255,2.3311939791555023,2.8501492492982026,1.7830136746076897,0.8020273850401191,-2.386267628836925,-0.17671106813927986,0.48372423000802417,3.492433276813954,1.5017106044514237,False,False,True,True
594,0.15652680784431455,1.5219798165195286,2.3365453706293295,2.866815888783881,1.7559617618757393,0.8029441493214784,-2.3968029413524423,-0.20830683407545925,0.48518373308327456,3.5035166862989526,1.5026479358826967,False,False,True,True
595,0.13153912203635815,1.5290240356581308,2.3418978963480557,2.883482528873582,1.7406255472615728,0.8089907118335611,-2.461153998094639,-0.23308133770177905,0.48795100694236504,3.5095864822666685,26.166165304453113,True,True,True,True
596,0.10638000619130689,1.5356660155528898,2.3472515500103195,2.900149169553882,1.7237597856968339,0.8147120778631453,-2.525603892005184,-0.2593129997856565,0.48387193130125555,3.51650951078434,-25.512999801084813,True,True,True,True
597,0.08105593060042993,1.5419019975838528,2.352606325349768,2.9168158108116566,1.6933927376654445,0.8113617040889964,-2.5366241646085426,-0.29584847651515744,0.49029046445743435,3.5261848921932675,1.5006818195848797,False,False,True,True
598,0.05557344330949182,1.5477283271143134,2.357962216134862,2.933482452634074,1.6629095080475402,0.8075329081770625,-2.5470440688363607,-0.3326405839436977,0.48803148240845395,3.5364817593496163,1.5019626029542241,False,False,True,True
599,0.029939168449124226,1.5531414550412563,2.363319216168681,2.9501490950085856,1.6535488331355845,0.8117369878135379,-2.5350009672610425,-0.34419955673273905,0.48582996988548005,3.54267109581514,1.5011718922141462,False,False,True,True
600,0.0041598045350498825,1.55813793931901,2.3686773192887314,2.9668157379229223,1.6396456390480576,0.8122963105590689,-2.5276288270680936,-0.36320632912684614,0.4847918399974842,3.549059242464648,1.4983467349171942,False,False,True,True
601,-0.021757877261410947,1.5627144464555274,2.374036519366757,2.9834823813650893,1.622825363065639,0.814529830756903,-2.5543175279906944,-0.3748925189357664,0.48692910358363173,-23.412615119750523,1.4985366847118635,True,True,False,False
602,-0.047807034872110854,1.566867752980731,2.3793968103085468,3.0001490253233563,1.604724344248374,0.816587784833184,-2.5494169340884016,-0.3934466525651179,0.4862531636688172,3.5667125980374275,1.5013679197172682,False,False,False,False
603,-0.07398075711967084,1.5705947468863581,2.3847581860537463,3.0168156697862543,1.5846160548556196,0.8143048070789738,-2.546782442380362,-0.41999647315546945,0.4885456968484039,3.57228216500268,1.5007730367576315,False,False,True,True
604,-0.10027206553343884,1.5738924290367502,2.39012064057567,3.033482314742569,1.5641727882944323,0.810856006647721,-2.5442572257598144,-0.4484615524108627,0.49246061801726077,3.5817561818141437,1.5024807240689326,False,False,True,True
605,-0.12667391619333865,1.576757914550044,2.3954841678811136,3.0501489601813354,1.5359032635637677,0.8058731005098225,-2.548994007378083,-0.4843700826739624,0.4903590653407225,3.5902034585591505,1.5009376720307683,False,False,True,True
606,-0.153179201601126,1.5791884341492226,2.400848762010169,3.0668156060918337,1.5141755808781354,0.8006207153258478,-2.5467171589147592,-0.515533104615501,0.48578849623988846,3.5951369777065825,1.4988972846034574,False,False,False,False
607,-0.17978075257855872,1.581181335482494,2.4062144170360384,3.08348225246358,1.4858787235568602,0.7948925697190089,-2.5502633955028093,-0.5517098949920213,0.48726269429172425,3.6071994931349867,1.5002222062655488,False,False,True,True
608,-0.2064713401919774,1.5827340844124782,2.4115811270648506,3.1001488992863244,1.457542463606829,0.7887624597746531,-2.553169093944205,-0.5880258784582958,0.4893442318077855,3.614525007251701,1.4971721893624421,False,False,True,True
609,-0.23324367770278326,1.5838442662736842,2.416948886235478,3.116815546550045,1.4264393642868392,0.7816235100291768,-2.558113076620507,-0.625757950367368,0.48637544179644926,20.5430400084678,1.499865020762126,True,True,False,False
610,-0.2600904225432899,1.584509587097773,2.422317688719355,3.1334821942449427,1.3980158856577225,0.7746706439139839,-2.559784214692331,-0.6623486972979286,0.4874012524855109,3.6304776376391388,1.5021333661245018,False,False,False,False
611,-0.28700417831741615,1.5847278748061064,2.4276875287202966,-3.1330364648181517,1.3695738388278078,0.7673112139440069,-2.56079993973569,-0.6990558500164517,0.48910601993664177,3.638753266791608,1.5022589419915855,False,False,False,False
612,-0.3139774968256772,1.5844970803690968,2.4330584004743194,-3.1163698162894335,1.3411205061640779,0.7595439267216019,-2.5611306621324403,-0.735009499980311,0.4890174622330562,-27.262508517302898,1.5037439508250983,True,True,False,False
613,-0.34100288011392266,1.5838152789318736,2.438430298249462,-3.09970316735765,1.3126634988070507,0.7513771544995984,-2.5607755511238373,-0.7718909229682283,0.48800065629454475,3.653352205659927,1.4968507947079093,False,False,False,False
614,-0.3680727825452596,1.5826806709057997,2.4438032163456067,-3.083036518031758,1.2842104371278968,0.7428005886888404,-2.5597688537618555,-0.808822960252738,0.4906374035942817,3.6589357140854593,1.4986640604326718,False,False,False,False
615,-0.39517961289459097,1.581091583025373,2.449177149094304,-3.066369868320515,1.2557685609749873,0.7338136669082543,-2.5580577092598733,-0.8458827832794623,0.48930244862557143,3.6727855555779865,1.500292716051196,False,False,False,False
616,-0.42231573646518983,1.5790464693700652,2.454552090858595,-3.049703218232485,1.2273456975387664,0.7244149693162603,-2.55571996449424,-0.8821055743092133,0.48998349011820075,-29.72648979015805,1.4989422650564843,True,True,False,False
617,-0.4494734772267214,1.5765439123506526,2.4599280360328373,-3.033036567776041,1.198948809044386,0.7146137962683801,-2.5526284495359857,-0.919227179650153,0.48921372130249713,3.6863629121967674,1.498639088443102,False,False,True,True
618,-0.47664511997411607,1.5735826236596089,2.465304979042531,-3.01636991695937,1.1705862707162085,0.7044001609389339,-2.5488474346701446,-0.9563977291124259,0.48981832673136727,3.696454681820882,1.501531913333047,False,False,True,True
619,-0.5038229125066889,1.570161445185136,2.4706829143441467,-2.9997032657904765,0.8606597256300028,0.7809411286160691,-2.789736096869761,-0.9779432997831115,0.4878390840625422,3.704136593627548,1.5020392845950115,False,False,False,False
620,-0.5309990678268911,1.5662793498884247,2.4760618364249507,-2.9830366142771885,0.8296626578870054,0.7700750919518123,-2.7883709465195268,-1.0164779468695528,0.4908881861808454,3.7101779059740454,1.5040027580571174,False,False,True,True
621,-0.5581657663580734,1.561935442643738,2.481441739802837,-2.9663699624271587,0.747037856918855,0.7752415041167896,-2.832000827413353,-1.0509342126003252,0.4854010378873923,3.7188293478118903,1.5010535359680315,False,False,False,False
622,-0.58531515818063,1.557128961040933,2.4868226190261544,-2.94970331024787,0.6981606226414914,0.7692425831089285,-2.8459369336846825,-1.0871771211172887,0.4907280829016763,3.7258050744549673,18.28890664309963,True,True,False,False
623,-0.6124393652858877,1.551859276150034,2.49220446867354,-2.93303665774664,0.6602829749099524,0.7592778487445004,-2.8496739755342424,-1.1253225365051385,0.48941851239271106,3.73605945410947,1.5003237892460275,False,False,False,False
624,-0.6395304838470944,1.5461258932474946,2.4975872833537487,-2.916370004930622,0.6286199307373497,0.7467742650055544,-2.8471752840349125,-1.163510952650123,0.4861773991723678,18.947934851327396,1.5005528008440185,True,True,True,True
625,-0.6665805865068543,1.5399284525037837,2.502971057705487,-2.899703351806812,0.5933418931521147,0.7352278960292482,-2.8477914765712105,-1.2017345116079534,0.4934171255013826,3.7558473163041346,1.5010253524244006,False,False,False,False
626,-0.6935817246803513,1.5332667296319533,2.5083557863972468,-2.8830366983820492,0.5616997656346568,0.7218752903447154,-2.8441914660383336,-1.2399671415005973,0.4881702043952287,3.761604463844164,20.942431914481666,True,True,True,True
627,-0.7205259308736943,1.5261406364968486,2.5137414641271385,-2.8663700446630225,0.5284550261568599,0.7088564531088161,-2.841947331584744,-1.2783724957209566,0.4918656879997971,3.767256527700893,1.5004757401807578,False,False,False,False
628,-0.7474052210167096,1.5185502216846376,2.5191280856227283,-2.8497033906562703,0.4968778335836961,0.6946523142674721,-2.837052555188709,-1.317607895864757,0.48814328224618947,3.774197098875204,1.49779286830046,False,False,True,True
629,-0.7742115968095019,1.5104956710323467,2.5245156456408737,-2.8330367363681868,0.46472370861106765,0.680419091298465,-2.832784301781959,-1.3552708290195772,39.56549042534531,3.7823005594191352,1.502075313445261,True,True,False,False
630,-0.8009370480820971,1.5019773081171008,2.5299041389675603,-2.8163700818050237,0.433248327480157,0.6653605265315808,-2.8266824792863554,-1.3945502850584055,0.4901918001877292,3.7932254779390577,1.5015547685343977,False,False,True,True
631,-0.8275735551664742,1.4929955947047775,2.5352935604177405,-2.7997034269728935,0.4016314552234969,0.6501070207795417,-2.820576980662037,-1.4333770352335429,0.49189727835284885,3.8041384679907897,1.5000972485453539,False,False,False,False
632,-0.8541130912802881,1.4835511311577996,2.5406839048351726,-2.7830367718777738,0.37018930153095153,0.6343880901342666,-2.8139667629777345,-1.4711791603201556,0.4885570556981608,33.99138764441368,1.50288670281939,True,True,False,False
633,-0.8805476249215775,1.4736446568017978,2.546075167092261,-2.7663701165255086,0.33890539608652137,0.6182049159482181,-2.806658836087599,-1.508930062464738,0.4901123776794467,3.8149584096621454,1.5072788415423337,False,True,False,False
634,-0.9068691222737498,1.463277050250892,2.5514673420898966,-2.749703460921812,0.30775329218182534,0.6015742901953371,-2.798690478804839,-1.5466009966355727,36.0376606758922,3.823756562925012,1.498727736300547,True,True,False,False
635,-0.9330695496201266,1.4524493296913497,2.5568604247572986,-2.7330368050722718,0.27670295951111,0.5844761621867137,-2.3741420316415454,-1.4785787198414395,-38.1287194366156,3.8300932094478233,1.503592953100537,True,True,False,False
636,-0.9591408757673279,1.4411626531233903,2.5622544100518567,-2.716370148982351,0.25032360360398176,0.5680475097440311,-2.3642951613798333,-1.5176370966854396,0.486162348960217,3.841855216300429,1.5028792416502372,False,False,True,True
637,-0.9850750744767718,1.4294183185609235,2.567649292958976,-2.6997034926573913,0.23576520886060223,0.5634160601334411,-2.3717540566565942,-1.547582379879935,0.48886774331558946,3.848699750455552,40.26089337138084,True,False,False,False
638,-1.0108641269035572,1.4172177641890134,2.57304506849192,-2.683036836102616,0.21699654568158233,0.5521588083007135,-2.488660992233879,-1.3444498193294416,0.48516633301782564,-19.81804752799979,1.5028355301988898,True,False,True,True
639,-1.0365000240419957,1.4045625684788792,2.5784417316916564,-2.666370179323132,0.44128036712434393,0.4555955811426406,-2.20586230330741,-1.5841085717596868,0.4889327782488748,22.514863532715022,1.4990103023276464,True,False,True,True
640,-1.0619747691770525,1.3914544502602553,2.5838392776267027,-2.649703522323933,0.521046698814553,0.4042399392779582,-2.013274139262994,-1.8674510915897489,0.48960239826744395,27.492218665710322,1.5005007045449383,True,False,True,True
641,-1.087280380340954,1.3778952687509434,2.589237701392974,-2.633036865109901,0.42220817156502355,0.4129808398167063,-2.0571964749276113,-1.8905706626693055,0.4962590671479054,3.880152694098433,1.5017673444191912,False,False,True,True
642,-1.1124088927742144,1.3638870235434042,2.5946369981136304,-2.616370207685811,0.42302682548094794,0.38448639110903027,-2.027976684726829,-1.9289399488536738,0.4909012458795175,3.8879790616084193,1.4991954124441762,False,False,True,True
643,-1.1373523613903285,1.3494318545482515,2.600037162938925,-2.59970355005633,0.4004937512062054,0.36305372501065614,-2.0126731729106857,-1.9653087230031225,0.49506262953685387,3.896236029707642,1.5027336186374525,False,False,True,True
644,-1.162102863243381,1.3345320418945197,2.6054381910460545,-2.5830368922260227,-0.13436603198232594,0.5123226566619075,-2.5597927988637204,-2.0504479568841965,21.999116060959626,3.9054497298220943,1.50401733759318,True,False,True,True
645,-1.1866524999978088,1.319190005786593,2.6108400776390086,-2.566370234199352,-0.4290584742417728,0.5716728249065897,-2.71858847899299,-2.0747490816544887,0.49244905946138745,3.9149025773703183,1.4993141849568172,False,False,True,True
646,-1.2109934003995608,1.3034083063176967,2.6162428179484216,-2.5497035759806814,-0.6065489492007391,0.5932086311766491,-2.797367056867354,-2.107309373861352,0.49175733248155057,3.9220224565460606,1.4982964331633757,False,False,True,True
647,-1.2351177227478893,1.2871896432398626,2.6216464072314243,-2.5330369175742775,-0.6896170518298332,0.5854065773839008,-2.8145493272149675,-2.1436970543030935,0.48998758608332654,3.930425104810139,1.4982318767915377,False,False,True,True
648,-1.2590176573670073,1.2705368556902976,2.6270508407714965,-2.5163702589843124,-0.8116633660465598,0.5869410478568119,-2.853175982901451,-2.1825186239703913,0.4932198337896764,3.939225880120598,1.5026320076582547,False,False,True,True
649,-1.2826854290768457,1.2534529218740937,2.6324561138783213,-2.4997036002148647,-0.8695119745255938,0.5683143640549825,-2.8509948477105582,-2.22367094873079,0.4924679562374495,3.947782256134248,1.4993951049717904,False,False,True,True
650,-1.3061132996621374,1.2359409587032353,2.6378622218876395,-2.4830369412699236,-0.9564377887679066,0.5601483087471457,-2.8503736075743165,-2.2643955762876673,0.4911473910475395,3.9538251877813493,-34.56562979271457,True,True,False,False
651,-1.3292935703390596,1.2180042213918687,2.643269160161103,-2.466370282153388,-1.295983341714442,0.617922743328581,-3.0416124998951926,-2.299258879442888,0.4928514829500773,3.9605970120549836,29.960440710708426,True,False,True,True
652,-1.3522185842186576,1.1996461030078183,2.648676924086134,-2.4497036228690723,-1.2165668080328909,0.6092368556441558,-2.9509707611436715,-2.2565194937541144,0.4927420538318902,3.968362922548844,1.5035884803870747,False,False,True,True
653,-1.3748807287662788,1.1808701339803407,2.6540855090757787,-2.433036963420704,-1.1950367525227923,0.5914525348731254,-2.896967757465347,-2.255580396509203,0.4893307297731002,3.9771014603803474,1.4984180503641016,False,False,True,True
654,-1.397272438256239,1.1616799815641279,2.6594949105685677,-2.4163703038119295,-1.2004456134303314,0.5709530121617701,-3.0214731887946735,-2.090793183584256,0.49070161134770457,-17.8615240792264,1.4997183038725865,True,False,True,True
655,-1.4193861962209449,1.1420794492595798,2.664905124028372,-2.399703644046313,-1.31566090254983,0.5621040030827148,-3.0528731640459834,-2.1345474482947595,0.4927627133734813,3.996881813279106,1.5023671275656094,False,False,True,True
656,-1.4412145378936951,1.122072476189383,2.670316144944264,-2.3830369841273393,-1.3495817154836742,0.538386809212773,-3.0264647607083477,-2.169909205113648,0.49266078723656276,4.003047464265807,1.5003387455705173,False,False,True,True
657,-1.4627500526443848,1.1016631364314455,2.675727968830376,-2.3663703240584173,-1.4287504259859196,0.5234996549476286,-3.057914738657647,-2.2057752823174797,-37.307928424146596,4.011744181909859,1.498983178251389,True,True,True,True
658,-1.4839853864073316,1.0808556383082506,2.681140591225763,-2.3497036638428788,-1.5559022220145478,0.4949004162855018,-3.0815606325022813,-2.284236859432882,0.48936846185830146,4.016943193175104,-15.4683896193968,True,False,True,True
659,-1.5049132441004502,1.0596543236327065,2.686554007694262,-2.3330370034839816,-1.5021183814480012,0.4550079867665091,-2.989845821675249,-2.3124475403702798,0.4935969453450812,4.026345716089334,1.5038961551355243,False,False,True,True
660,-1.5255263920349962,1.0380636669105852,2.6919682138243552,-2.3163703429849116,-1.5470752211923258,0.41993294509963675,-2.962505202105589,-2.3686687099669985,0.49087786053401805,4.032080772291574,1.4967313260994475,False,False,False,False
661,-1.5458176603151021,1.0160882744996524,2.697383205229035,-2.299703682348784,-1.5521584162848092,0.3881496806732481,-2.9132071882344013,-2.4030554821048944,0.4906106428182218,4.042850097043179,1.5037777937648789,False,False,True,True
662,-1.5657799452263321,0.9937328837256105,2.7027989775456636,-2.283037021578645,-1.5964101414380378,0.3569475317106614,-2.888124222111148,-2.449636436746924,0.49102012990531047,4.049621482073609,1.5001545366014606,False,False,False,False
663,-1.5854062116124792,0.9710023619549842,2.708215526435842,-2.266370360677471,-1.6176659568959852,0.32746753840108417,-2.8620851279298676,-2.4718621443022757,0.4958885158039818,37.266304836572786,1.504796667998394,True,True,True,True
664,-1.604689495239833,0.9479017056250983,2.7136328475852727,-2.2497036996481756,-1.6442996761423272,0.298570779795351,-2.8397955916581523,-2.4943848078813433,0.49609708673839314,4.064901378578485,1.5002905701445362,False,True,False,False
665,-1.6236229051481461,0.9244360392313061,2.719050936703626,-2.233037038493605,-1.6758529604940844,0.2708553930411139,-2.821615015853312,-2.516110871977701,38.229267613345385,4.075548656659722,1.5003056923764968,True,True,True,True
666,-1.6421996259875302,0.900610614271643,2.724469789524408,-2.2163703772165437,-1.703257198593084,0.24113996185919612,-2.7858853338203504,-2.5502679999182174,0.49450282068758056,4.084373769425965,1.4990298884904958,False,False,False,False
667,-1.6604129203405138,0.8764308081490939,2.729889401804828,-2.1997037158197132,-1.7342114800799768,0.2128036507489937,-2.753847436282121,-2.5827254821422763,0.49214838079509404,4.09206246720965,1.4992384136968802,False,False,True,True
668,-1.6782561310284967,0.8519021230316751,2.7353097693256654,-2.183037054305775,-1.7553693104451717,0.28140256597749885,-2.7062407601976024,-2.484377821900916,0.4924628769857956,4.101936405086943,1.5047882613486567,False,False,True,True
669,-1.6957226834018386,0.8270301846705477,2.7407308878911403,-2.166370392677332,-1.7855909019792637,0.3016238204526689,-2.670361076448579,-2.4522996635651997,0.4916895312795246,4.107850077421111,1.49934297661892,False,False,False,False
670,-1.7128060876128242,0.8018207411763898,2.746152753328782,-2.1497037309369285,-1.8181079768427544,0.3122735536408619,-2.6526468080139645,-2.423388013988385,-32.656962271222206,4.120028071308602,1.5027667636030986,True,True,False,False
671,-1.7294999408707443,0.7762796617542728,2.751575361489301,-2.1330370690870524,-1.849610731786666,0.2992047235880275,-2.635900173339465,-2.424759467186126,-32.88308107136933,4.1249463230147,1.502440351897282,True,True,True,True
672,-1.7457979296783446,0.7504129353972959,2.756998708246459,-2.1163704071301366,-1.8802584806039155,0.2962941360877755,-2.5997872129629123,-2.422421810664249,0.4930939432304119,4.137233801567758,1.4951116670178208,False,False,True,True
673,-1.7616938320488884,0.7242266695392513,2.7624227894969415,-2.0997037450685596,-1.9119222011897927,0.2991932359179917,-2.566210133815023,-2.4124779858051615,0.49224199215995895,4.13812097293792,1.4994392047828966,False,False,False,False
674,-1.7771815197030914,0.6977270886666016,2.76784760116023,-2.083037082904647,-1.940005876080829,0.26938272967018095,-2.544191554594456,-2.4335183099162414,-18.31696893971564,4.147041918964536,1.5011787157761254,True,True,True,True
675,-1.792254960245183,0.6709205328900685,2.773273139178476,-2.0663704206406734,-1.9707514962848816,0.27394587017985034,-2.5074544752188443,-2.421131665946206,0.49497866368735405,4.156303420444333,1.501473677676424,False,False,False,False
676,-1.8069082193173602,0.6438134564761425,2.7786993995163733,-2.0497037582788624,-1.9970684187515033,0.2371613187223911,-2.4826644358960657,-2.44975997808013,0.4924395551661155,4.165882851475963,-30.751434068132834,True,True,True,True
677,-1.8211354627319007,0.6164124263388381,2.7841263781610355,-2.033037095821388,-2.0232677564651778,0.20223541638786974,-2.4426142802297024,-2.484095728104645,0.4938019176291381,4.175811477489911,1.499212146902546,False,False,True,True
678,-1.834930958580205,0.5887241204920307,2.789554071121869,-2.016370433270376,-2.048076883680685,0.16348717694189066,-2.400545854936819,-2.5211484417579695,0.49239492426319265,26.532281995476335,1.4983524567037936,True,True,True,True
679,-1.8482890793180473,0.5607553264627282,2.7949824744304514,-1.9997037706279046,-2.078183421260357,0.19408933366852102,-2.3601396925598155,-2.474377195162096,0.4933413829801911,4.191392913026587,-26.43529543993265,True,True,False,False
680,-1.8612043038263177,0.5325129396656382,2.800411584140406,-1.983037107896007,-2.1026700964801623,0.15718571487471403,-2.317833549435931,-2.5083861091035833,0.4950420921472785,4.1982118989955755,1.5002522987163145,False,False,True,True
681,-1.8736712194465417,0.5040039617394096,2.80584139632728,-1.96637044507667,-2.126901888409433,0.12236566897176855,-2.2752777642524795,-2.538776611088552,0.49560108056924823,4.2055442411386785,1.4994306732137792,False,False,True,True
682,-1.8856845239904718,0.4752354988449384,2.8112719070884244,-1.9497037821718366,-2.1521827524566826,0.09415703995967353,-2.2369586708504987,-2.560040091590726,0.4899205747981014,4.216084596352806,1.4990448434184724,False,True,True,True
683,-1.8972390277230518,0.4462147599261388,2.8167031125428714,-1.933037119183407,-2.208160451709619,0.17139291218039737,-2.2141509386498397,-2.4621530565267435,0.4938642818329948,4.224346375667041,1.5006355932545736,False,False,False,False
684,-1.9083296553180584,0.4169490549335977,2.8221350088312134,-1.9163704561132389,-2.2463704481597206,0.16932976260988514,-2.182890690605607,-2.4542552043479575,0.4938170557934864,4.230172538336441,1.4973276980446104,False,False,True,True
685,-1.9189514477857341,0.3874457930115386,2.8275675921154844,-1.8997037929631486,-2.2739856910104566,0.16349329199561013,-2.143245083008621,-2.4477836308763856,0.4946228782229596,4.241491994505323,1.5023840351176556,False,False,True,True
686,-1.9290995643717284,0.35771248064853733,2.8330008585790405,-1.8830371297349122,-2.298337357646561,0.14835819465081077,-2.1013897380835758,-2.450773759923659,0.49217949804060335,4.246996188086072,1.5000304216552682,False,False,False,False
687,-1.938769284426676,0.32775671979244264,2.838434804426441,-1.866370466430266,-2.3224897739480057,0.1295658258898138,-2.06041880674291,-2.456973078428207,0.4956115551680908,-18.53324155374259,1.500895741765296,True,True,True,True
688,-1.947956009245743,0.2975862059299673,2.843869425883331,-1.8497038030509083,-2.34965873951958,0.10365671248493813,-2.0210165097332924,-2.471654111865744,0.4964348018584249,4.262628269503861,1.5002369893392853,False,False,True,True
689,-1.9566552638774846,0.2672087261314284,2.8493047191963248,-1.8330371395984995,-2.3687552413205015,0.08400870515410627,-1.9760918231465474,-2.476249412687129,0.496090215254735,40.02781091366812,1.5033472302119018,True,True,False,False
690,-1.9648626989013573,0.23663215706112656,2.8547406806328883,-1.8163704760746626,-2.386735185256065,0.058912995589323024,-1.9304313979926093,-2.4861681122618102,40.22255090474082,4.279146211692607,1.5001688246510116,True,True,False,False
691,-1.9725740921732493,0.20586446295386748,2.860177306481224,-1.799703812480985,-2.4081844230115386,0.03128890545308069,-1.8886906250848796,-2.4990364850072124,0.49206021508585607,4.289431102525396,1.5036290765029754,False,True,True,True
692,-1.9797853505383864,0.17491369355813902,2.8656145930501555,-1.7830371488190186,-2.4296373147916945,0.005492344745744117,-1.587628658205619,-2.556575405423684,0.49739157779324067,27.839879428829754,1.5005724438486725,True,True,True,True
693,-1.9864925115109897,0.1437879820464709,2.8710525366690125,-1.7663704850902813,-2.437729046329665,-0.024663277677961948,-1.5347164384894254,-2.56770717941416,0.49285061407000347,4.301042907777397,1.504347275583016,False,False,True,True
694,-1.9926917449200647,0.11249554289351439,2.876491133687518,-1.7497038212962566,-2.4486353555465126,-0.054305313434717783,-1.484325756277927,-2.5780011853599025,0.49370332729910926,4.313327476375095,1.499077770269916,False,False,True,True
695,-1.998379354520712,0.08104466972239172,2.8819303804756737,-1.7330371574383954,-2.4592089160611756,-0.08362909896600174,-1.433883312678004,-2.587154448458795,0.4988377886833824,4.318460630056867,1.5047761417431604,False,False,True,True
696,-2.0035517795703583,0.04944373311987556,2.8873702734236484,-1.7163704935181163,-2.467084297327056,-0.11391680054562006,-1.7013105340996322,-2.562114968894021,0.49425863750974186,-24.58925919156381,1.5005484016008972,True,False,False,False
697,-2.0082055963693133,0.017701178420971082,2.892810808941665,-1.6997038295368063,-2.4798850678874396,-0.14390221881620519,-1.6505926114234117,-2.5711140021054697,0.4960010836900148,4.335811644914457,1.502407829875787,False,False,True,True
698,-2.0123375197650746,-0.014174476536516628,2.8982519834598905,-1.6830371654958218,-2.4115697222942463,-0.18777183635351413,-1.5491453435859843,-2.5845313507732803,0.49330583997438504,4.3461078145514405,20.771995653981882,True,False,True,True
699,-2.0159444046198005,-0.04617464368683556,2.903693793428323,-1.666370501396489,-2.2995991295819938,-0.2638501477613907,-1.4519770145531794,-2.6325031526277822,0.49767231492846614,4.352024029201795,33.94737412962531,True,False,True,True
700,-2.0190232472403933,-0.07829066703995534,2.909136235316684,-1.649703837240104,-2.399791022239856,-0.25568852731016967,-1.516522157162292,-2.607421501739202,0.4924707980261188,4.36131432125679,1.4980995910747532,False,False,False,False
701,-2.0215711867706347,-0.11051382501343582,2.9145793056143074,-1.6330371730279352,-2.468895038784191,-0.2762866015268394,-1.5260528721115074,-2.6082815143678117,0.49408060232873663,4.370098153931255,1.499528962852694,False,False,True,True
702,-2.023585506544833,-0.14283533279186983,2.9200230008300303,-1.616370508761222,-2.476196186557219,-0.31051163923836683,-1.0605179524685555,-2.5906645374592117,0.4941545791010633,42.34557258299123,1.5018862283062306,True,False,False,False
703,-2.025063635402447,-0.1752463447132637,2.9254673174920858,-1.5997038444411764,-2.499397585734027,-0.3358105997106999,-1.0264326302164644,-2.5911212599173594,0.4913720977063776,4.383076305322291,1.5032831905039228,False,False,True,True
704,-2.026003148963165,-0.20773795668170925,2.930912252147994,-1.5830371800689838,-2.510445712591602,-0.366384184868279,-0.81110281335688,-2.586436655308385,0.4922376550084647,19.786970662495644,1.4992433815972295,True,False,True,True
705,-2.026401770861927,-0.2403012086056909,2.9363578013644553,-1.5663705156458028,-2.5084530087100037,-0.39795088839131076,-0.7565262344024921,-2.5914359764417707,0.4921069678665201,4.400538237486999,1.5025302761324224,False,False,False,False
706,-2.0262573739433867,-0.27292708686136175,2.9418039617272456,-1.5497038511727665,-2.516026293143176,-0.42624972833958574,-0.7308359466243618,-2.296482790163383,-26.19651961141582,4.407515962510188,1.4982678230255972,True,False,True,True
707,-2.0255679814153282,-0.3056065267801128,2.9472507298411066,-1.5330371866509829,-2.5158023098468556,-0.45436335482191764,-0.6455634413441065,-2.2793494024188248,0.4972233292391414,4.41699996895433,39.46719167750965,True,True,True,True
708,-2.024331767960555,-0.3383304151597506,2.9526981023296437,-1.5163705220815353,-2.525025959277763,-0.47882861355668893,-0.5726991961362105,-2.2576359861160973,-36.76489977974645,4.427519698180196,1.504109627342147,True,True,False,False
709,-2.022547060806782,-0.3710895927985885,2.9581460758352196,-1.4997038574654828,-2.5225229341740554,-0.5064181588314118,-0.5194130009871433,-2.2590571142091087,0.49591734675017674,4.43704350779621,1.4999712730739574,False,False,False,False
710,-2.0202123407540857,-0.4038748570517484,2.963594647018851,-1.483037192803861,-2.521604517684365,-0.5338643181723889,-0.06370955884626821,-2.199865790803399,0.49343292915880416,41.06609015975465,1.5006329490107007,True,False,True,True
711,-2.017326243159451,-0.4366769644089609,2.969043812560104,-1.4663705280976826,-2.521207783681324,-0.5585284628462422,-0.016738593151317954,-2.1978103560880005,0.4947224766284079,4.4480021828672776,1.5037957521985565,False,False,True,True
712,-2.0138875588780016,-0.4694866330931427,2.9744935691569925,-1.449703863347938,-2.506317935741753,-0.5870342890491076,0.04577367430640986,-2.1977873106848613,0.4950625223673161,4.459548139809893,1.50494302564927,False,False,False,False
713,-2.009895235160483,-0.5022945456790224,2.979943913525873,-1.433037198555595,-2.4916993860669687,-0.6167136125471807,0.10742604444930423,-2.1989237653497633,0.49598204055485284,4.4649484308222105,1.4992385386499492,False,False,True,True
714,-2.0053483765065905,-0.5350913517310769,2.985394842401347,-1.4163705337216004,-2.47653864694583,-0.6449851805940578,0.16929681374002634,-2.197670469671079,0.49822127960083157,4.472645451963592,1.503173503424151,False,False,False,False
715,-2.000246245473757,-0.5678676704600333,2.990846352536154,-1.3997038688468797,-2.4746575712376075,-0.6694037413681809,0.5917720743972243,-2.111915631562999,0.49347295128824414,39.102506916754464,1.501602737686837,True,False,True,True
716,-1.994588263441005,-0.6006140933971823,2.9962984407010764,-1.383037203932338,-2.471683940599665,-0.6897145280665685,0.635633918843251,-2.1001747326582363,0.4944708971975657,4.490950776934803,1.5015153629584672,False,False,False,False
717,-1.9883740113275046,-0.633321187085743,3.001751103684836,-1.3663705389788603,-2.4679343451264577,-0.7126538116943749,0.6795151497468284,-2.092042541036314,0.4974457360096812,4.49443585512043,1.4996684571556267,False,False,True,True
718,-1.981603230265474,-0.6659794957885103,3.0072043382939944,-1.3497038739873117,-2.4634182077217015,-0.7355137214989816,0.7239506798995146,-2.083118200895698,0.4949800316338193,4.506547089798687,1.4960780578500747,False,False,True,True
719,-1.9742758222270833,-0.6985795442110101,3.012658141352855,-1.3330372089585383,-2.457638739054896,-0.7583506366057352,0.8522037920978506,-2.0303027401905673,-33.07534814409209,4.516865151930824,1.502275799514271,True,True,True,True
720,-1.9663918506050269,-0.7311118402393783,3.0181125097033634,-1.316370543893367,-2.4426658138070936,-0.7790688959416158,0.9049588475662199,-2.0178245112108493,0.49647987140595257,4.525636834524508,1.5004326852759189,False,False,True,True
721,-1.9579515407464518,-0.7635668776921773,3.0235674402050114,-1.2997038787926072,-2.4283937748148445,-0.800540648052594,0.956237306610624,-2.0059911248522866,0.49651559166238896,4.532363678081304,1.5015806430718854,False,False,True,True
722,-1.948955280439935,-0.7959351390853521,3.0290229297347366,-1.2830372136570494,-2.4044518752135455,-0.7922094637315977,1.0592529658088032,-1.9277194894572263,0.4955111131827017,4.539863832853243,-31.537587799350906,True,True,True,True
723,-1.9394036203552218,-0.8282070984095241,3.0344789751868277,-1.266370548487467,-2.393837273361448,-0.8255898970123191,0.7506031765530307,-2.051608208716794,0.49664040302146956,-29.684152841033825,1.5035102705167724,True,False,True,True
724,-1.929297274435448,-0.8603732239188174,3.039935573472827,-1.2497038832846161,-2.3817038756607096,-0.835854660034967,0.7970483999299341,-2.02743057555724,0.49457258386219183,4.5580071466859176,1.5003865627144053,False,False,True,True
725,-1.9186371202415835,-0.892423980930401,3.0453927215214347,-1.233037218049236,-2.3664361930444473,-0.8448241303810846,0.8622588382284432,-1.973753382626628,0.49641373226907815,4.56621240536292,-14.363866417535295,True,True,True,True
726,-1.9074241992488492,-0.9243498346339287,3.0508504162784145,-1.2163705527820494,-2.3575399680235956,-0.8665130315890323,0.925642659342966,-1.9306688969829047,0.49524235282153894,4.569969099332619,33.06867347925486,True,True,True,True
727,-1.8956597170948721,-0.9561412529100538,3.0563086547064975,-1.1997038874837633,-2.3462569353152127,-0.9046900783136139,0.9793737402909546,-1.9304583022172292,0.49452691698271545,4.576984706674449,1.4991654044061196,False,False,False,False
728,-1.8833450437793595,-0.9877887091571862,3.0617674337852887,-1.1830372221550687,-2.335921426919342,-0.9414223195653613,1.0306832630426455,-1.9281301109495248,0.4984511410851889,4.591180379100602,1.4989230897321082,False,False,True,True
729,-1.8704817138150844,-1.0192826851256598,3.067226750511173,-1.1663705567966414,-2.324021785707846,-0.9586445538680513,1.0754604201602103,-1.9072327504891842,0.49666374534934854,4.597422980719874,1.4991562685713138,False,False,True,True
730,-1.8570714263299926,-1.0506136737584708,3.072686601897222,-1.1497038914091422,-2.3125782726704456,-0.9788504377716017,1.1198287604682358,-1.8887224777820093,0.49686109028820014,4.605958649437065,29.915100729205065,True,True,False,False
731,-1.8431160451202524,-1.0817721820377424,3.0781469849731016,-1.1330372259932169,-2.3001357308874653,-0.9998362430802907,1.1644622026097118,-1.8710149877517372,0.49583210321886345,4.6132585457229425,1.4997370195027622,False,False,True,True
732,-1.8286175986540856,-1.1127487338360702,3.0836078967849794,-1.1163705605494973,-2.281217418430125,-1.0095716278819395,1.2116685562871399,-1.8419994454593258,0.49840998484100385,4.621023061315664,1.503337579706516,False,False,True,True
733,-1.8135782800262308,-1.143533872771896,3.0890693343954334,-1.0997038950786013,-2.267754434471379,-1.0300382883870431,1.2559702067613754,-1.8230815346125298,0.4980851008187305,4.632483157987359,1.5005525035959413,False,False,True,True
734,-1.7980004468629074,-1.1741181650680557,3.09453129488336,-1.0830372295811328,-2.257945928032019,-1.0603141755285623,1.302304264657075,-1.8091435035925336,0.49622583819293226,4.642536197552093,1.4989960605386983,False,False,False,False
735,-1.7818866211771593,-1.2044922024126428,3.099993775343884,-1.066370564057682,-2.2434758806469404,-1.0804157700129238,1.346095440251402,-1.788491357697906,0.4966391260923484,4.647390633752926,1.5038454759953226,False,False,True,True
736,-1.765239489174477,-1.2346466048213272,3.10545677288827,-1.0497038985088265,-2.2232657871946397,-1.0918891618689999,1.3926909199296602,-1.7586397020938227,0.49654719014314896,4.6612649956153644,1.4996059243185484,False,False,False,False
737,-1.7480619010086078,-1.2645720235002642,3.110920284643829,-1.0330372329351305,-2.203522713905435,-1.105162297573499,1.4387469823697594,-1.7298392283310977,0.49311576591498774,4.665347254651945,1.4995522437370516,False,False,False,False
738,-1.7303568704874825,-1.2942591437087276,3.1163843077538327,-1.0163705673371464,-2.1846354378751442,-1.1205744295723117,1.4618564203354354,-1.7168303770979638,0.501004376592361,4.671676975178144,-18.120956840274886,True,True,False,False
739,-1.712127574729198,-1.3236986876205992,3.1218488393774226,-0.9997039017154137,-2.165887754011364,-1.1367792624265745,1.4848268395803306,-1.7042882491463613,0.4968095043748807,-31.735594100110838,1.499384894832061,True,True,False,False
740,-1.6933773537680123,-1.352881417183841,3.127313876689523,-0.9830372360704605,-2.1473616198548657,-1.1537337511621466,1.5292282193942162,-1.6773707254663057,0.4991340514866808,4.685346221586164,1.5014078900897874,False,False,False,False
741,-1.6741097101103268,-1.3817981369770818,3.132779416880754,-0.9663705704028023,-2.13037019519493,-1.1723712036673277,1.54977048214228,-1.6677220806350412,-16.348578704204336,4.697236291199752,1.5007648811486454,True,True,True,True
742,-1.654328308240638,-1.4104396970624395,3.1382454571573426,-0.9497039047129441,-2.110177852486345,-1.1887618627627268,1.595059503188438,-1.6384173010048977,0.49428330375668333,4.70532145209996,1.5014701098297123,False,False,False,False
743,-1.6340369740774647,-1.438796995833708,3.1437119947410364,-0.9330372390013788,-2.0924549691175844,-1.206966499440559,1.6365084300343538,-1.6122761861849806,0.498668964804794,4.7083733474610945,1.4988592932804703,False,False,True,True
744,-1.6132396943792682,-1.466860982859027,3.1491790268690183,-0.9163705732685887,-2.0742715421172027,-1.2248806792870586,1.6568392193886938,-1.6016183898861802,0.4955637711753567,4.720755074882678,27.386877968986113,True,True,True,True
745,-1.5919406161003942,-1.4946226617171665,3.15464655079382,-0.8997039075150459,-2.0558622174573284,-1.2426764391746827,1.6979155491234217,-1.5744440677108489,0.49870025654642836,4.7307346768012835,1.5010574656882776,False,False,True,True
746,-1.5701440456970905,-1.522073092826537,3.160114563783237,-0.8830372417412118,-1.9994045169898933,-1.250283912886839,1.7694735398696024,-1.5381665287016002,25.748971091945425,4.7364583873845865,1.4981962716082526,True,True,False,False
747,-1.5478544483836596,-1.5492033962660585,3.165583063120244,-0.8663705759475366,-1.9444383800398009,-1.25873024535119,1.8391382583515492,-1.5024718224862834,0.49485351964487867,4.742790026803937,1.5024334246006734,False,False,False,False
748,-1.5250764473388267,-1.5760047545870044,3.1710520461029095,-0.8497039101344619,-1.9240035105025615,-1.2754243767121487,1.8790574168493297,-1.4731554344961773,0.4936190186028781,4.755609203661649,1.5000047296066434,False,False,True,True
749,-1.5018148228624195,-1.6024684156149451,3.176521510044313,-0.8330372443024183,-1.8739733864581558,-1.285007668239494,1.9436703638602164,-1.4362508829239298,0.5002768287588469,4.760389729652834,1.500029398705955,False,False,True,True
750,-1.4780745114824656,-1.6285856952409155,3.181991452272462,-0.8163705784518278,-1.8505965864042822,-1.300571810081763,1.9834190969750858,-1.4061813850507277,0.49874924680979094,4.772651662274556,-27.537664958377352,True,True,True,True
751,-1.453860605012837,-1.6543479802009293,3.1874618701302078,-0.799703912583102,-1.7944312762665233,-1.3087591482211207,2.050349469457808,-1.3688633547746427,0.4980486239578855,36.08558031471707,1.5024778225527045,True,True,False,False
752,-1.4291783495615804,-1.6797467308429674,3.192932760975163,-0.7830372466966442,-1.7464495743320925,-1.3187542443417388,2.110146076971042,-1.331918501886122,0.4933268509363947,4.786502776308553,1.50214554371593,False,False,True,True
753,-1.404033144490088,-1.704773483880567,3.198404122179622,-0.7663705807928487,-1.7072242520167393,-1.3304715809390564,2.1617244982304062,-1.2958175376386325,0.49878695368798903,4.793049641929764,1.5015856041730993,False,False,True,True
754,-1.3784305413232845,-1.7294198551321387,3.2038759511304757,-0.7497039148721001,-1.6627413509762365,-1.3410078023847782,2.215916536140833,-1.2596635476134677,0.4983148418658838,-27.75292419690845,1.4984577039339495,True,True,False,False
755,-1.3523762426110135,-1.7536775422451454,3.2093482452291338,-0.7330372489347758,-1.616719208832783,-1.3511540635066766,2.271326090144273,-1.222298156399815,0.4989757729504875,4.810788576758638,1.499096137753174,False,False,False,False
756,-1.325876100740828,-1.7775383274042738,3.214821001891441,-0.7163705829812441,-1.5726046676592713,-1.3615569015438531,2.3236100743619557,-1.1853515778892914,0.49637965239326726,4.822350390617833,-29.275495662829137,True,True,False,False
757,-1.2989361167024003,-1.8009940800227346,3.2202942185475996,-0.6997039170118646,-1.529457615800883,-1.3719749875297282,2.3749113874350574,-1.147375817519964,0.4943769170459843,4.826521651351442,1.502688355751598,False,False,False,False
758,-1.2715624388037883,-1.8240367594158315,3.225767892642088,-0.68303725102699,-1.4884689725120688,-1.3825814773044804,2.4228584638689337,-1.1098712612271604,0.49595622044310755,4.835142805564192,-25.90165906324402,True,True,False,False
759,-1.2437613613398026,-1.846658417455938,3.2312420216335824,-0.6663705850269643,-1.4620836188045518,-1.3949920658271469,2.4575425431079934,-1.0732763746617273,0.5003254757819567,4.844725871053322,1.5019324231083768,False,False,True,True
760,-1.2155393232127405,-1.8688512012080292,3.2367166029948775,-0.6497039190121248,-1.4165072980636084,-1.4045085866423748,2.50898328412946,-1.0331705742416228,0.49703978747937033,4.851058135729133,1.500474359232569,False,False,True,True
761,-1.1869029065057648,-1.8906073555449163,3.242191634212807,-0.6330372529827999,-1.3763189390587285,-1.414574490327352,2.5547507453815927,-0.9930300487254734,0.500940371211225,4.85733155692157,1.500330625108825,False,False,True,True
762,-1.1578588350092216,-1.9119192257413364,3.247667112788168,-0.6163705869393121,-1.3322164087479877,-1.4237883705849526,2.602822229917529,-0.9525246603712691,0.49853854899598277,4.86782916939332,1.5004338627995206,False,False,False,False
763,-1.1284139727002063,-1.9327792600460536,3.2531430362356413,-0.5997039208819759,-1.304759501181381,-1.434570136384047,2.634683574995489,-0.9135183584699241,0.4996749058170874,4.877778199680919,1.5011135740688974,False,False,True,True
764,-1.0985753221757024,-1.9531800122311345,3.2586194020837147,-0.5830372548110985,-1.253701046082643,-1.4426516740706787,2.688016807727288,-0.8708794498479845,0.4993824479022225,4.8844071952904375,1.5029852281819749,False,False,True,True
765,-1.0683500230396317,-1.9731141441175615,3.2640962078746076,-0.5663705887269814,-1.225888571273117,-1.4525307611201945,2.7182471168990894,-0.8306297800206334,0.49780451226108435,4.89208843868137,1.5048113984408797,False,False,True,True
766,-1.0377453502441696,-1.992574428076357,3.269573451164193,-0.5497039226299192,-1.197327747307093,-1.461578981777328,2.7479122160934204,-0.7899098032622662,0.4972201729779903,24.806769085523676,1.5018015159932747,True,True,True,True
767,-1.0067687123856965,-2.0115537495043925,3.275051129521923,-0.5330372565201991,-1.169420065948831,-1.4703465387951662,2.77610417707392,-0.748681910322617,0.4967943251540961,4.9081102775000875,-17.506464846914493,True,True,False,False
768,-0.9754276499557667,-2.0300451092740657,3.280529240530752,-0.5163705903981022,-1.1408732842744163,-1.478866626707433,2.804515751074923,-0.7066356162733083,0.4977271514460324,4.917612055792246,1.5038270513110432,False,False,True,True
769,-0.9437298335474942,-2.0480416261560324,3.2860077817870623,-0.49970392426390386,-1.1114328038417005,-1.4868033139380221,2.8323278116617243,-0.6648245211203965,-29.973869425807546,4.92920893716796,1.5027695515354795,True,True,True,True
770,-0.9116830620177693,-2.0655365392141865,3.291486750900591,-0.4830372581178728,-1.0782003234433735,-1.4935642256722064,2.86281053121161,-0.621731404584134,0.4952047360907729,4.936564190018431,1.5016517878307942,False,True,True,True
771,-0.8792952606057324,-2.082523210172088,3.2969661454943533,-0.46637059196027186,-1.0484115802086906,-1.5005286394576318,2.8896841234014286,-0.5777665196760255,0.4982796436769282,4.943743313232141,1.5008009073923771,False,False,True,True
772,-0.8465744790079475,-2.0989951257500445,3.30244596320457,-0.44970392579135865,-1.0175533862486708,-1.5068931760860549,2.916034541427768,-0.5342775919184598,0.49942251478838984,4.947344503699904,33.012573808002536,True,True,True,True
773,-0.8135288894107315,-2.114945899972062,3.307926201680594,-0.43303725961138406,-0.9819486324922853,-1.5119664256073573,2.9460006530966334,-0.48929211956154944,-17.470386376497824,4.958294439041339,1.502186479338196,True,True,True,True
774,-0.780166784480111,-2.13036927644188,3.313406858584838,-0.4163705934205941,-0.9492152919023227,-1.5174030047135967,2.972962525955794,-0.44452133281746803,0.4990450853510064,4.968559513815154,1.5032409573678835,False,False,True,True
775,-0.7464965753098888,-2.1452591305873248,3.3188879315927,-0.3997039272192291,-0.9179131794244075,-1.5221551650026306,2.996858755747593,-0.39919073985476305,20.5735844770471,4.977806777874417,1.5022437793600272,True,True,True,True
776,-0.7125267893283219,-2.15960947187221,3.3243694183924934,-0.3830372610075239,-0.8856574732730281,-1.5263445431731395,3.021280759251038,-0.3522748731456542,0.4979370843878465,4.98219527647582,1.5024862678556798,False,False,True,True
777,-0.6782660681639212,-2.17341444597503,3.3298513166853745,-0.36637059478570855,-0.8492381099658481,-1.5293467112495098,3.0481677321519944,-0.30482228160927377,0.497896610168223,4.98812338942384,1.4989238694733493,False,True,False,False
778,-0.6437231654709,-2.186668336933701,3.3353336241852705,-0.3497039285540078,-0.8137831380132611,-1.532152956041616,3.07376772083645,-0.25648044488607463,0.5009789751496694,5.001572361244329,1.5039887614085599,False,False,True,True
779,-0.6089069447148115,-2.1993655692555993,3.3408163386188092,-0.33303726231264097,-0.77635071891546,-1.5346120115364195,3.0999390594060827,-0.20931472163706247,0.4970992679979619,5.0100643728672525,1.499995430758027,False,True,True,True
780,-0.5738263769189282,-2.2115007099921753,3.346299457725248,-0.31637059606182305,-0.7394300305605053,-1.5369989147115646,3.1246915201044763,-0.16191180485692283,30.730181584797663,5.016394539838008,1.5035729531508741,True,True,True,True
781,-0.5384905383719306,-2.223068470777414,3.351782979256404,-0.2997039298017641,-0.7016802927103349,-1.5389388322155053,3.1493228784386997,-0.1142066346895407,0.4977589217308013,-19.815913934143545,1.5014899793713508,True,True,False,False
782,-0.5029086082974845,-2.2340637098294276,3.3572669009765845,-0.28303726353266967,-0.6672523322627272,-1.5400474605641268,3.170126231212472,-0.06552953086328794,0.4995908886581098,5.033854313072264,1.4972691862424268,False,True,True,True
783,-0.46708986648630046,-2.2444814339144785,3.362751220662517,-0.2663705972547401,-0.6257319887065417,-1.5413206152766112,3.1974638579999244,-0.015199999293126432,0.499825425966358,5.042164842777132,1.4996058812954163,False,False,True,True
784,-0.43104369089128164,-2.254316800272735,3.368235936103281,-0.24970393096817212,-0.586453093692225,-1.5415241461438527,3.085909002281187,-0.34337120739021665,0.500961008951479,-31.15661608487379,1.5008824245566226,True,False,True,True
785,-0.39477955518637786,-2.2635651185050754,3.373721045100238,-0.2330372646731571,-0.5521652158891007,-1.5453393817815217,3.4774101037160245,-0.42091616019674793,35.90636719753169,5.06053336633983,1.5017678635974898,True,False,True,True
786,-0.3583070262897785,-2.272221852420263,3.379206545466965,-0.21637059836988337,-0.5087371916354454,-1.5498863181891918,3.5018111400056497,-0.36791469308332814,0.501294384189267,5.063873144650133,1.5032714327924788,False,False,False,False
787,-0.32163576185208703,-2.2802826218418297,3.3846924350291854,-0.19970393205853432,-0.47180448021891563,-1.5533119785465872,3.876919006257871,-0.4273521188333989,34.34200686088559,5.074477369743762,1.5047419582508013,True,False,True,True
788,-0.2847755077101338,-2.2877432043740105,3.3901787116247024,-0.18303726573928936,-0.4215825576528728,-1.5588435533527198,4.004239915584767,-0.020634529270156993,0.49910671657321976,38.16610503198071,1.500562149153165,True,False,True,True
789,-0.24773609530709542,-2.2945995371260866,3.3956653731033306,-0.1663705994123239,-0.37728877158059554,-1.5592412659568886,4.020042909206997,0.03136750776325598,0.49818043557904507,5.090964947091391,1.5008112861254972,False,False,True,True
790,-0.21052743907960048,-2.3008477183945026,3.4011524173268306,-0.14970393307780938,-0.3326994619593636,-1.5589066271740801,4.035217715141567,0.08394758852499402,0.5006898287245283,5.097517507169304,1.4981423975727886,False,False,True,True
791,-0.17315953381251392,-2.3064840093021384,3.406639842168842,-0.13303726673591365,-0.2904559022819979,-1.5567834755760528,4.04693016918518,0.13695167779331963,0.4972059753948451,5.111698013080555,1.5016593435384775,False,False,True,True
792,-0.13564245196210345,-2.3115048353941194,3.4121276455148175,-0.11637060038680103,-0.196282071187547,-1.6683400663626515,4.12838228900248,0.1173825031586325,0.5021216873973702,5.114781842957966,1.4987057539768727,False,False,False,False
793,-0.09798634094830264,-2.3159067881895736,3.4176158252619575,-0.09970393403063138,-0.14771984288167828,-1.6718346842364096,4.145187139979833,0.16833665089005492,0.4988042040313047,5.124929235216198,1.5018990292354097,False,False,True,True
794,-0.060201420416797255,-2.3196866266887417,3.423104379319144,-0.08303726766756192,-0.07764452439426844,-1.7422953796966119,4.155253405363481,-0.031476247064340664,0.4996356133896939,-13.774167729487957,1.5001568054854744,True,False,False,False
795,-0.022297979471671593,-2.3228412788348685,3.4285933056068774,-0.06637060129774586,-0.15464322624115126,-1.591964602522324,4.020805793337497,0.15587532539833043,0.49859411329444303,5.142520069388116,-34.52146732438101,True,False,False,False
796,0.01571362612063721,-2.32536784293031,3.4340826020572095,-0.04970393492133329,-0.06227394982109592,-1.565019984970455,4.414339434670241,0.13134624205747475,31.690145434142416,5.149027567934365,1.5012768715017175,True,False,True,True
797,0.053822976755318316,-2.3272635890063076,3.439572266613682,-0.03303726853847033,-0.07171650105960731,-1.5467859818193948,4.3680201083828765,0.22973141810706088,0.5000461756849596,5.15320407466532,-14.690159208754952,True,False,True,True
798,0.09201959184033093,-2.3285259601458903,3.44506229723126,-0.01637060214930086,0.04899516582274668,-1.739064896007553,4.38006459854943,-0.21622343247748024,0.5016265633510331,-32.6860049758412,1.5035367822273074,True,False,True,True
799,0.13029293267393352,-2.3291525737593775,3.4505526918762714,0.0002960642460352325,0.13736649173135426,-1.8079558082252118,4.446532434095307,-0.21478994889055825,0.49853349683061904,5.170659585071372,23.997765869852973,True,False,True,True
800,0.16863240534780946,-2.3291412228119754,3.4560434485263416,0.01696273064740117,0.1628351037817082,-1.7723179163227984,4.415565967800005,-0.14379815064057966,0.4997732245749009,5.180605538539232,1.5018816620206008,False,False,True,True
801,0.20702736367499022,-2.32848987700296,3.461534565170331,0.03362939705466239,0.23278461089581937,-1.823918096218212,4.451540852528237,-0.12526058397871528,0.5020502968954564,5.188446906238514,1.5020971556151548,False,False,True,True
802,0.24546711214176783,-2.327196683895967,3.4670260398082733,0.050296063467688334,0.27472276225591385,-1.816694592578631,4.653912070288611,-0.06940703786650856,19.23420481016168,5.202054980454471,1.4984463851758645,True,False,True,True
803,0.28394090888277873,-2.3252599699999146,3.4725178704513135,0.06696272988635066,0.32279634134766816,-1.8146994490539252,4.652837955330605,-0.013521433885268302,0.49777624624625544,5.205729733039066,1.501252419488774,False,False,True,True
804,0.3224379686784325,-2.322678241800099,3.4780100551216457,0.08362939631052413,0.3721129738226531,-1.8144141006572851,4.652804163250948,0.04199730888680663,0.5006633180000503,5.2143459858548615,1.5009395976241506,False,False,True,True
805,0.3609474659738496,-2.3194501867390156,3.4835025918524516,0.10029606274008618,0.5055416741344538,-2.0377368036794223,4.787358801228544,-0.060535929938996175,0.5003425440227083,5.222615974300469,21.422952822666034,True,False,True,True
806,0.3994585379184638,-2.3155746741464847,3.488995478687839,0.11696272917491735,0.5580599087656717,-2.06518588143503,4.790029166709415,-0.04890724901098725,0.4992459716606593,5.2290784884011146,1.501361384160248,False,False,False,False
807,0.437960287425437,-2.3110507561186515,3.494488713682783,0.1336293956149004,0.6414027799638062,-2.1102396319439913,4.89085036033688,-0.4308853151010188,0.49964851079237727,-31.888210095109898,1.504692162721075,True,False,True,True
808,0.4764417862500253,-2.3058776683454685,3.499982294903064,0.1502960620599212,0.6499127669599515,-2.107800721054584,4.83934766309782,-0.36028255829430195,0.4983968140234897,5.247943291861777,-14.623433341454886,True,False,False,False
809,0.5148920780860274,-2.300054830886269,3.5054762204252072,0.16696272850986738,0.6881498077771003,-2.111050569478858,4.824636633259974,-0.2956237062774668,0.49892357133842063,5.253830683951928,1.5007865375542258,False,False,False,False
810,0.5533001816794398,-2.293581848893057,3.510970488336425,0.18362939496462927,0.741756881479989,-2.1143352773263855,4.824062899168182,-0.23820468481475865,0.4982705617226542,5.266947049808878,1.5007614918959298,False,False,True,True
811,0.5916550939584335,-2.2864585132811577,3.516465096734556,0.20029606142410028,0.7362284314597718,-1.96650261420928,4.7151588998190945,-0.04371955583349105,0.5010176128981988,5.269992982109085,-24.096701010905825,True,False,True,True
812,0.6299457931787633,-2.2786848013468854,3.521960043728006,0.2169627278881756,0.7886190859022062,-1.9669883870518745,4.72293871011951,0.01316333267396589,0.5000325900410424,5.282018658659465,1.4982685125828832,False,False,True,True
813,0.6681612420837094,-2.270260877331896,3.52745532743569,0.23362939435675312,0.8703682878144177,-1.9823511294000105,4.7478068917392156,0.10085791801318672,0.49992863411046345,5.287285282589225,1.497266768471068,False,False,False,False
814,0.7062903910776491,-2.2611870929339193,3.5329509459869732,0.25029606082973244,0.9375787830032861,-2.0300386130605856,4.76821801496592,0.13356675502522,0.5012196628339739,5.29381724770372,1.5001591894370554,False,False,True,True
815,0.7443221814123456,-2.2514639877635654,3.5384468975216135,0.26696272730701587,1.0000888410166104,-2.0581950275493757,4.794469488577085,0.15333761825042952,26.336754952248135,5.30481921686332,1.501284271775266,True,True,True,True
816,0.7822455483850385,-2.241092289746927,3.5439431801897032,0.28362939378850793,1.0586174843548228,-2.070060054405763,4.847286065501623,-0.07103723747079144,0.49874249283879396,-20.23838673871715,1.499607925886029,True,False,True,True
817,0.8200494245474117,-2.2300729154737127,3.5494397921516123,0.30029606027411493,1.10717980504587,-2.0463246856633144,4.826458631659142,0.013231764816011446,0.4995100085097607,5.320230766125914,1.4990726677116786,False,False,False,False
818,0.8577227429245113,-2.2184069704906553,3.5549367315779303,0.3169627267637454,1.1608071231754162,-2.0461776660542474,4.815579659680696,0.07090791190703352,0.5020959203659794,5.328495920044349,1.5005272736741924,False,False,True,True
819,0.895254440242679,-2.206095749539965,3.560433996649411,0.33362939325731,1.2143135638385352,-2.0453898003663915,4.803532599291015,0.12839430920077527,0.49744198626047437,5.3325790381485225,1.5006746352205198,False,False,True,True
820,0.932633460165561,-2.193140736742607,3.5659315855569145,0.35029605975472133,1.264258809602196,-2.0259843737985674,4.780780787746649,0.20362263038660905,0.4992652567347971,5.348456287406848,1.4986798177297576,False,False,True,True
821,0.9698487565372517,-2.1795436057261974,3.5714294965013513,0.3669627262558941,1.258445307116093,-2.1033457888138125,4.721339313666161,0.19268125703233407,0.4985799646718894,5.356486210809101,1.5025620012881138,False,False,True,True
822,1.00688929663162,-2.1653062196973383,3.576927727693628,0.38362939276074437,1.284177210320406,-2.1292866592266835,4.68281068458158,0.22325418405624378,0.5034485500027117,5.360470098202676,1.5042177460422466,False,False,True,True
823,1.0437440644068692,-2.1504306314582116,3.5824262773545894,0.40029605926919043,1.3362084401490903,-2.1268060571816143,4.56299290436012,0.5283715840860751,0.49731793659409285,29.597179189087804,1.5013510939875798,True,False,True,True
824,1.080402063764371,-2.1349190833672864,3.587925143714965,0.4169627257811528,1.3683810826437317,-2.1247128198072223,4.524584103395866,0.5794504380486771,0.5000923349344402,5.380606334563059,1.5033133730680142,False,False,False,False
825,1.116852321810816,-2.118774007243996,3.593424325015314,0.43362939229655284,1.5294425646142187,-2.1331346890922656,4.639487275705497,0.6147038879633012,0.4998371627734102,5.3868212802167985,20.676008172623114,True,False,False,False
826,1.1530838921227151,-2.1019980242172656,3.5989238195059694,0.45029605881531465,1.5809924232331687,-2.1263046458926733,4.6104706024489905,0.6663851305236682,0.49973102210715514,5.394327984813719,1.498391730657854,False,False,True,True
827,1.189085858012287,-2.0845939445177875,3.6044236254469855,0.46696272533736316,1.6363866871796673,-2.196554085561946,4.607526600759715,0.6366907602264718,0.49865426866974566,5.406392178075447,1.4980191180109579,False,False,True,True
828,1.22484733579376,-2.066564767213951,3.6099237411080827,0.4836293918626251,1.6967675859630684,-2.226104601496257,4.600956969152225,0.6462710649752574,0.49870580480272975,38.40884693235552,1.4994322975417191,True,True,True,True
829,1.2603574780491182,-2.047913679891363,3.6154241647685934,0.5002960583910294,1.7902702076683275,-2.126336172460725,4.603744769321442,0.7846916190602379,0.5018578273600258,-33.909745208887124,1.5033243405801375,True,True,True,True
830,1.295605476892317,-2.028644058275896,3.62092489471741,0.5169627249225064,1.8414229273274545,-2.117617376693389,4.573879560717032,0.8363534385854781,0.49963848824643226,5.424179214820326,1.5015906604653417,False,False,True,True
831,1.3305805672309903,-2.0087594658002335,3.6264259292529304,0.5336293914569876,1.909684376550319,-2.072156237324308,4.55885120526225,0.9219767243146687,0.5020527432867135,5.4340228293953805,1.5016327932044091,False,False,True,True
832,1.365272030024673,-1.9882636531138873,3.631927266683007,0.5502960579944061,1.9700700378637306,-2.0425903660127642,4.539210967414881,0.990351071531184,38.02455352668364,5.44355385721496,1.5000421601300111,True,True,True,True
833,1.3996691955385603,-1.9671605575366846,3.6374289053248914,0.5669627245346969,1.9438025964736376,-2.0501929922159907,4.431178019114723,1.0203128851255985,0.5009363007552855,5.451799865852947,1.5044563168446632,False,False,True,True
834,1.4337614465918203,-1.9454543024557371,3.642930843505185,0.5836293910777961,1.966397866005901,-2.0450249257695603,4.3709343392432825,1.0635660473386148,0.49828145848633215,5.463479213538223,1.5030184851074662,False,False,True,True
835,1.4675382217994806,-1.9231491966659229,3.6484330795597857,0.6002960576236411,2.014963803108604,-2.0332075252435757,4.336823795357844,1.1128038181361277,0.4968572947223976,5.47007404262116,1.5013439388175616,False,False,True,True
836,1.5009890188069084,-1.9002497336539275,3.653935611833836,0.6169627241721711,2.0229275138734653,-2.0177999180833415,4.257697079164646,1.1756397573905537,0.5002337999795882,5.479161229160268,-18.38362760225657,True,True,True,True
837,1.5341033975158986,-1.876760590825909,3.659438438681673,0.6336293907233266,2.0592002139617627,-1.9897425916787181,4.211651145711678,1.2411701187185622,0.5002054538214671,5.487867603218337,1.5022250972046827,False,False,True,True
838,1.5668709833013914,-1.8526866286788681,3.664941558466775,0.6502960572770489,2.030931810907094,-1.9860207903497913,4.102863491974783,1.2769647724205133,0.5018254984004096,5.49590148644775,1.5015509695639906,False,False,True,True
839,1.599281470217836,-1.82803288991582,3.6704449695617125,0.6669627238332811,2.066373801155229,-1.967158439383932,4.057383380611972,1.3295390405263845,0.5010565381176788,5.503294542576354,1.5029965315663498,False,False,True,True
840,1.63132462419422,-1.8028045985048864,3.675948670348098,0.6836293903919675,2.111455838717584,-1.9523857833780833,4.020417355741408,1.376644847274457,0.5007962687594548,5.51321844032696,18.833556394711024,True,False,True,True
841,1.6629902862167856,-1.7770071586824372,3.6814526592165344,0.7002960569530532,2.174301044627195,-1.904009466603357,4.009106368484787,1.4527379493060593,0.5015192953075415,5.519616398676948,1.5013336714528944,False,False,True,True
842,1.694268375498452,-1.7506461539004337,3.686956934566566,0.716962723516485,2.2188466709436927,-1.8878679338332895,3.965744804011714,1.4944465082992147,0.5039607984879588,5.524988528966523,1.5002052026094967,False,False,True,True
843,1.7251488926339689,-1.7237273457181383,3.692461494806628,0.7336293900822111,2.172407896050095,-1.8707544124457476,3.854156199277227,1.5355853904769243,0.5033160008341584,5.536610740339049,-35.7273795480506,True,True,False,False
844,1.7556219227398253,-1.696256672638376,3.6979663383539987,0.7502960566501802,2.1798340733863513,-1.8526232150651147,3.7798664960319748,1.5799425989430786,0.4994599484203361,5.546591150678383,1.5013629242856528,False,False,True,True
845,1.7856776385779405,-1.6682402488885468,3.703471463634748,0.7669627232203426,2.2248487736690823,-1.8349828780368753,3.741356657683351,1.6216642572763247,0.5046159265487699,23.275102338680632,1.5008944321008084,True,True,True,True
846,1.8153063036621664,-1.6396843631466085,3.7089768690836906,0.7836293897926496,2.2102105071619373,-1.824702362610301,3.647988782698146,1.6534533852994027,0.501800857400865,5.561158460081729,1.502044694927829,False,False,True,True
847,1.8444982753466352,-1.6105954772122641,3.714482553144337,0.8002960563670536,2.216318880130897,-1.8115507944473663,3.5764077373486107,1.6875798160319841,0.4975479302395178,5.570466872907575,-20.165380932297822,True,True,True,True
848,1.8732440078949857,-1.580980224623606,3.719988514268844,0.8169627229435079,2.2560567438792147,-1.7927999076025665,3.533013483191507,1.7272349292615752,0.49704633186569025,5.574028035938849,1.5017454875850298,False,True,True,True
849,1.9015340555295077,-1.5508454092194852,3.7254947509179677,0.8336293895219669,2.2413032174071565,-1.7766555813154241,3.4377103854081312,1.7648355535018354,0.49895973604236316,5.587021801340412,1.500074973617394,False,False,False,False
850,1.9293590754592476,-1.5201980036478917,3.731001261561016,0.850296056102386,2.2794999994672467,-1.757046297387626,3.39337992956716,1.80336924846635,0.4995911897895411,5.593927788889495,28.91113564911484,True,True,True,True
851,1.9567098308861204,-1.4890451478206492,3.7365080446758006,0.8669627226847219,2.2765952390111956,-1.740753834306802,3.306596244652628,1.8384067712499803,0.5037954773013065,5.6026809499655466,1.502541891503326,False,False,True,True
852,1.98357719398808,-1.4573941473147431,3.742015098748589,0.8836293892689318,2.302193000967551,-1.722426387499924,3.2509252221498386,1.8736911544966004,0.4980706323535106,5.60844561194297,1.4998445252571857,False,False,True,True
853,2.009952148878401,-1.4252524717206172,3.74752242227406,0.900296055854974,2.2972754818418304,-1.7035709746326184,3.1595099831739764,1.9105345225296884,0.5035392758473985,5.621225573168481,1.4994334114814292,False,False,True,True
854,2.035825794540134,-1.3926277529377935,3.7530300137552537,0.9169627224428076,2.2971394425767353,-1.6833560623904857,3.073081626922916,1.947473296725805,0.49967136766074804,5.624990933452633,1.5010805430105172,False,False,True,True
855,2.0611893477348002,-1.3595277834181838,3.758537871703527,0.9336293890323937,2.3007103417374153,-1.6628204854026931,2.9928133429280943,1.9826660321310388,0.5036609233296755,5.633806899305485,19.053841873463043,True,True,True,True
856,2.08603414588439,-1.325960514357479,3.7640459946385074,0.9502960556236921,2.3297732224058847,-1.6390387482426845,2.9395547481418918,2.019490745970202,0.49722541678495324,5.645417709203704,1.5040969595041898,False,False,True,True
857,2.1103516499257524,-1.2919340538350195,3.7695543810880467,0.9669627222166657,2.338680360785643,-1.6124855854401563,2.8627264072945393,2.0599865645289865,0.5000664941559607,5.653864800844901,-22.541173085038057,True,True,True,True
858,2.134133447136445,-1.257456664902563,3.775063029588175,0.983629388811277,2.363626154182646,-1.5881230152887575,2.8068108702786096,2.094317437975309,0.49823348527087913,-24.385166269494206,1.498591573562663,True,True,True,True
859,2.157371253931145,-1.2225367636223892,3.7805719386830554,1.000296055407489,2.377597214673074,-1.5609976623103146,2.732250030786462,2.132157930418267,0.5010493033885142,5.6692903855245715,1.500277880881204,False,False,True,True
860,2.1800569186277077,-1.18718291705519,3.78608110692494,1.0169627220052666,2.3968551084830145,-1.5341440320202493,2.663963040169165,2.167312114918023,0.5003281130636399,5.677014554197414,1.497858688188585,False,False,True,True
861,2.2021824241819803,-1.151403841198211,3.7915905328741224,1.0336293886045755,2.400770498726472,-1.504681471919312,2.5819124565408083,2.205526902402388,0.4965582964321983,22.82936711882244,1.5036364070741703,True,True,False,False
862,2.2237398908904757,-1.115208398874133,3.797100215098896,1.050296055205381,2.4243420748726314,-1.478092967697961,2.521472930032255,2.2361154754790893,0.5022017143458568,-13.890065178584617,1.504295117354817,True,True,True,True
863,2.2447215790600263,-1.0786055975711875,3.802610152175507,1.0669627218076503,2.452358440761879,-1.4532472401926377,2.4680774900915408,2.261833543713725,0.5037948085622964,33.15048997867359,1.5002692896061187,True,True,True,True
864,2.265119891643541,-1.0416045872350244,3.8081203426881123,1.0836293884113504,2.4770406580698463,-1.4267558251749837,2.4076930608721954,2.2885910090046977,0.499208528774888,5.713136651218375,1.4999978526603894,False,False,True,True
865,2.2849273768409994,-1.0042146580128626,3.813630785228734,1.1002960550164502,2.4700639906706865,-1.3935702638249727,2.310930231530068,2.3270275944542576,0.5030783627397628,5.718621278398503,1.499704678244507,False,False,False,False
866,2.3041367306648204,-0.9664452379504687,3.819141478397216,1.1169627216229179,2.4701513115526272,-1.3593796987432096,2.2207469728015976,2.364966361362753,0.5045351550625293,5.725188404506614,1.5019597616184468,False,False,False,False
867,2.3227407994687574,-0.9283058906425254,3.8246524208011823,1.1336293882307231,2.4846725090047763,-1.326591857502446,2.148130297918809,2.397388273082142,0.5046920970305888,5.731818339854091,39.4854333826361,True,True,True,True
868,2.340732582439479,-0.8898063128369689,3.8301636110559905,1.1502960548398367,2.5085406234260965,-1.2999542100237556,2.0910478225142746,2.419341712129808,0.5056648813872134,5.7365399032263085,1.4993690627124863,False,False,True,True
869,2.3581052340499995,-0.850956331993884,3.835675047784692,1.1669627214502292,2.5234294193629108,-1.2660808863812207,2.018016546470057,2.449891138037993,0.5012310277400702,5.751715468237697,-14.263194985177332,True,True,False,False
870,2.374852066474138,-0.8117659037995675,3.841186729617987,1.1836293880618722,2.535992198956317,-1.2077133354390048,1.9408276525055408,2.51399583588461,0.49657566729350583,5.757084257306778,1.4986050376449234,False,False,True,True
871,2.390966551961193,-0.7722451096363786,3.8466986551941833,1.2002960546747374,2.5368859483420825,-1.1332471471667456,1.8377120838444074,2.59914819498243,0.5043095796741891,5.767624769417577,1.5010290930968324,False,False,False,False
872,2.4064423251700258,-0.7324041540090162,3.852210823159154,1.2169627212887981,2.5474136356438466,-1.0790554504843717,1.7529938951849233,2.652561019325136,0.5019827499284204,5.773763586011267,1.4991408871119742,False,False,True,True
873,2.4212731854617626,-0.692253361927871,3.8577232321662946,1.2336293879040285,2.563964191824396,-0.9905374122297,1.6734457432772305,2.751367332899175,0.4985709322867257,5.784397178831359,1.5001052129121577,False,False,True,True
874,2.43545309915033,-0.6518031762501207,3.863235880876482,1.250296054520402,2.5700334740344646,-0.8810890989148232,1.5673879342613868,2.8763007737816806,0.5036006067247542,34.4418619341296,1.5023559065515935,True,True,False,False
875,2.448976201710053,-0.6110641549792462,3.8687487679580324,1.2669627211378929,2.5780864220115194,-0.780741423407619,1.4679522479817033,2.9856710444298447,23.196701265161906,5.799716778001984,1.4986678374805764,True,True,True,True
876,2.4618367999395527,-0.5700469685236629,3.8742618920866607,1.283629387756477,2.5893732963572678,-0.7088546122001048,1.3814894128985458,3.053572695911435,0.5015428385819914,5.809387765062863,1.498403047804006,False,False,True,True
877,2.4740293740811925,-0.528762396915176,3.8797752519454387,1.3002960543761297,2.6034028216755507,-0.6265183098957591,1.2968460008112597,3.133245712788415,0.5012450810605557,5.81170284625252,1.5010618737142971,False,False,True,True
878,2.4855485798953394,-0.4872213269879787,3.8852888462247543,1.3169627209968269,2.6172088607231516,-0.5827834662058051,1.2303870508017174,3.1589760110362426,0.5022634455626018,5.824071585290744,-15.00511160012211,True,True,True,True
879,2.4963892506887064,-0.44543474951893,3.890802673622271,1.3336293876185454,2.6311490817262984,-0.544050554359893,1.1652452393487915,3.177027690130485,0.5024753413160833,5.831331548746301,1.5010642467414468,False,False,True,True
880,2.5065463992960653,-0.40341375632985893,3.8963167328428883,1.3502960542412632,2.645119679851801,-0.5067917471904307,1.1010703475342438,3.1917592558975385,0.5008037940722121,5.844112351157984,1.502017505630599,False,False,True,True
881,2.5160152200146255,-0.3611695373526571,3.9018310225986994,1.366962720864957,2.6588569462863956,-0.46941350874500015,1.0369861235413298,3.205202967624119,0.5011195441759321,5.851458186040019,1.5013975829742905,False,False,True,True
882,2.524791090490389,-0.3187133776579328,3.9073455416089535,1.3836293874896057,2.6708452823690436,-0.4332209012353352,0.9717533094626785,3.216033490489255,0.5000990617404103,5.860158714089436,1.4990105661626227,False,False,True,True
883,2.5328695735558036,-0.2760566544480136,3.912860288600015,1.4002960541151879,2.6817757221754204,-0.3972366311590222,0.9067999496150582,3.2251825593591135,0.4986867090478184,5.867419229590989,30.59676691727215,True,True,True,True
884,2.5402464190180494,-0.23321083401509707,3.9183752623053234,1.416962720741683,2.6928102973249084,-0.35990398119482636,0.8423548150179034,3.2346792474453383,0.501254723447017,5.874464470069659,-36.85693433786726,True,True,True,True
885,2.546917565397306,-0.19018746866536018,3.9238904614653554,1.4336293873690718,2.7020510376103286,-0.3239053617181665,0.7768179312045806,3.241353574824824,0.4977647253521821,5.88042107019836,-14.914487334635506,True,True,False,False
886,2.5528791416143646,-0.14699819360985134,3.929405884827585,1.4502960539973326,2.7120463427958024,-0.28516815475578905,0.7109573612388849,3.250360044013572,0.5028222380412213,5.892721742248452,1.4976749396025222,False,True,True,True
887,2.5581274686269566,-0.10365472382300028,3.9349215311464443,1.466962720626447,2.7190235029261616,-0.2505629243995546,0.6435855367835934,3.2532766883973343,0.5027006054052955,5.898705303209589,1.5003099185901152,False,False,True,True
888,2.56265906101419,-0.06016885086959275,3.940437399183285,1.4836293872563964,2.7283743887705056,-0.2097769464147806,0.5995443893636094,3.512213120908247,23.07474807054175,5.908656130818916,1.498427302100256,True,False,True,True
889,2.566470628508498,-0.016552439701068025,3.9459534877063405,1.500296053887162,2.7347461747800694,-0.17067851239972148,0.531476053699688,3.5145573902086,0.502286534649492,5.913032111724121,1.5024060404628212,False,False,True,True
890,2.569559077474511,0.027182574577990996,3.951469795490688,1.516962720518725,2.7405515499213102,-0.1319457923021843,0.46423041507676277,3.515427625743097,0.500266257854755,5.924539091474109,1.5029224374819057,False,False,True,True
891,2.5719215123342933,0.07102418997229507,3.9569863213182086,1.533629387151068,2.7450955953551257,-0.09387388619767276,0.3962238827607601,3.514231050656437,0.5014696430054315,5.932764483522825,1.4997293878997042,False,False,True,True
892,2.573555236938379,0.11496034088632207,3.962503063977552,1.550296053784174,2.799498193315032,0.053607988126240284,0.3450364634471964,3.635506263471211,0.4996388234143221,5.9423877543056225,-16.828674543294873,True,False,True,True
893,2.57445775588208,0.1589789014419253,3.9680200222640964,1.5669627204180259,2.772557984267782,0.04246306894196611,0.24729963777324207,3.571223785650825,0.4998886572577719,5.947825411292069,1.4989883084287408,False,False,False,False
894,2.574626775766532,0.20306768882216505,3.973537194979913,1.583629387052607,2.76707999983011,0.06980137679149327,0.45715526240138543,3.5433007197149347,0.5022201279360394,-19.971194644794153,1.5011090852442175,True,False,False,False
895,2.57406020640398,0.24721446664044172,3.9790545809337283,1.6002960536879005,2.7732078156093714,0.11121414656863948,0.3885005213240688,3.543115799772421,0.5029244978884723,5.965549560534473,1.5039071163958317,False,False,True,True
896,2.572756161966795,0.2914069483339995,3.9845721789408866,1.616962720323892,2.742541868898986,0.1647370964428924,0.2721675777541232,3.5773243308597023,0.5026641739976093,5.972178671780714,33.21032111081092,True,False,True,True
897,2.5707129620797646,0.3356328005808597,3.9900899878233136,1.633629386960565,2.761734857074586,0.24666354319477427,0.21856022309124756,3.620670633639161,0.5020589745528872,5.980075041444526,1.5035105932819883,False,False,True,True
898,2.567929132855175,0.37987964673923436,3.9956080064094803,1.6502960535979039,2.784592777029718,0.331897300090735,0.1644766595932009,3.6663298875551007,0.5035115111790621,5.991063368388341,1.502277052454969,False,False,True,True
899,2.5644034078702544,0.4241350703084607,4.001126233534366,1.6669627202358948,2.785006782520965,0.3727292800554912,0.1498037809789361,3.2783310887996677,-33.93969943638923,5.999210298625658,1.5005523193515324,True,False,True,True
900,2.5601347290865353,0.4683866184104902,4.0066446680394225,1.6836293868745233,2.78562648234259,0.411152198846537,0.07859399584779041,3.2702998603952285,0.5020854469611357,6.009310760703919,1.50026374866778,False,False,True,True
901,2.5551222477107327,0.5126218052909552,4.012163308772537,1.7002960535137746,2.786050075854258,0.4496516208701526,0.2159765632506091,3.2918023144699937,0.49918348963616754,-12.845042988930931,1.4990717352646932,True,False,True,True
902,2.549365324996733,0.556828115838831,4.017682154587998,1.716962720153635,2.7868957810436674,0.4852922725102826,0.14556345222183564,3.2778162743446537,0.5029535193730097,6.025925865514602,1.5009155779348307,False,False,True,True
903,2.5428635329883167,0.6009930091236997,4.02320120434646,1.7336293867940906,2.7868361999853533,0.5207514490096408,0.07505068488966203,3.2626189089281903,0.5012099883713161,6.031684651534492,1.4957476810229755,False,False,True,True
904,2.5356166552022494,0.6451039219496193,4.028720456914906,1.7502960534351288,2.8427996427305917,0.5905761508852687,0.08539243881930086,3.3045671499252585,0.50123491027588,6.040558040056685,31.02341868847396,True,False,True,True
905,2.527624687251395,0.6891482724245892,4.034239911166613,1.7669627200767373,2.843748447606362,0.627293563662216,0.02155150466274873,3.2765903786437987,0.5046878128852088,6.048107940388113,25.857924425281325,True,False,True,True
906,2.51888783740752,0.7331134635446004,4.039759565981119,1.7836293867189017,2.7905920985848813,0.7436044037703562,-0.14556243451285644,3.359771675744501,0.5030276670313694,6.056950584831667,1.5018631285395723,False,False,True,True
907,2.509406527103476,0.7769868867912499,4.045279420244187,1.8002960533616115,2.8256697556365413,0.8044671858204738,-0.15539411032239842,3.377678461088775,0.5003495451365026,6.065780385660766,1.5002780046511073,False,False,False,False
908,2.4991813913744636,0.8207559257418933,4.0507994728477685,1.8169627200048533,2.8414235756303685,0.8413465570524743,-0.19242503595199817,3.351202860037946,0.5020767722561903,6.07290736553729,1.5016980155047988,False,False,True,True
909,2.488213279238105,0.8644079596913015,4.056319722689972,1.8336293866486155,2.8488993620031904,0.8786612530654466,-0.24246014661167023,3.32667031802101,0.5046021715515387,6.07981519905561,1.498311982129421,False,False,True,True
910,2.4765032540130547,0.9079303672837867,4.061840168675028,1.8502960532928867,2.8353493762310182,0.9531633938676832,-0.33007340094140203,3.3945873096534904,0.4983426823418789,6.085985813539554,37.24402156189075,True,False,False,False
911,2.4640525935759117,0.95131053015475,4.067360809713253,1.8669627199376553,2.8266858978551523,1.0119084258542004,-0.37656530331189153,3.388324212042399,39.19926701694751,6.098891192793525,1.5043760306963887,True,True,False,False
912,2.4508627905562084,0.9945358365806041,4.0728816447210185,1.8836293865829106,2.8289691679932307,1.0697272505437767,-0.4287871375287465,3.4019933038389714,0.5031986072742485,6.106011421180692,21.237978651739244,True,False,False,False
913,2.436935552469265,1.037593685136017,4.078402672620717,1.900296053228642,2.8220883281066858,1.1202855650576642,-0.4935767550564102,3.3898406316721745,0.5018611360733143,6.115070680414051,1.498945734495518,False,False,False,False
914,2.4222728017867206,1.0804714883574174,4.083923892340725,1.9169627198748387,2.8414660195425734,1.1804594749876167,-0.5137146860082106,3.4176146805555567,0.5013974171810854,6.122690916767814,41.159659879955306,True,False,False,False
915,2.4068766759445706,1.1231566764116991,4.089445302815376,1.9336293865214902,2.846950341097811,1.2064716611734476,-0.5450144023009287,3.3653036040915554,0.5002494518983153,6.129580391991102,1.5012354978060292,False,False,True,True
916,2.3907495272885573,1.1656367007690602,4.09496690298492,1.9502960531685867,2.8293742512023634,1.271384513618677,-0.6282027102136493,3.3654583048653777,0.506128725993725,6.137875887120818,1.501630701702446,False,False,True,True
917,2.373893922956774,1.207899037878902,4.100488691795498,1.9669627198161184,2.8177545788472615,1.3312207344694222,-0.6886664324499834,3.3725356071525923,16.293589922925065,6.149729168448931,1.4972131666953603,True,True,True,True
918,2.3563126446993725,1.2499311928477184,4.106010668199103,1.9836293864640746,2.7878628440197724,1.3790296276969223,-0.7686397243954302,3.36700431357951,18.32357321931424,6.154557697445422,1.4978783731312344,True,True,True,True
919,2.33800868863527,1.291720703117896,4.111532831153552,2.0002960531124465,2.780747002562865,1.4260408240902558,-0.8287789159699165,3.3428294582671447,0.5036006300900256,6.164438481719876,1.5034447268481774,False,False,True,True
920,2.318985264945777,1.3332551421463488,4.117055179622452,2.016962719761225,2.7784254964889334,1.4613926950553784,-0.8798577980517086,3.3035411904492937,0.5016730539229,6.173046776270372,1.499506106894324,False,False,True,True
921,2.299245797505084,1.3745221230818996,4.122577712575167,2.033629386410402,2.762887940158442,1.5020453181418962,-0.9520262167504844,3.2719906821608413,0.5011324164280354,6.182792147118848,1.5031640190004854,False,False,False,False
922,2.2787939234475663,1.415509302440332,4.128100428986786,2.0502960530599665,2.7523098710834364,1.5384007701659055,-1.01504459529561,3.2354709172569542,0.5023281776756696,6.186681504594454,1.5036466562421142,False,False,True,True
923,2.2576334926718777,1.4562043837760201,4.1336233278380945,2.0669627197099114,2.7410315978023743,1.5743504470243161,-1.0783584997906268,3.199254336363982,0.5038500679321152,6.196114438897332,1.4998507996302397,False,False,True,True
924,2.235768567281832,1.4965951213490525,4.139146408115537,2.0836293863602275,2.726428163417547,1.6122301095244762,-1.1456996938808903,3.1676202639988005,0.5029581663411885,27.08958244111255,1.498386799503891,True,True,False,False
925,2.213203420964082,1.5366693237867617,4.144669668811192,2.100296053010908,2.715218975844464,1.6458837846738252,-1.2044488553010158,3.125128202041687,0.5025998197605634,6.215708980360475,1.500244518483699,False,False,False,False
926,2.1899425383026294,1.576414857738569,4.150193108922735,2.1169627196619434,2.6911009237393584,1.6937279918355035,-1.2862760255210028,3.111156914958719,0.49989745588025086,6.223928599041503,17.86561019360919,True,False,False,False
927,2.1659906140302154,1.6158196515230554,4.15571672745341,2.133629386313326,2.6706160244388526,1.739592149072865,-1.3553875896912682,3.088206829300749,28.291084146297678,6.231877101050842,1.5001677463836491,True,True,False,False
928,2.14135255221666,1.6548716987661687,4.161240523412003,2.1502960529650483,2.655556162331172,1.7739055582873178,-1.409688578857137,3.0399939701771435,0.5017758280959954,29.319784575558625,1.4986987679301018,True,True,True,True
929,2.11603346539424,1.6935590620294771,4.1667644958128,2.1669627196171026,2.639892955899426,1.807683269067064,-1.4609495058590294,2.987029199894938,0.5051769008340811,6.244503695716772,-30.51459795672388,True,False,True,True
930,2.0900386736202115,1.7318698764273803,4.172288643675569,2.183629386269482,2.622307493963394,1.8273044383854513,-1.5204980993490844,2.91812430511816,0.5007039811837783,6.255272186937612,1.5017334912154978,False,False,False,False
931,2.0633737034766018,1.7697923532321893,4.177812966025519,2.2002960529221784,2.6033070632542743,1.852724554839504,-1.5821252715996872,2.8589355116224313,0.5053647352677982,6.259508151052051,1.500406145846739,False,False,False,False
932,2.0360442870074165,1.8073147834659873,4.183337461893279,2.2169627195751858,2.583813677920696,1.881132396106088,-1.6432379788279592,2.8073235288422453,0.5041243576817983,45.8882738530545,1.5029926439321233,True,True,False,False
933,2.0080563605934256,1.844425541478187,4.18886213031486,2.233629386228497,2.5641199529620007,1.9106769025213075,-1.702473644674051,2.757704008577058,-23.89946509596285,6.282346220163725,1.4997287558682049,True,True,False,False
934,1.9794160637647071,1.8811130885076988,4.194386970331629,2.2502960528821045,2.545203579132289,1.9413180581721636,-1.7600208028037232,2.710884261430217,0.5015204884394009,6.288167389587686,1.4991850546924481,False,False,True,True
935,1.9501297379511549,1.917365976228629,4.19991198099028,2.266962719536002,2.522289404847096,1.9689664629128565,-1.8198019633083093,2.6539700340350674,0.5026598908761485,6.297508228910156,1.500944140264861,False,False,False,False
936,1.920203925171165,1.9531728502784285,4.205437161342803,2.2836293861901833,2.4990636085040445,1.9966077934556974,-1.8783936979218945,2.5976123854206374,0.503085885746735,6.306569315708749,1.5017826783889314,False,False,False,False
937,1.8896453666587427,1.9885224537674129,4.210962510446454,2.300296052844642,2.4781925674160235,2.0254701532937043,-1.9333222046999787,2.5488494639111243,-15.445083946761576,6.312466840819551,1.5026496408037546,True,True,True,True
938,1.8584610014292857,2.0234036307685854,4.216488027363727,2.3169627194993723,2.4513721155315866,2.0511801560119194,-1.9933640720533405,2.4877615186058253,0.49995424587722276,6.318457443694037,1.5008736382902015,False,False,False,False
939,1.8266579647843204,2.057805329786687,4.222013711162324,2.3336293861543673,2.429223625842105,2.0788219506630954,-2.0474427234306236,2.437786682987872,0.5059602662468066,6.329946535381658,1.5021218883962981,False,True,True,True
940,1.7942435867554847,2.0917166072054085,4.227539560915126,2.3502960528096217,2.399394842042502,2.1030364536635657,-2.107711480471353,2.372815305279037,0.5036644951606181,6.337384579327591,1.4996122234367821,False,False,False,False
941,1.7612253904880724,2.1251266307117067,4.233065575700166,2.36696271946513,2.370869503009235,2.1276239955109153,-2.1647094192714085,2.3103556545526973,0.5044424529736509,6.343464501563545,1.4977702157822406,False,False,False,False
942,1.7276110905644688,2.1580246826961584,4.238591754600597,2.3836293861208864,2.3424055535838275,2.151960491079267,-2.219994474966558,2.2483444855225256,0.5032843116892374,6.353576781247231,1.4990348128191344,False,False,False,False
943,1.6934085912678305,2.1904001636283073,4.244118096704668,2.400296052776885,2.3177389483064212,2.1769420964739616,-2.270097178519715,2.193624697091623,0.5040562046914663,28.983634916202682,1.4995551974693417,True,True,False,False
944,1.6586259847863745,2.222242595405948,4.249644601105691,2.416962719433121,2.292515646322869,2.2013157042194242,-2.3217420222476344,2.138767890641902,0.5022693022210958,6.370783302938875,1.4994317000485162,False,False,False,False
945,1.6232715493586676,2.253541624677312,4.255171266902018,2.4336293860895886,2.3205221951981247,2.14026316005998,-2.273381664413838,1.9973350108338246,-17.966596364316203,6.379421884169551,1.4993783390970865,True,True,False,False
946,1.587353747360319,2.2842870261351083,4.260698093197006,2.4502960527462827,2.315024429494861,2.1316909860934308,-2.2864902059613534,1.9085771357631065,0.5022695089138112,6.384980333937163,1.4989827357330825,False,False,False,False
947,1.5508812233324993,2.314468705781399,4.266225079098998,2.466962719403199,2.289618982761957,2.1528973987130207,-2.3350764785431894,1.8519860229876304,0.503643124438234,6.396177533430162,1.5010695784949273,False,False,True,True
948,1.5138628019527312,2.344076704162274,4.271752223721287,2.483629386060331,2.276608800004032,2.1505723467264226,-2.3578019273818303,1.7679737386675949,0.5004953345948482,6.405641102304507,1.5015570924078054,False,False,True,True
949,1.4763074859484056,2.3731011995713165,4.277279526182094,2.500296052717675,2.274767052150008,2.1942464513271043,-2.380389547149356,1.724089828403324,0.5060116683625377,6.415542599249065,1.5005303193147028,False,False,True,True
950,1.4382244539535074,2.401532511220837,4.282806985604539,2.5169627193752273,2.2483182794039043,2.2134030049760303,-2.4264406562862355,1.6652741731614078,0.5024770572438292,6.421154635026921,1.502713626028782,False,False,True,True
951,1.3996230583090414,2.429361102379883,4.288334601116612,2.533629386032981,2.230657867715837,2.2243978519817125,-2.454611270102389,1.589420083775527,0.5023443207377748,6.425871126846893,1.5009128907765283,False,False,False,False
952,1.360512822807674,2.4565775834780172,4.29386237185115,2.5502960526909337,2.205245602400196,2.2369667557518254,-2.49255910127697,1.5190888676670657,0.5064100734439053,6.436516663811208,1.5018141431862744,False,False,False,False
953,1.3209034403831197,2.4831727151738865,4.299390296945804,2.56696271934908,2.1775505012748964,2.253845520948126,-2.534669027267097,1.4582245369160527,0.5002489757946911,6.447434144453938,1.5050455983741837,False,True,True,True
954,1.280804770744824,2.50913741138759,4.304918375543019,2.5836293860074147,2.139261609706438,2.247052605528806,-2.5809145948329624,1.3734814637932797,0.5025849950807375,6.453316777242981,1.4987842495445856,False,False,True,True
955,1.2402268379585042,2.534462742295884,4.310446606790002,2.600296052665935,2.1132409578073874,2.2663736875084206,-2.6171277419334062,1.308340240853232,0.5025622386357415,24.773805272487923,1.4989220047212384,True,True,False,False
956,1.1991798279731325,2.5591399372892525,4.3159749898387,2.6169627193246363,2.0840469630598712,2.280537008273122,-2.654714611067597,1.240750866782333,0.5072621429422999,6.472814684274196,1.4960157222761932,False,True,False,False
957,1.1576740860949633,2.583160387889897,4.321503523845768,2.6336293859835145,2.0613979413316246,2.3082085248385944,-2.6876998148983904,1.1855394267853798,-37.82976312946259,6.479938886848892,1.5021729950218663,True,True,True,True
958,1.115720114409218,2.606515650629694,4.327032207972551,2.650296052642566,2.0367819395896842,2.3321670190975814,-2.7214037188825904,1.1258679652708186,0.5032120003181273,6.4879252106646215,1.5030333176390418,False,False,True,True
959,1.0733285691500638,2.62919744988719,4.332561041385049,2.666962719301786,2.0065441204909886,2.344676663156146,-2.7581157392631344,1.06122650619568,0.503282799712217,6.498983460635691,37.80728487137263,True,True,True,True
960,1.0305102580195349,2.6511976806827087,4.338090023253898,2.683629385961172,1.958831648250313,2.3234016210108592,-2.803939779305769,0.9650790622350489,0.5017525955540314,6.505358232228456,1.5020766524554965,False,False,True,True
961,0.9872761374560639,2.6725084114306505,4.343619152754339,2.70029605262072,1.9357505965129211,2.352074925765262,-2.832644518446072,0.9073486648839735,0.5003298138060304,6.5123965026525195,1.502807250120654,False,False,True,True
962,0.9436373098533061,2.693121886648091,4.349148429066198,2.716962719280426,1.8965480005551405,2.3488965032485796,-2.86885370185654,0.8248495589321954,0.5002219801330844,6.521002867660265,1.4998842001155797,False,True,False,False
963,0.8996050207299555,2.713030529618773,4.354677851373855,2.7336293859402865,1.86977481592391,2.369424939618541,-2.8967499842016107,0.7633215813929766,-36.05769544121107,6.527817521841131,1.5015463009339292,True,True,True,True
964,0.8551906558512687,2.73222694501162,4.3602074188662225,2.750296052600298,1.829501497014724,2.3639305581236343,-2.932101554352771,0.6794332370239,0.5020328621899239,6.537748949607645,1.500544966699649,False,False,False,False
965,0.8104057383030263,2.7507039214528954,4.3657371307367185,2.766962719260458,1.8012787377951331,2.381369683299614,-2.958983051340113,0.6147053017789351,0.5026331173114639,6.546295873710919,1.4997172624382749,False,False,True,True
966,0.7652619255186791,2.7684544340511517,4.371266986183243,2.7836293859207624,1.7540635874434587,2.3616800046672823,-2.996713951044795,0.5234808289906062,0.50228369790844,6.554031163741559,-21.752148774791834,True,True,True,True
967,0.7197710062604418,2.78547164687412,4.376796984408151,2.800296052581208,1.7267423022957544,2.3812717597324005,-3.019988857057611,0.46111907932274104,26.461780999284944,6.562071788940571,1.4984819251571486,True,True,True,True
968,0.6739448975551093,2.8017489153767086,4.38232712461823,2.8169627192417925,1.6971145289815739,2.395830411772033,-3.0433886775134624,0.39505590400464385,30.515350818471987,6.571958944348595,1.50028177260785,True,True,True,True
969,0.6277956415853908,2.817279788779287,4.387857406024671,2.833629385902512,1.6527337192497578,2.382601984603392,-3.0750868678101337,0.30580356502411987,0.5024293976282262,6.579868270086229,1.500445434167471,False,False,False,False
970,0.5813354025375655,2.8320580123954473,4.3933878278430525,2.8502960525633636,1.6120080588916037,2.37642948468609,-3.10331022294286,0.22289537351735836,0.5036209022900141,6.587552407941658,1.5022254897367333,False,False,False,False
971,0.5345764634062843,2.8460775299084475,4.398918389293307,2.866962719224344,1.5727946562812822,2.372875981378355,-3.1289204185326893,0.14375450385405153,-35.514411311458844,6.598680781259702,1.5015943161907872,True,True,False,False
972,0.4875312227573519,2.859332485595552,4.404449089599702,2.8836293858854507,1.5272317236879605,2.356193754058822,-3.1581405557815017,0.05683283089078989,0.5046466931580563,6.6049322580251495,-26.7544863231497,True,True,True,True
973,0.44021219144934065,2.871817226499504,4.409979927990815,2.9002960525466808,1.490361938135872,2.357741218941052,-3.1797669522247203,-0.018524494885503996,0.5031628129112564,33.70001173808096,1.500328260966401,True,True,False,False
974,0.39263198931489945,2.8835263045463733,4.4155109036995075,2.9169627192080316,1.455031194222264,2.3575353912201016,-3.2003155917665036,-0.09277766446924822,0.5049545724098063,6.619314786700597,1.5010842835921645,False,False,True,True
975,0.3448033418026361,2.8944544786090365,4.421042015962906,2.9336293858695015,1.406482609514425,2.336486251175076,-3.228719249286347,-0.18464621311327414,0.5041407972309598,6.6262989174102636,1.500179711727513,False,False,True,True
976,0.2967390765804648,2.9045967165155684,4.4265732640223705,2.950296052531087,1.3717616007452946,2.342389580550462,-3.2445826484308906,-0.25758909089848464,0.5014687781175069,6.636815506475572,1.4963549301906887,False,True,False,False
977,0.2484521201013229,2.913948197001827,4.432104647123481,2.966962719192785,1.3439223922361498,2.356444201967076,-3.2547981166287046,-0.3235703692500845,0.5030098192843535,6.639921332251448,1.502413416888853,False,False,True,True
978,0.19995549413217553,2.92250431160754,4.437636164516005,2.9836293858545933,1.3077579687180532,2.3528489756420754,-3.2710036254549264,-0.3993567090537407,0.5038592304021382,6.652040607922954,1.4982322594153978,False,False,True,True
979,0.15126231224723766,2.9302606665152098,4.4431678154538785,3.000296052516509,1.2714134839907762,2.3484116788748115,-3.286941079101797,-0.4752932148615734,0.5007451763093786,6.660203250171916,1.5034547462139753,False,False,True,True
980,0.10238577628635734,2.937213084331167,4.4486995991951845,3.0169627191785313,1.2140662217898022,2.3124198986578466,-3.3148037475617427,-0.5782860934502412,0.506594148362286,6.670877619211112,1.5018121578283272,False,False,True,True
981,0.05333917277951532,2.9433576058081274,4.4542315150021246,3.0336293858406567,1.1772350690391162,2.3059944976195106,-3.3285314115481417,-0.6548930012332429,0.5040632528161967,6.679227550912067,1.4999664460887576,False,False,True,True
982,0.004135869338408316,2.9486904915086147,4.459763562141002,3.0502960525028833,1.136854909583083,2.3036878018613756,-3.338419063029278,-0.7373294700958571,0.5029918090434312,6.689651153552673,1.5034583215670554,False,False,False,False
983,-0.04521068898390488,2.9532082234086277,4.465295739882194,3.0669627191652076,1.1092787723995472,2.3144927609631862,-3.3394085729235305,-0.8047439827880014,0.5002505733680196,6.696714724122924,1.5023289488334108,False,False,True,True
984,-0.09468698336430381,2.956907506440953,4.470828047500133,3.0836293858276287,1.0653483146308842,2.2985358416135324,-3.350943690591152,-0.8903955317652106,0.5041941136730116,6.701591616079323,1.4968921746199224,False,True,False,False
985,-0.14427942491085144,2.9597852699775355,4.47636048427328,3.100296052490144,1.0159961880398993,2.271360230071443,-3.366813491810994,-0.9808130067056814,0.5011985103412335,6.715479184330682,1.4954864942657828,False,True,True,True
986,-0.19397435839297117,2.961838669250336,4.481893049484107,3.1169627191527516,0.9785871492419994,2.2604623077747132,-3.3733315682599927,-1.0589860694759572,0.5069475140814168,6.719872696725645,1.4995455938841156,False,False,True,True
987,-0.24375806599953215,2.9630650867101234,4.487425742419072,3.13362938581545,0.9411056873724439,2.248695795891647,-3.3794707435203777,-1.1373242119394458,0.5026511617038977,6.731839651312438,1.500565909732978,False,False,True,True
988,-0.2936167711238092,2.9634621333226683,4.492958562368596,-3.1328892547013503,0.9035560124444397,2.236058860203431,-3.3852582197057886,-1.2157475744607076,0.5016670381017788,6.737065094723207,1.4987841885870736,False,False,True,True
989,-0.3435366421742732,2.963027649801815,4.498491508627042,-3.116222588038478,0.8565971101449078,2.22379532619284,-3.390313296342533,-1.303000675534877,0.5033158893361157,29.665686459189224,1.4985275008483239,True,True,True,True
990,-0.39350379641015837,2.9617597077789344,4.504024580492694,-3.0995559213755213,0.8346251793033825,2.2455895742737777,-3.37567908344379,-1.3620022114802406,0.5051823585336825,6.755277308669296,34.98270489333048,True,True,False,False
991,-0.4435043038007426,2.9596566109082727,4.509557777267735,-3.082889254712482,0.7882354161995403,2.218163437930489,-3.380823612125263,-1.4516622183272971,0.5072002720831428,6.761792512100462,1.4999954148845263,False,False,True,True
992,-0.4935241909072691,2.9567168959077317,4.515091098258223,-3.0662225880493623,0.7710879890265516,2.238820782980279,-3.361111012149322,-1.5075408709508549,-23.200067352500415,6.771741909796152,1.5016825188080622,True,True,False,False
993,-0.5435494447864269,2.952939333534629,4.5206245427740726,-3.0495559213861636,0.7347176227613279,2.2233277315843716,-3.356183180853961,-1.586026878636575,0.5040495322043925,6.7778888107329935,41.05585995256392,True,True,True,True
994,-0.5935660169143007,2.9483229294960154,4.526158110129032,-3.032889254722888,0.7090792112031188,2.2290830467203873,-3.3409221938076654,-1.6525504774383308,0.5018914507307731,6.785088164234052,1.500552149604899,False,False,False,False
995,-0.6435598271296915,2.94286692529313,4.531691799640661,-3.016222588059537,0.6810170611341063,2.228675166658142,-3.3268304773533477,-1.7213222269238004,0.5066382104033669,6.794130256470862,1.5022154551429234,False,False,False,False
996,-0.6935167675957015,2.936570798999608,4.537225610630311,-2.9995559213961123,0.6440522780524025,2.2095493641367665,-3.3197073821971137,-1.799496032921081,0.502515316728435,-17.092449771999547,1.499824292802064,True,True,False,False
997,-0.7434227067784683,2.92943426597306,4.542759542423106,-2.9828892547326156,0.6071666404724345,2.1895549637709766,-3.312134189215138,-1.8776275193830891,0.5036963303400893,6.8118790907165705,31.24684256451052,True,True,False,False
998,-0.7932634934419288,2.9214572794996743,4.548293594347916,-2.9662225880690483,0.5703651494811552,2.168692435777831,-3.304007586624601,-1.9570697603306213,0.5049167244173556,6.819963213501376,1.4998174823298995,False,False,False,False
999,-0.843024960657481,2.9126400313714975,4.553827765737341,-2.949555921405412,0.5336539540742152,2.146947216218602,-3.295522465068975,-2.035256957305048,29.56062406078759,6.827597233854381,1.5011185026443365,True,True,False,False
1000,-0.8926929298274114,2.9029829523960853,4.559362055927689,-2.932889254741709,0.49703703779567104,2.1243332500263237,-3.2865872644763274,-2.1133939987700323,0.506404625343052,6.8368049872361265,18.477482873587896,True,True,False,False
1001,-0.9422532147209445,2.892486712838216,4.564896464258955,-2.9162225880779395,0.46051940152371185,2.1008510944844345,-3.277020285552467,-2.192942853878656,0.5010050922494674,6.843773122475211,1.4997969112934877,False,False,False,False
1002,-0.9916916255217654,2.8811522227933937,4.5704309900748,-2.899555921414106,0.4241080650175733,2.0764850627746716,-3.2670224889966044,-2.2725533174645034,0.5044864558480138,6.854068244157807,1.5005018333363516,False,False,False,False
1003,-1.0409939728858646,2.868980632492881,4.575965632722532,-2.8828892547502094,0.36665275837577366,2.049022411748526,-3.2774318101927533,-2.3539360499006254,-19.38101103765771,6.864283212652752,1.505074783005511,True,True,False,False
1004,-1.0901460720085423,2.8559733325400156,4.581500391553086,-2.8662225880862513,0.3345213700532128,2.023215614270263,-3.2626795688250723,-2.433185015138923,0.5019421003020768,6.868657208422161,1.5022927479030526,False,False,False,False
1005,-1.1391337466994105,2.8421319540776,4.587035265921001,-2.849555921422233,0.29826937484404537,1.996180225213164,-3.2517993177506637,-2.5116161250202005,0.502481880576236,6.874821134463389,1.5047066168981518,False,True,True,True
1006,-1.1879428334642221,2.827458368886154,4.592570255184403,-2.8328892547581557,0.26213827131348244,1.9682733793796061,-3.240471116697504,-2.589983788769673,0.5008090091357987,6.886679362071615,-22.794299095904798,True,True,True,True
1007,-1.2365591855923541,2.8119546894128544,4.598105358704983,-2.816222588094021,0.22613303668351017,1.9394957817266096,-3.2284695983201925,-2.6698114105267123,0.5015292590359728,6.893010733172302,1.5018545895597617,False,False,True,True
1008,-1.2849686772487663,2.795623268731,4.60364057584798,-2.79955592142983,0.19026115225773027,1.909831210498535,-3.216222791449708,-2.748215291607325,0.5039031837444483,6.900660482345819,36.079267426954566,True,True,True,True
1009,-1.3331572075692546,2.778466700429862,4.609175905982158,-2.782889254765584,0.1545253434638446,1.8792954850362316,-3.203260970598825,-2.828075340337858,0.49948228202439443,6.909209416446446,1.5005653909371848,False,False,True,True
1010,-1.3811107047578142,2.760487818434795,4.614711348479788,-2.766222588101284,0.11893355490163544,1.8478724256991443,-3.1900880754101695,-2.9065080375181758,0.5034226672178516,6.91719091555194,1.4953550372507567,False,True,True,True
1011,-1.428815130184923,2.7416896967575135,4.620246902716628,-2.7495559214369316,0.10987688438575983,1.8106529257820454,-3.138483530456334,-2.9878802904847173,0.5039279178906577,46.31790092312475,1.499669455463347,True,True,False,False
1012,-1.476256482485556,2.7220756491764497,4.625782568071906,-2.7328892547725276,0.0820934403589992,1.775362978628651,-3.1102118996260133,-3.0671404588125117,0.5024571516691714,23.119286929562094,1.498884313999455,True,True,False,False
1013,-1.523420801655736,2.701649228847133,4.631318343928297,-2.7162225881080735,0.051243768290258666,1.7393155605117574,-3.031485568034193,-3.38438174311543,0.5021019466648351,28.757517231441938,1.4998312931792805,True,True,False,False
1014,-1.5702941731464264,2.680414227842554,4.636854229671905,-2.69955592144357,0.01756059531210097,1.701711318921586,-3.430967647084312,-3.5611194149301664,39.265094888177956,6.952338394532147,1.4981071218425823,True,False,True,True
1015,-1.6168627319535673,2.6583746766234904,4.642390224692246,-2.6828892547790186,-0.018572338295488232,1.6587521457501262,-3.493766513692731,-3.2802101236385175,0.5049036898620116,-26.93600113881696,1.4996171667620444,True,False,False,False
1016,-1.6631126667030594,2.635534843438799,4.647926328382227,-2.66622258811442,-0.0566819777538654,1.6196599899874033,-3.4688988143346067,-3.3629414426988546,0.5040910671488376,6.970731909873695,1.5034652724932207,False,False,True,True
1017,-1.7090302237294916,2.611899233655693,4.653462540138128,-2.649555921449776,-0.022398453897068724,1.5877642760673643,-3.405704783126146,-3.4117433174784892,0.5039671360807292,6.976830151347242,17.29576698807635,True,False,False,False
1018,-1.754601711147417,2.58747258902005,4.658998859359583,-2.6328892547850864,-0.08706875777067233,1.5605185769054617,-3.399147925127619,-3.47983206831019,0.5028164164330674,6.987306129150827,1.5000063916238333,False,False,True,True
1019,-1.7998135029139732,2.562259886846809,4.664535285449561,-2.616222588120353,-0.13770466373857673,1.5288505958581091,-3.3811717575963742,-3.550397053165558,0.5035674818886458,6.995247493264527,1.5017332128786915,False,False,True,True
1020,-1.8446520428816484,2.536266339140545,4.670071817814347,-2.599555921455577,-0.21018522965340064,1.492979089824039,-3.37427461142183,-3.6306090279061505,0.5051403080513931,7.001657360019614,1.5023508214041494,False,False,True,True
1021,-1.8891038488399914,2.509497391646322,4.675608455863527,-2.5828892547907585,-0.2641884933256089,1.4591546038852752,-3.35671926207581,-3.703489825526576,0.5047424184653688,7.009668779714536,1.5014653402387976,False,False,True,True
1022,-1.9331555165450691,2.4819587228309508,4.681145199009964,-2.5662225881258993,-0.3065418152282603,1.4205146910376405,-3.329535376470207,-3.777878893016253,0.5001593986557399,7.017804254456644,1.5010279419504726,False,False,True,True
1023,-1.9767937237354696,2.4536562427947937,4.686682046669785,-2.5495559214609997,-0.888510435279531,1.4415381157065053,-3.629038579931922,-3.9293154027066564,0.5035605790655565,7.031220733879073,-32.87595875703507,True,False,False,False
1024,-2.0200052341336567,2.424596092114289,4.69221899826236,-2.532889254796061,-1.0577782174081092,1.3370537773055797,-3.6248572523426907,-4.241438589103367,0.5065756550264631,22.581080320934745,1.5022887889099186,True,False,False,False
1025,-2.06277690143148,2.3947846406153728,4.697756053210285,-2.516222588131084,-1.0237676007976946,1.255104952304516,-3.289949037545178,-4.237038686923809,-23.404315961934298,7.0442966853781,1.4965296961321677,True,False,True,True
1026,-2.1050956732586483,2.3642284860780145,4.703293210939364,-2.499555921466069,-1.194596054659133,1.1935594851332723,-3.341032364688561,-4.344872764836283,0.5039246762947164,7.054294731165095,1.5002123291789224,False,False,False,False
1027,-2.146948595132973,2.3329344528720855,4.70883047087859,-2.4828892548010177,-1.308832491640216,1.1383430116239814,-3.3520626667198927,-4.438474851339926,0.5023736037262283,7.060105200314578,1.5029147865874344,False,False,True,True
1028,-2.1883228143912006,2.3009095905248156,4.714367832460129,-2.4662225881359303,-1.358674016208217,1.0895730501729541,-3.43184110120559,-4.300818986211224,0.5044835954252128,-14.894454537178422,1.5008472197922884,True,False,True,True
1029,-2.2292055840992413,2.2681611722201036,4.7199052951193,-2.449555921470808,-1.4205533508936925,1.02995837077068,-3.4047330963764435,-4.387807979081544,0.5045694884474071,7.081378882485479,1.5027942943233445,False,False,True,True
1030,-2.2695842669406208,2.23469669322997,4.725442858294564,-2.432889254805651,-1.471085578856998,0.9748997435571419,-3.5807265670799326,-4.104771071411855,0.5036725485657949,-30.92573179322429,1.5015579695065335,True,False,True,True
1031,-2.3094463390819753,2.200523869278465,4.730980521427495,-2.4162225881404606,-1.538881826359186,0.9400208773822054,-3.5544081309878157,-4.174723163092678,0.503104882637245,7.092979693744127,1.5012188333879892,False,False,True,True
1032,-2.3487793940144157,2.1656506348383604,4.736518283962774,-2.3995559214752378,-1.7282404545932353,0.8834718543709462,-3.6110828843130345,-4.275205743029141,0.5030729864734033,7.101472174640125,1.5027766784493053,False,False,False,False
1033,-2.3875711463695963,2.130085141360973,4.742056145348166,-2.382889254809983,-1.7413753574158182,0.8264042931242864,-3.54689077611434,-4.3130338915806705,0.5046818448694095,7.109327477293207,38.63210125240026,True,True,True,True
1034,-2.425809435709324,2.093835755439496,4.747594105034503,-2.3662225881446965,-1.856145717951047,0.775480352661572,-3.548275517645736,-4.401376656637568,0.5042086996497783,7.1180259384266265,1.5017066771031733,False,False,False,False
1035,-2.4634822302875485,2.0569110569062263,4.753132162475669,-2.3495559214793795,-1.893918356125592,0.7226368883692769,-3.497152813823917,-4.475925636316546,0.5007305893602677,7.12549260029151,1.501205213053284,False,False,False,False
1036,-2.500577630783588,2.0193198368640966,4.7586703171285825,-2.3328892548140323,-1.9193602854408816,0.6569514551161735,-3.439195464938916,-4.519600011091415,26.431888760183362,7.136123879841372,1.5044054038361092,True,True,False,False
1037,-2.5370838740054342,1.9810710956529487,4.764208568453177,-2.316222588148656,-1.9575735683846474,0.6067336772151577,-3.388902346323406,-4.591426797613949,0.5019548288487453,7.138106508756927,1.4986114504526888,False,False,True,True
1038,-2.5729893365620096,1.942174040750995,4.769746915912387,-2.299555921483251,-1.9754837596273476,0.5581847849999261,-3.3222677940866365,-4.660123502977875,0.504380050658264,7.150564424944949,1.5023810343844581,False,False,True,True
1039,-2.608282538503235,1.9026380846119413,4.775285358972133,-2.2828892548178175,-2.01239784622831,0.5064056349668385,-3.2698688637311957,-4.730683056548344,0.5056646058254667,7.160329554023335,1.5027571688891495,False,False,True,True
1040,-2.642952146926785,1.8624728424382595,4.780823897101301,-2.266222588152357,-2.04872972249199,0.45384248989407916,-3.2166294318784048,-4.8007448055871365,0.5060748457455213,7.169950927918663,1.4981416604384938,False,False,True,True
1041,-2.676986979550416,1.821688129891125,4.786362529771726,-2.24955592148687,-2.091981767762086,0.37876364068062734,-3.1685741709938733,-4.848586520128686,0.5034443305332857,7.177493242298512,1.4960857060795683,False,True,False,False
1042,-2.7103760082487516,1.7802939607375423,4.791901256458179,-2.232889254821356,-2.1330476871973882,0.313638802673234,-3.1143521733548063,-4.925217559154052,0.5056057288435063,7.187551154328157,1.505403606759836,False,False,False,False
1043,-2.743108362553427,1.7383005444352155,4.79744007663835,-2.216222588155817,-2.1619778641330534,0.25924965846053183,-3.052513492893982,-4.992126826285809,0.5030956108314623,7.1959527264740855,1.5024828850700565,False,False,True,True
1044,-2.775173333115498,1.6957182836557254,4.802978989792829,-2.1995559214902527,-2.192414611302774,0.20320517705653984,-3.0205436922310422,-5.024429959702325,28.312135237851344,7.199090917687555,1.5020431961697305,True,True,True,True
1045,-2.8065603751290276,1.652557771746607,4.808517995405091,-2.182889254824664,-2.233131172273556,0.13854738435741687,-2.9946215518262274,-5.062964717057581,0.5042089414599301,43.81707703798007,1.4999175392740327,True,True,False,False
1046,-2.8372591117147765,1.6088297901329305,4.814057092961482,-2.166222588159051,-2.263586347820189,0.08176623630686755,-2.932051553380761,-5.128403444693835,0.5043157168244754,7.218319056356941,1.4962023692296564,False,False,True,True
1047,-2.8672593372629325,1.5645453056590133,4.819596281951203,-2.149555921493415,-2.2961646984133086,0.02478397581026938,-2.9016822032713048,-5.159194378577617,0.5028126199860627,45.73887796104253,1.501211875805766,True,True,True,True
1048,-2.8965510207338174,1.5197154678709073,4.825135561866288,-2.132889254827756,-2.3284056117829897,-0.03254040617392636,-2.839843912147588,-5.222949423411852,0.5044809586072051,7.234819548645009,1.5013339210674699,False,False,True,True
1049,-2.9251243089155308,1.4743516062403244,4.830674932201599,-2.1162225881620746,-2.366385117809891,-0.1005661969459639,-2.811103229217203,-5.261014253189061,0.5041062330341107,7.240934129333231,26.56623440790071,True,True,False,False
1050,-2.9529695296374903,1.4284652273306817,4.836214392454799,-2.0995559214963713,-2.393875712866114,-0.16051132990825503,-2.981172473912532,-5.084661458966203,0.5040600550075414,-23.07894155120288,1.5004718450406944,True,False,False,False
1051,-2.9800771949388465,1.382068011905968,4.8417539421263465,-2.0828892548306466,-2.4269998514651423,-0.21700756834121285,-2.9534005300533144,-5.109642810936193,-30.18316458312864,7.2595318871414145,1.4982341054288095,True,True,True,True
1052,-3.0064380041907555,1.3351718119831464,4.847293580719472,-2.066222588164901,-2.4598154129101792,-0.273781377351615,-2.8879888683907406,-5.170297418596125,0.5035875326212692,7.266692059831283,1.5013199390454974,False,False,True,True
1053,-3.0320428471715095,1.2877886478288323,4.852833307740166,-2.049555921499135,-2.491904178114521,-0.3312291264471275,-2.8217709804535573,-5.230250212680346,0.5001011578324308,7.2774542601429895,1.5015960885844468,False,False,True,True
1054,-3.0568828070935306,1.2399307049009984,4.858373122697166,-2.032889254833349,-2.5232571890084494,-0.3893430176991313,-2.7722289175527504,-5.273513638738944,15.987827143575217,7.285552722909415,1.5001870310258478,True,True,True,True
1055,-3.0809491635812534,1.1916103307364787,4.863913025101934,-2.0162225881675435,-2.5540597325368135,-0.4479376136851196,-2.7045679270283403,-5.332094126785781,0.5061723177405116,7.292943043072361,1.5000381090947013,False,False,True,True
1056,-3.104233395598928,1.142840031785059,4.869453014468652,-1.9995559215017187,-2.5781923714283983,-0.5183333656546523,-2.628797687092225,-5.397512721446976,0.5022067276841089,7.300881035602128,1.5007171053731947,False,False,True,True
1057,-3.1267271843273865,1.0936324701909632,4.874993090314197,-1.9828892548358752,-2.604781805027489,-0.5846812539616828,-2.573879602631551,-5.443312507724108,-31.916669398101497,7.311718443989542,1.5022076268115838,True,True,True,True
1058,-3.148422415988838,1.0440004605225524,4.880533252158131,-1.9662225881700133,-2.6469946239481508,0.18254552644511057,-2.457522180293909,-4.977045632627549,0.503652119726493,7.318756407681981,1.4987186820337937,False,False,False,False
1059,-3.16931118461876,0.9939569664510819,4.886073499522684,-1.9495559215041336,-2.695388697459196,0.30102919896805524,-2.408587565407178,-4.900028215297829,0.5041903776455958,-26.30776752450144,1.496882621370523,True,True,False,False
1060,-3.1893857947839725,0.9435150973793692,4.891613831932744,-1.9328892548382364,-2.7244650269738973,0.2657666592054918,-2.334805153425426,-4.930220077588152,0.5041246058413659,7.3357827251152985,1.502795497239774,False,False,True,True
1061,-3.208638764246,0.8926881050212458,4.897154248915833,-1.916222588172322,-2.7658260980321057,0.32317023335877426,-2.282786269021794,-4.888131640886151,40.27609162940882,7.3434613146630054,1.4977116497191119,True,True,False,False
1062,-3.2270628265688237,0.8414893799326816,4.902694750002103,-1.899555921506391,-2.7982165523277582,0.3168139790435883,-2.202725095336297,-4.897314850878366,0.5043545404369055,7.351577663441034,1.4990088933496972,False,False,True,True
1063,-3.244650933670168,0.7899324479954861,4.908235334724314,-1.8828892548404437,-2.832956442641059,0.3258603662511521,-2.150068628623055,-4.882267022111133,0.5013788672251515,-25.3560900420863,1.5015830494255689,True,True,False,False
1064,-3.261396258315449,0.7380309668545072,4.913776002617821,-1.8662225881744803,-2.860290492698901,0.2948692337606423,-2.0673765804339497,-4.903594607461035,0.503107233708122,7.369126550944718,1.5039152806578258,False,False,True,True
1065,-3.2772921965535544,0.6857987223092612,4.919316753220562,-1.8495559215085013,-2.8924374902554817,0.29127732535771184,-1.991963363277569,-4.902102565246325,0.501636696031805,7.376259362814683,1.5022604790136829,False,False,False,False
1066,-3.2923323700936233,0.6332496246609468,4.92485758607304,-1.832889254842507,-2.916703134539101,0.25174584364793956,-1.9298527453354928,-4.917219775473536,0.5022226054251081,7.385729143537381,22.231044625956642,True,True,True,True
1067,-3.306510628622014,0.5803977050158068,4.930398500718313,-1.816222588176498,-2.9433204905386265,0.21903395376404514,-1.8751750816959871,-4.925454034488981,0.5024856681999545,-21.306242497276344,1.4981088449479083,True,True,True,True
1068,-3.319821052058667,0.5272571115458181,4.935939496701977,-1.7995559215104742,-2.966211036656679,0.17197045613451403,-1.7938567298036159,-4.951749763632503,0.5031879365443298,7.401206371132028,1.5017977130220006,False,False,True,True
1069,-3.3322579527520833,0.47384210570770535,4.941480573572151,-1.782889254844436,-2.9868533926975704,0.1192361692269413,-1.710191392862135,-4.981330149624348,0.502763062665746,7.410935258917483,1.5035978571824524,False,False,True,True
1070,-3.3438158776121556,0.4201670584212855,4.947021730879467,-1.766222588178384,-3.0498948768935246,0.17470530055645234,-1.6532191048379599,-4.918048337155884,0.5032696408567062,7.416988689875023,1.4990536853795788,False,False,False,False
1071,-3.3544896101801034,0.3662464462081668,4.95256296817705,-1.7495559215123182,-3.0923257940565745,0.17222192463852976,-1.607798237100365,-4.893041646420883,0.5025577898327203,7.424385030166915,-37.44009364937983,True,True,False,False
1072,-3.364274172634786,0.312094847291838,4.958104285020511,-1.7328892548462391,-3.127454380785107,0.15411185500352725,-1.5577752873470108,-4.879275204829489,-17.60814724445156,7.432412751366769,1.501178813498257,True,True,False,False
1073,-3.373164827734681,0.2577269376601967,4.963645680967928,-1.716222588180147,-3.15863390570802,0.1268122071982372,-1.505177873709517,-4.871605205642583,0.5016847650875702,43.333188538899364,1.50049656088117,True,True,False,False
1074,-3.3811570806948286,0.20315748709157994,4.969187155579834,-1.6995559215140421,-3.2017032545693787,0.09832863373383993,-1.438807139182538,-4.86519720542247,0.5050645611137082,7.452297750069379,1.5009888220976857,False,False,True,True
1075,-3.3882466809980722,0.14840135514537167,4.974728708419206,-1.6828892548479248,-3.2271890259485865,0.05921095835207285,-1.3826966337708755,-4.864655306244383,0.5014822221014419,7.462767464670106,-15.094927079832898,True,True,True,True
1076,-3.3944296241399274,0.09347348711827502,4.980270339051445,-1.6662225881817951,-3.2436036864776194,0.01311982754960244,-1.2937474251158947,-4.873930910722566,0.5038924857791812,7.464905347642623,1.5033977761003663,False,False,True,True
1077,-3.399702153306443,0.03838890996734884,4.9858120470443685,-1.6495559215156537,-3.2715521103411964,-0.027850482978193893,-1.2399255114360965,-4.870173173468597,0.4971123940442881,7.478095056979566,1.5031546427471152,False,True,False,False
1078,-3.4040607609844304,-0.016837271799079838,4.991353831968196,-1.6328892548495004,-3.2915489427428795,-0.0780853185070729,-1.178511257533173,-4.875669181847516,0.505351677929499,7.486335188247144,-26.01659844421846,True,True,True,True
1079,-3.407502190503453,-0.07218988026150408,4.996895693395533,-1.6162225881833356,-3.3100361127534588,-0.13048306296006476,-1.0921325685264969,-4.883831019982384,0.5038228928406648,7.494809376066509,1.499494401725632,False,False,False,False
1080,-3.410023437508993,-0.12765366825919197,5.002437630901361,-1.5995559215171598,-3.325715768851422,-0.18484088804012214,-1.00433997697753,-4.8927954154947475,0.5035355641277495,7.49787960707012,1.5027668374286152,False,False,True,True
1081,-3.4116217513662264,-0.18321332358886266,5.00797964406302,-1.5828892548509732,-3.3336831295318317,-0.23754654003489847,-0.9102679063681535,-4.899940885373781,0.5008650774711458,7.505355656996719,1.5023632633015676,False,False,True,True
1082,-3.412294636493859,-0.2388534732309276,5.013521732460201,-1.566222588184776,-3.3428104647998347,-0.2910718735470176,-0.8179333306323108,-4.905644128252906,0.5034555617459794,7.517139056702158,1.4993218830734634,False,False,True,True
1083,-3.412039853627494,-0.2945586876021309,5.019063895674928,-1.5495559215185684,-3.354537020127882,-0.3456758040614713,-0.7293086804764579,-4.909189105060681,0.5033690776473361,-15.996474086297386,1.4978866674383549,True,True,False,False
1084,-3.4108554210120183,-0.35031348483341246,5.024606133291549,-1.5328892548523503,-3.3659452514683967,-0.4005796001177469,-0.6415957946419825,-4.9112798778000695,0.5053712326590414,7.535357544069221,18.641814388311253,True,True,False,False
1085,-3.408739615522525,-0.40610233507180793,5.030148444896719,-1.5162225881861224,-3.3735364390078946,-0.45472480245677177,-0.5517706137136908,-4.912184973932579,0.5032968362486522,45.02791312151887,1.4999921887920096,True,True,True,True
1086,-3.4056909737132965,-0.4619096648051905,5.035690830079392,-1.4995559215198848,-3.38217098102485,-0.5098807649669777,-0.26441807338027856,-4.9026165745498815,0.5044234246807835,25.359389598269058,1.502690655538988,True,True,True,True
1087,-3.401708292794397,-0.5177198612086503,5.041233288430803,-1.4828892548536374,-3.3810033313172996,-0.5637108920812223,-0.16860380895349647,-4.901893807149733,0.5045330069785898,7.556397803401988,1.4988017769994797,False,False,True,True
1088,-3.396790631535449,-0.5735172765112984,5.046775819544459,-1.4662225881873807,-3.3832559485861253,-0.6183012376337846,-0.0761816669910832,-4.897611046490628,0.5034827531284083,7.567749917799727,1.5005060155871295,False,False,True,True
1089,-3.390937311096184,-0.6292862323822739,5.052318423016126,-1.4495559215211151,-3.3841024115526928,-0.6727191381503472,0.015451798390418922,-4.893249491483852,0.5045262722375562,7.57782392509875,1.5036893943430603,False,False,True,True
1090,-3.3841479157833727,-0.6850110243347269,5.057861098443814,-1.4328892548548406,-3.38393072490391,-0.7270885769446123,0.1070556523957151,-4.887547170301139,0.5040841025162252,7.581807268844044,1.503335078797738,False,False,True,True
1091,-3.3764222937337722,-0.7406759261465373,5.063403845427768,-1.4162225881885573,-3.38349608128578,-0.7806929860085311,0.46607093214089235,-4.839672322113261,0.5031721195395804,31.768421705209466,1.5000787935992272,True,False,False,False
1092,-3.367760557522741,-0.7962651942965282,5.068946663570453,-1.3995559215222655,-3.378026728499657,-0.8345408494695458,0.5916891196748479,-5.043943664977136,20.057152509117156,7.60270134059611,1.4990824169133798,True,False,True,True
1093,-3.358163084698194,-0.8517630724149218,5.074489552476543,-1.3828892548559655,-3.3719226677756478,-0.8902747362245241,0.6834401134113157,-5.0311134612777275,0.5038400130744356,7.610542782262609,1.5017254673948048,False,False,False,False
1094,-3.3476305182395936,-0.9071537957467801,5.080032511752909,-1.3662225881896572,-3.3627874291555364,-0.9459652571185881,0.812708137699304,-5.2059924652860365,17.71051120892596,7.61478724486206,1.4973011623565644,True,False,False,False
1095,-3.3361637669416897,-0.9624215956271672,5.085575541008602,-1.349555921523341,-3.355647282621945,-1.0041094815796041,0.7343829965564965,-5.225618211360677,0.5012234758371078,-7.820499721513591,1.497582543389428,True,False,True,True
1096,-3.3237640057227504,-1.0175507039667626,5.091118639854851,-1.332889254857017,-3.3468840900445884,-1.0622327648873615,0.7475721110036012,-4.8581170029869325,-31.93521394899412,7.631539294993651,1.5044558001947983,True,False,True,True
1097,-3.310432675857036,-1.0725253577466511,5.09666180790504,-1.3162225881906855,-3.3358835036478474,-1.116046098964647,0.8415627396424328,-4.841484516360348,0.5036839318814784,7.643467449663481,1.5037409298039186,False,False,True,True
1098,-3.2961714851313015,-1.1273298035210093,5.102205044774704,-1.2995559215243464,-3.3246131299924886,-1.1697307311718066,0.9346570079127817,-4.822900315669139,0.5063250835276296,7.651578175702605,1.4986318584505547,False,False,True,True
1099,-3.2809824079251237,-1.181948301926402,5.10774835008151,-1.2828892548580002,-3.3107158012018707,-1.2226930117697679,0.7468245546344763,-4.881819197557886,0.5028239196039043,-18.72147152346079,1.5000689631950985,True,False,True,True
1100,-3.264867685214884,-1.2363651321964009,5.113291723445255,-1.2662225881916467,-3.3247932099881456,-1.2696637188342599,0.7870954939475089,-4.851699390841196,0.5052943373932213,7.669575792167861,22.574486557100023,True,False,True,True
1101,-3.2478298245012436,-1.2905645966802306,5.118835164487844,-1.2495559215252863,-3.3052821968699315,-1.3326468549618857,0.8753503817135091,-4.843108786672701,0.5048373695552999,7.67475036868061,1.4996590725383434,False,False,False,False
1102,-3.2298715996599827,-1.3445310253641454,5.124378672833282,-1.232889254858919,-3.3122902224406396,-1.3910710537232482,0.8132998496762222,-4.497595395534074,-30.125614883652588,7.685168671988085,1.503747699116922,True,False,True,True
1103,-3.210996050716094,-1.3982487803942363,5.129922248107665,-1.216222588192545,-3.313076288392852,-1.4444162576647652,0.8685443674411343,-4.456147885824457,0.5022294068038361,7.691722676954452,28.324027339473368,True,True,True,True
1104,-3.1912064835410385,-1.4517022605993644,5.135465889939165,-1.1995559215261646,-3.303425795421284,-1.4939290119517037,0.9558674955739651,-4.424630175086921,0.5062835577524442,7.702390410271544,1.498734220096019,False,False,True,True
1105,-3.1705064694730987,-1.5048759060129142,5.141009597958021,-1.1828892548597778,-3.281440090642631,-1.5441128502434096,1.0551983500190683,-4.401021169874398,0.5039274205672271,7.710482351297664,1.4990965577404198,False,False,False,False
1106,-3.148899844860784,-1.5577542023920607,5.146553371796526,-1.1662225881933848,-3.267791253336241,-1.593048321319214,1.1441327240639727,-4.369649776015905,0.4983513084328546,7.714046996246041,1.4980912407391422,False,False,False,False
1107,-3.1263907105292694,-1.6103216857332372,5.152097211089014,-1.1495559215269857,-3.255152972106508,-1.641614883533186,1.2308879523446485,-4.335823397661817,0.5044886208885642,7.727308604831618,1.497127223954927,False,False,True,True
1108,-3.10298343116986,-1.6625629467824943,5.157641115471853,-1.1328892548605807,-3.2409897928359626,-1.6890689954548876,1.3180350243686785,-4.299469533949753,0.500348942864977,7.735296905204422,1.501811511508262,False,False,False,False
1109,-3.078682634652513,-1.7144626355394381,5.1631850845834295,-1.1162225881941699,-3.2256318708732055,-1.7361344815096877,1.405143791602397,-4.261661880239482,0.5043348799160273,7.745454228056199,1.50139177582168,False,False,False,False
1110,-3.053493211261457,-1.7660054657534328,5.168729118064139,-1.0995559215277533,-3.2100191620776233,-1.7834862801790152,1.3386531952671297,-3.924145508870316,-29.744332753827905,7.750554261056836,1.5030164066597735,True,False,True,True
1111,-3.0274203128539745,-1.8171762194107546,5.174273215556375,-1.082889254861331,-3.1923053449463024,-1.8216331521379177,1.424609461056335,-3.878214018390166,0.5010980207085234,7.755487034887713,1.5027722826764276,False,False,False,False
1112,-3.000469351942444,-1.8679597512113852,5.179817376704518,-1.0662225881949032,-3.1729612365473674,-1.8655420746181837,1.513914382902612,-3.839050755861532,0.5041548208673053,7.766182785148542,1.5005300432603699,False,False,True,True
1113,-2.972646000699744,-1.9183409930341302,5.185361601154925,-1.0495559215284702,-3.156403083572483,-1.9155314359464353,1.5605814957900501,-3.7766878978037055,0.5007771506907546,-17.65766396062788,1.4980104497874667,True,True,True,True
1114,-2.9439561898881634,-1.9683049583887504,5.190905888555917,-1.0328892548620319,-3.1398946910059853,-1.9612149715455005,1.6439916250347817,-3.73596794070247,0.5050392916804002,7.7834968209905,1.5017736557643564,False,False,True,True
1115,-2.914406107711971,-2.0178367468537983,5.196450238557767,-1.016222588195589,-3.121953202217307,-2.002225054856223,1.6842741508933492,-3.662324371842079,0.5062921143706064,7.791230695178871,-36.12354891376605,True,True,True,True
1116,-2.88400219859382,-2.0669215484988452,5.201994650812693,-0.999555921529141,-3.100713062837792,-2.0525320550122528,1.7727874917182356,-3.6266700608787943,0.5023041133543757,7.800679265770847,1.5029431840018075,False,False,False,False
1117,-2.8527511618751977,-2.115544648289798,5.207539124974844,-0.982889254862688,-3.081048426708275,-2.095275604041154,1.8543414750570089,-3.580601175171756,0.5038206701745432,7.809415935196492,1.503283768071965,False,False,True,True
1118,-2.8206599504411405,-2.163691430475996,5.213083660700293,-0.9662225881962305,-3.060419656266959,-2.1343200165925333,1.9340786482823347,-3.5296691435300285,0.5049135834013475,7.8151944077451,1.5026238490985433,False,False,True,True
1119,-2.7877357692694567,-2.2113473829577903,5.21862825764702,-0.9495559215297682,-3.0410958316024614,-2.1823459462901065,1.9879149647747532,-3.449584989317477,0.5046257220771144,-27.88855776288538,1.5007403344646786,True,True,False,False
1120,-2.7539860739047355,-2.2584981016333012,5.224172915474907,-0.9328892548633014,-3.0207722000507298,-2.2316083776636075,2.0415231197086534,-3.3710803045073785,0.503757657505263,7.836243184215013,1.4993399718412335,False,True,False,False
1121,-2.719418568857428,-2.305129294723066,5.229717633845725,-0.9162225881968302,-2.997708350569087,-2.266690076678817,2.1188298040899527,-3.3141194602201223,0.5032075504554544,7.843396632192083,1.5024942629499416,False,False,False,False
1122,-2.684041205928313,-2.35122678707128,5.2352624124231255,-0.8995559215303546,-2.9741657971903095,-2.3035136262368185,2.1669221294480505,-3.224256346379933,0.5018402124721683,7.847851536010599,1.4999187552649715,False,True,True,True
1123,-2.6478621824586908,-2.396776524422348,5.240807250872627,-0.8828892548638745,-2.950088884640887,-2.3393386967521512,2.213853081235632,-3.133781284889401,0.5019005901334755,7.857153301117932,1.499711480822176,False,True,True,True
1124,-2.610889939506652,-2.441764577671457,5.2463521488616065,-0.8662225881973904,-2.924131046972606,-2.368466917904015,2.258740552137379,-3.0352100434760905,0.5065371418438879,35.771799815455175,1.5009281712302003,True,True,False,False
1125,-2.5731331599498133,-2.4861771470879064,5.251897106059289,-0.8495559215309023,-2.898140591685294,-2.3990276034718407,2.33320713355096,-2.971935115325514,0.5061569460308342,7.87413034458868,1.5041684200356034,False,False,False,False
1126,-2.534600766514917,-2.5300005665099103,5.257442122136737,-0.8328892548644102,-2.871439574441265,-2.4297773180137483,2.390979621931978,-2.8926052212551148,0.5048156874493697,43.467172445110144,1.501840547221254,True,True,False,False
1127,-2.4953019197347173,-2.5732213075096126,5.262987196766842,-0.8162225881979142,-2.8441065817150073,-2.4600762908519394,2.447670185783375,-2.8127841432172933,0.5019874196046638,7.890499594241647,1.4986379669123642,False,True,False,False
1128,-2.455246015832603,-2.6158259835270576,5.26853232962431,-0.7995559215314145,-2.8161141836113215,-2.4897470060238183,2.503239449252723,-2.732282683430898,0.5043883956879894,7.898137062421242,-19.797363335959425,True,True,False,False
1129,-2.4144426845354245,-2.6578013539718577,5.2740775203856565,-0.7828892548649109,-2.788300411952958,-2.5201057025063838,2.5741675216467628,-2.6684612789485525,0.5065558472551541,7.905299289464686,1.4989293428764199,False,True,True,True
1130,-2.3729017868150133,-2.699134328291317,5.279622768729193,-0.7662225881984037,-2.7596985506013274,-2.549755272272479,2.913274756781197,-2.8661240685143667,34.32876898547596,7.916230930196528,1.4979748502608883,True,False,True,True
1131,-2.330633412558905,-2.739811970003771,5.285168074335019,-0.749555921531893,-2.725572532426711,-2.579128888813493,2.742042874384981,-2.565753924141964,-29.47193303589099,7.926548396330419,1.5011954601921587,True,False,False,False
1132,-2.2876478781708025,-2.7798215006959084,5.290713436885009,-0.7328892548653787,-2.6939186824664523,-2.6061328159846164,2.8107719173565804,-2.4952809400771243,0.506754678070841,7.936325262543349,1.4963776633113168,False,False,False,False
1133,-2.243955724101329,-2.819150303982859,5.296258856062809,-0.7162225881988613,-3.0989030984707746,-2.860334048387033,2.3959967181673263,-2.387483937598602,0.5064677672999924,7.942688201888741,-35.68451293855743,True,False,False,False
1134,-2.19956771230965,-2.8577859294298285,5.301804331553818,-0.6995559215323404,-2.9619055288573564,-2.8510793183973395,2.5981141179424543,-2.362230008664125,0.5067474591533105,7.9488729518345975,38.46418389517338,True,False,False,False
1135,-2.1544948236565586,-2.8957160964340756,5.307349863045186,-0.6828892548658163,-2.9969468253784095,-2.9269495999971795,2.4060401129103375,-2.6459070066624744,0.5061453618391297,-25.897327551796593,1.5035434775507535,True,False,True,True
1136,-2.108748255229643,-2.932928698066037,5.312895450225799,-0.6662225881992891,-2.9702130463460725,-2.9563485667378737,2.2789160895734004,-2.8946176764928464,0.5058248638368555,-25.80741949222076,1.5029141785941,True,False,True,True
1137,-2.0623394176011756,-2.9694118048684124,5.318441092786273,-0.6495559215327589,-2.975534625715532,-3.01597531822679,2.2987135720164678,-2.836547142846937,0.5052384406670127,7.975770964083618,1.497839872327011,False,False,True,True
1138,-2.0152799320193786,-3.0051536686120355,5.3239867904189415,-0.6328892548662255,-2.949993363804238,-3.047492508702867,2.149348715054911,-3.1337051351854437,0.5059761513053337,-30.604485124185423,1.5054315458533993,True,False,True,True
1139,-1.9675816275337534,-3.04014272600736,5.329532542817849,-0.6162225881996894,-2.8319733840930357,-3.0283604898941556,2.2738431518460898,-3.031994011571912,0.5061631367080993,7.990746538768529,1.5011851864792531,False,False,False,False
1140,-1.9192565380551658,-3.07436760237041,5.335078349678738,-0.5995559215331503,-2.8067084601836347,-3.062049312244955,2.217758999124472,-3.143732823647655,0.5037458322019601,-11.91813544220382,1.500630187647339,True,False,True,True
1141,-1.8703168993514137,-3.10781711524205,5.340624210699041,-0.5828892548666085,-2.7785298850113285,-3.0942856741933444,2.3541004288469964,-2.913263706910934,0.5021072622208689,23.06918705174857,1.4997581100650388,True,False,True,True
1142,-1.8207751459790127,-3.140480277959435,5.346170125577874,-0.5662225882000635,-2.7488573118679107,-3.1238710878234297,2.40819857557094,-2.8279932235052736,0.5008595192859132,8.016207585841011,1.4995030747344311,False,False,True,True
1143,-1.7706439081519652,-3.1723463031785295,5.351716094016022,-0.549555921533516,-2.6509897138230616,-3.109726407519522,2.5229383093690902,-2.72194453072429,0.5053717953918335,8.022082760710461,1.502680202812946,False,False,False,False
1144,-1.7199360085482867,-3.203404606346577,5.357262115715933,-0.5328892548669657,-2.591470962545149,-3.1204467340429325,2.376279185704651,-2.5097890400655403,-22.625658845495174,8.031246658259315,1.500094310327338,True,False,True,True
1145,-1.668664459055095,-3.2336448091234287,5.362808190381709,-0.5162225882004128,-2.500562825791478,-3.1045620148356634,2.4780223521640097,-2.3750518605648034,0.5036217685879075,8.03852694068057,-14.882124389631429,True,False,True,True
1146,-1.6168424574530755,-3.2630567427506456,5.368354317719095,-0.49955592153385764,-2.4730292441007666,-3.1309514799530502,2.761351835708475,-1.949421428952319,0.5034500474992425,45.315117528711056,1.500674205555619,True,False,True,True
1147,-1.5644833840411652,-3.2916304513673014,5.3739004974354705,-0.48288925486729983,-2.4575761052212184,-3.258557962723746,2.77138134555121,-1.981787530479564,35.57454660485014,8.059035918858754,1.5005272572329367,True,True,True,True
1148,-1.5116007982023068,-3.3193561952714314,5.379446729239842,-0.4662225882007398,-2.3262124567964397,-3.2358026797458774,2.921807883196171,-1.8602336294340842,0.5046441827512825,8.066131068602413,1.500912493471222,False,False,False,False
1149,-1.4582084349111541,-3.346224454126083,5.3849930128428305,-0.4495559215341771,-2.196205560453226,-3.2253907272478655,3.033065151701603,-1.7964538244795107,30.918373992342705,8.073230915722515,1.5031715077506067,True,True,True,True
1150,-1.4043202011846179,-3.372225930108934,5.390539347956667,-0.4328892548676122,-2.1625048365454305,-3.2453513252976376,3.079391071108144,-1.7089952530584125,0.5052456923188177,8.080926900274408,1.4990754954795609,False,False,True,True
1151,-1.349950172476165,-3.397351551004473,5.396085734295179,-0.4162225882010451,-2.089213010810639,-3.231641515590484,3.12288032246393,-1.6357105071809934,-27.457099540951692,8.091472866554865,1.5014514164388506,True,True,True,True
1152,-1.2951125890148032,-3.4215924732377276,5.401632171573786,-0.3995559215344757,-2.0100568551151365,-3.2333315188386753,3.1750329358363993,-1.5816726262646739,39.21277498925009,8.101402370313817,1.501635729269521,True,True,True,True
1153,-1.2398218520896969,-3.4449400848485676,5.407178659509487,-0.38288925486790415,-2.0057094619088565,-3.2170427403918667,3.167374386883233,-1.427307946304485,0.5037865908570863,8.108874192596014,-18.570326511668576,True,False,False,False
1154,-1.184092520281378,-3.4673860084056085,5.412725197820854,-0.36622258820133036,-2.0097666908809835,-3.24306261921403,3.17173012091564,-1.3419503127364318,0.5061927956194414,8.116648114023588,1.5016575285494886,False,False,True,True
1155,-1.1279393056405385,-3.488922103858756,5.418271786228022,-0.3495559215347548,-1.8852406358485694,-3.216989788389138,3.3103127188897106,-1.2099727962387214,0.5032715505264437,8.123418985967264,1.507091880567879,False,False,False,False
1156,-1.0713770698153997,-3.5095404713294607,5.423818424452681,-0.332889254868177,-1.7772183973316327,-3.2064350098908823,3.5376625100104437,-0.8145028256775998,0.502511789157285,35.22910207445047,1.504037326994859,True,False,True,True
1157,-1.0144208201286768,-3.529233453837758,5.4293651122180675,-0.31622258820159743,-1.6725510630572114,-3.1983159787987887,3.763369126182688,-0.38916020813267377,0.5079791445633562,38.502172697464005,1.501389875988348,True,False,False,False
1158,-0.9570857056051701,-3.5479936399651852,5.434911849248955,-0.29955592153501565,-1.621365035380819,-3.2007853069540655,3.810577733186561,-0.29535483802519014,0.5050511612120863,8.150688665386689,1.5010107894907312,False,False,True,True
1159,-0.8993870129510327,-3.565813866452689,5.440458635271646,-0.2828892548684321,-1.5726851391035714,-3.2030188092888787,3.8529207724778236,-0.20141960410127202,0.5055384862045006,8.159091833524172,1.5037531415091632,False,False,True,True
1160,-0.8413401624857785,-3.5826872207326548,5.446005470013964,-0.26622258820184674,-1.5253785599062168,-3.2046983476828577,3.8173588138654293,-0.3445776279959772,0.5073623849121242,-14.23063952963056,1.4993718039680684,True,False,False,False
1161,-0.7829607040281112,-3.5986070433941966,5.451552353205245,-0.24955592153525963,-1.5217734853226328,-3.211326474135839,3.8006106296566338,-0.23932548748631566,0.5057183577849694,8.177294865853078,-16.133065263770035,True,False,True,True
1162,-0.7242643127366701,-3.61356693058088,5.457099284576327,-0.23288925486867074,-1.5300821218669864,-3.215873939655017,3.7762871361755295,-0.126731308192568,0.5041289921866847,8.181809216874123,-14.984408466293221,True,False,True,True
1163,-0.6652667849068028,-3.6275607363200524,5.462646263859545,-0.21622258820208007,-1.3559611827692488,-3.3479252963318444,3.9743871914140696,-0.1253302908272932,0.5029053125572948,8.19077915920798,1.499993393190936,False,False,True,True
1164,-0.6059840337244907,-3.6405825747829836,5.4681932907887205,-0.19955592153548762,-1.2790473034365375,-3.38752132105283,4.0572934062995865,0.00964319402650766,26.096917865119398,8.198504366338243,1.4969920224893811,True,True,False,False
1165,-0.546432084978568,-3.652626822475037,5.473740365099154,-0.18288925486889385,-1.2455650806832859,-3.41777581798489,4.0816293694301065,0.14354649753042703,0.4997131967519226,42.263786293932355,1.4979831747648142,True,True,True,True
1166,-0.48662707273238637,-3.663688120355104,5.479287486527616,-0.1662225882022983,-1.220970159162767,-3.4003482000586653,4.037758497616996,0.0728412004980862,0.5084212484834717,-8.985680169299508,1.500320796360687,True,False,True,True
1167,-0.4265852349560954,-3.6737613758835628,5.484834654812339,-0.14955592153570096,-1.1646165409510307,-3.390957693555422,4.077283794148041,0.1839428161146284,0.5047682336249114,8.224542835616877,1.5012160884389403,False,False,False,False
1168,-0.3663229091207188,-3.682841764998034,5.490381869693011,-0.1328892548691023,-1.1261413116550887,-3.383932385557674,4.093405867316794,0.3029475650796326,-18.28608356817137,8.233302579240835,1.502419977539705,True,True,True,True
1169,-0.3058565277552214,-3.6909247340162294,5.495929130910766,-0.11622258820250186,-1.0783833422186542,-3.379789131416172,4.1188507713243965,0.4056234640580796,0.5019176380232995,8.245344950111964,1.5010494351040509,False,False,True,True
1170,-0.24520261396777496,-3.6980060014652087,5.501476438208176,-0.0995559215359001,-1.0184037366693441,-3.37272435032062,4.155083704536858,0.5130770524460411,0.5031911316515555,8.24855917957304,1.4995438531678955,False,False,True,True
1171,-0.1843777769324425,-3.7040815598363803,5.5070237913292415,-0.08288925486929699,-0.9722639590623648,-3.367030602884919,4.172467589158882,0.6148779552936351,0.5042865471705626,8.260418304217453,1.5006920667375878,False,False,True,True
1172,-0.12339870734251339,-3.7091476772655976,5.512571190019387,-0.06622258820269256,-0.9226502191731545,-3.359385192266402,4.1910036612210115,0.7190699671995664,0.5037754871395137,8.268106273803387,1.5016957732101792,False,False,True,True
1173,-0.062282172831733755,-3.7132008991377323,5.518118634025452,-0.04955592153608679,-0.8554919857148575,-3.351637814142288,4.2281741451818,0.8382371567463647,18.695609952976415,8.273368859676498,1.5003654628232599,True,True,False,False
1174,-0.0010450133646878815,-3.7162380496151166,5.523666123095681,-0.03288925486947969,-0.8023908272151231,-3.341213644932251,4.247484273430688,0.9440411955963872,0.5046143280472364,8.28293619481667,1.4964550232277614,False,False,True,True
1175,0.0602958634024025,-3.7182562330892726,5.529213656979717,-0.016222588202871258,-0.7540957986455158,-3.3306233465675272,4.259255215268125,1.0469978581023673,0.5034968238799947,8.290335463556698,1.5020781157017407,False,False,True,True
1176,0.1217234867891831,-3.7192528355553685,5.534761235428595,0.00044407846373850646,-0.7067707406980922,-3.3189900370330565,4.267195508761899,1.1506445641093095,0.5045045914303502,8.297477533382219,1.5016848135217793,False,False,True,True
1177,0.1832208277856878,-3.7192255259088594,5.540308858194733,0.017110745130349603,-0.6365732002943894,-3.311816877003831,4.301891764169544,1.2508553369287272,0.5052671902829305,8.307532829856767,1.4979406312767398,False,False,True,True
1178,0.24477080377257673,-3.7181722571637974,5.5458565250319225,0.03377741179696203,-0.5887744029147277,-3.29791848437129,4.306477878193063,1.3247975248935924,0.5039657962385896,8.31342234638029,25.719283254996125,True,True,True,True
1179,0.30635628326578346,-3.7160912675923083,5.551404235695325,0.05044407846357579,-0.5105289844132045,-3.284664381176631,4.346112470889926,1.4352030326079304,0.500897898340735,8.320272843531907,1.502201453280275,False,False,False,False
1180,0.3679600906842535,-3.7129810817847657,5.556951989941463,0.06711074513019044,-0.4563271833091436,-3.2701130240877987,4.355251957653077,1.510129510830571,0.5050150501029488,8.33222361804464,-32.13712780528133,True,True,False,False
1181,0.42956501113944734,-3.7088405116302043,5.562499787528208,0.08377741179680642,-0.40982932471888334,-3.2528107833073805,4.356010936592563,1.584785313879929,0.5082061349914485,8.3400890724624,1.5008255212999968,False,True,True,True
1182,0.49115379524527264,-3.703668657216545,5.56804762821478,0.10044407846342374,-0.3614292032011882,-3.2352020575976037,4.359028337227574,1.6896430145771653,0.5047984619019518,8.347843049994681,1.50075225243318,False,False,True,True
1183,0.5527091639471018,-3.6974649076502217,5.573595511761734,0.11711074513004194,-0.3029948290328643,-3.218560459503291,4.370140545419207,1.7956385373171493,0.5024962121980739,8.354333933847766,1.4985171560588646,False,False,False,False
1184,0.6142138133685229,-3.690228941794823,5.579143437930959,0.13377741179666103,-0.25443771186153974,-3.198608920199767,4.368180504536493,1.9007591017035108,0.5033719797969242,8.362599904641279,1.503775638305547,False,False,True,True
1185,0.6756504196744653,-3.681960728928387,5.584691406485664,0.15044407846328145,-0.19446275275224534,-3.1812250428092392,4.377512010954616,2.0044885595275366,0.5015401393339068,8.374924782239214,1.5007658739816063,False,False,False,False
1186,0.7370016439493328,-3.672660529319009,5.590239417190373,0.16711074512990276,-0.14582373040830515,-3.1589529477033778,4.371464906079224,2.109741669856892,0.5061790382357438,8.38175964520367,1.5011561985044943,False,False,True,True
1187,0.7982501370887711,-3.6623288947184416,5.5957874698109205,0.18377741179652496,-0.08572726592771802,-3.1403578187974497,4.377879501166578,2.210863668790412,0.5000869085493936,8.390729996834546,25.639207615539135,True,True,False,False
1188,0.859378544703691,-3.650966668773395,5.60133556411444,0.20044407846314805,0.14987307415848106,-3.279845020514734,4.547672225260168,2.210146243158286,0.5018412931885499,8.397544354432663,1.5043161760518058,False,False,False,False
1189,0.9203695120351594,-3.6385749873542674,5.60688369986936,0.21711074512977202,0.3003415170619998,-3.343476177232311,4.631629916320319,2.2585389265681384,0.5029533975396003,-28.48852886799819,1.503318392843735,True,True,True,True
1190,0.9812056888787689,-3.6251552788010555,5.6124318768453945,0.23377741179639733,0.3674263845916033,-3.321285925569895,4.6348225672042425,2.3683897645787364,0.5032706067768079,8.414089312447425,1.5024415984707256,False,False,True,True
1191,1.041869734517089,-3.6107092640862204,5.617980094813538,0.2504440784630235,0.5218387698939334,-3.373948172360018,4.715503569177629,2.429371481607302,0.5051625602941437,8.425298219278467,1.49830914919585,False,False,False,False
1192,1.1023443226587961,-3.595238956894311,5.623528353546055,0.2671107451296506,0.6360320237200094,-3.3980158074961744,4.755450097087791,2.5046859236797085,0.5022033087352732,8.4322204896028,1.5045952756610845,False,False,True,True
1193,1.1626121463830772,-3.578746663618164,5.629076652816478,0.2837774117962786,0.688870358132096,-3.370185963899733,4.736967296111838,2.611456209676622,0.501439164506128,8.442398014106532,-27.716016613692123,True,True,True,True
1194,1.2226559230878988,-3.56123498327153,5.634624992399596,0.30044407846290744,0.7415033280888942,-3.341169783792215,4.716123742214444,2.7177908426270663,-25.80229644356968,8.44742531777435,1.4980968731180382,True,True,True,True
1195,1.2824583994407255,-3.5427068073179946,5.64017337207145,0.3171107451295372,0.838156232680242,-3.3508782129628347,4.7366591727693415,2.795973832599387,0.5057935502871026,8.45845317974105,1.4987939735996765,False,False,True,True
1196,1.3420023563302714,-3.5231653194160892,5.645721791609325,0.3337774117961678,0.9134143516015838,-3.340244511699302,4.736758586809592,2.8868062074443674,0.5076800378610097,8.468320602473357,1.5024417222757362,False,True,True,True
1197,1.4012706138178666,-3.5026139950805106,5.651270250791742,0.35044407846279935,0.9660450025661348,-3.308168887172142,4.71239272589545,2.992922086306179,39.148410851766975,8.474184371120547,1.5003330222883382,True,True,True,True
1198,1.4602460360870144,-3.4810566012593904,5.656818749398455,0.3671107451294313,1.0347531212834504,-3.2920721859729047,4.7044016757064195,3.085019122663689,0.5033896544170349,8.486980732426133,1.5034461120510683,False,False,True,True
1199,1.5189115363897177,-3.4584971958275816,5.662367287210438,0.38377741179606417,1.0930873860208603,-3.263113731221741,4.680028680480078,3.18916018570538,0.5056012708891278,8.491042742829348,1.503309474476182,False,False,True,True
1200,1.5772500819881454,-3.434940126995954,5.667915864009887,0.4004440784626979,1.168751581529351,-3.2532324191270945,4.672096485550329,3.275068133031496,0.5055733580079887,8.502198301761135,1.4989622321113563,False,False,True,True
1201,1.6352446990902163,-3.4103900326367103,5.673464479580202,0.4171107451293321,1.2352575055187314,-3.2330679201205927,4.655588647652372,3.3664608373720064,0.5050872548444115,36.621626458735754,1.5006981108022865,True,True,True,True
1202,1.6928784777776678,-3.3848518395247664,5.6790131337059915,0.4337774117959672,1.3157839467210943,-3.2234146916878066,4.644947814918841,3.4518025898796054,0.5007248611823567,8.51949551748083,-27.98185852618037,True,True,False,False
1203,1.7501345769251864,-3.358330762495256,5.684561826173057,0.4504440784626027,1.3934100255277158,-3.2097262434617946,4.629402022815088,3.539741438596899,0.5031224958634073,8.525153349976241,1.502402196614185,False,False,False,False
1204,1.8069962291091675,-3.330832303517247,5.690110556768391,0.4671107451292391,1.4479863245488944,-3.1726746155165695,4.593877208229876,3.643700327936528,0.5060983492777622,8.532812019800444,1.501852933597934,False,False,True,True
1205,1.8634467455046804,-3.3023622506837857,5.695659325280172,0.4837774117958764,1.5301285079779854,-3.163760962638935,4.577565905588163,3.723428230309223,0.5035230616331478,8.541527996128623,1.5037972274387366,False,False,False,False
1206,1.9194695207692092,-3.272926677118401,5.701208131497751,0.5004440784625142,1.6023598461977728,-3.1596098313629124,4.547813601694775,3.794450604312077,0.5028104660248639,8.549094174072243,1.5017749151160265,False,False,True,True
1207,1.975048037911746,-3.2425319397982304,5.706756975211652,0.5171107451291528,1.6753273590801478,-3.145459156433446,4.519594955611856,3.873473362517402,0.5089347402307285,-15.356976035933712,1.4993063999394507,True,True,True,True
1208,2.0301658731458114,-3.2111846782939546,5.712305856213563,0.5337774117957919,1.7255450808091686,-3.102420563516586,4.474924418104514,3.97497569914098,29.051669454967403,8.566003402311198,1.5041872395789022,True,True,True,True
1209,2.084806700724981,-3.1788918134267496,5.7178547742963275,0.5504440784624314,1.7715301994207575,-3.0588988664676235,4.424731448286455,4.074596187014314,0.5040776884489281,8.57475341291423,1.5030303079033762,False,False,True,True
1210,2.1389542977594997,-3.1456605458424862,5.72340372925394,0.5671107451290718,1.826443107516406,-2.9943092707539805,4.3882626190758085,4.194851452089809,0.5018648120785513,8.580203038154142,1.4989152153102987,False,True,True,True
1211,2.192592549012566,-3.1114983545034414,5.728952720881542,0.5837774117957126,1.8704857456025628,-2.9483667803258897,4.335689672141246,4.291198995081613,0.500821779586173,8.588539773025156,1.4998434896854322,False,True,True,True
1212,2.245705451674875,-3.0764129950977988,5.7345017489754095,0.6004440784623539,1.9529898439392044,-2.96504697010097,4.301062453655507,4.329978606602163,0.5075926630108815,8.595015458801342,1.500644830714213,False,False,True,True
1213,2.298277120116009,-3.0404124983672456,5.740050813332954,0.6171107451289961,2.000779426757599,-2.916936096694279,4.247242173688743,4.428869349408281,0.5056380350605266,8.605467286029684,1.5033628862824848,False,False,True,True
1214,2.3502917906112746,-3.003505168352998,5.745599913752709,0.6337774117956387,2.0503448161163007,-2.8579567345223276,4.197472533487834,4.537159384015587,0.5064360507322707,8.61580767720115,1.5021713726641666,False,False,True,True
1215,2.401733826042581,-2.965699580560609,5.75114905003433,0.6504440784622818,2.117529338504192,-2.869018616040576,4.149463086368057,4.570130935713216,0.5042002907156303,8.62212272951233,19.716539890531564,True,True,True,True
1216,2.4525877205719695,-2.9270045800439357,5.756698221978584,0.6671107451289253,2.1636344839082815,-2.81823938342154,4.091758911397486,4.665645940215525,0.5020188881633603,8.63329230784862,1.4981835479820838,False,True,True,True
1217,2.502838104286398,-2.887429279408673,5.762247429387345,0.6837774117955693,2.2235687267121436,-2.8130852611126853,4.039928675492456,4.710164766793546,0.5064279364012412,30.191488969735214,1.4992675809261093,True,True,False,False
1218,2.5524697478124043,-2.8469830567358736,5.767796672063588,0.7004440784622137,2.268684056753277,-2.761530648009879,3.978406161080017,4.8042254562943505,0.5025207008386295,8.645235717129125,1.4967298227457184,False,True,True,True
1219,2.601467566899265,-2.8056755534259104,5.773345949811382,0.717110745128859,2.324758646748912,-2.753938825532631,4.1229520121142835,5.0097224401886296,23.958324009286983,8.653149382535334,1.5000061389119823,True,False,True,True
1220,2.6498166269692773,-2.7635166719633535,5.778895262435887,0.7337774117955043,2.379024505534752,-2.7298648388202635,4.0621733281087575,5.066717902323088,0.5055131152082768,8.66557979509622,1.4994559075874434,False,False,True,True
1221,2.6975021476338084,-2.7205165736032595,5.784444609743342,0.7504440784621504,2.43149870119534,-2.700106356481168,3.9994518613755714,5.128024270056162,0.504435972095145,8.672016335988221,1.499088600765299,False,False,True,True
1222,2.744509507173744,-2.6766856759793924,5.789993991541064,0.7671107451287966,2.4761945110073076,-2.641106678081687,4.18045433300062,5.439862144309888,30.221031962838584,8.682328860868983,1.5014758822499434,True,False,True,True
1223,2.790824246982999,-2.6320346506349246,5.7955434076374415,0.7837774117954437,2.528138091353418,-2.610765948097395,4.113862836314612,5.4926445307792395,0.5027614750273508,8.690859847926257,1.5026778743286395,False,False,True,True
1224,2.8364320759737396,-2.586574420476181,5.801092857841925,0.8004440784620908,2.5740135047355683,-2.5488370855263294,4.044070793587881,5.582345972885969,0.5072892464269417,8.696098296064754,1.501459803552165,False,False,True,True
1225,2.8813188749419925,-2.540316157150024,5.806642341965025,0.8171107451287387,2.621568673772812,-2.518385489858176,4.208227642996434,5.389619078332851,0.5094048947701684,-21.465887031296766,1.4998286553034819,True,False,True,True
1226,2.9254707008923155,-2.4932712783454827,5.812191859818306,0.8337774117953867,2.66988159856277,-2.4801564292885954,4.136604300648082,5.447286904129224,0.5065783759309903,8.717490019662215,1.4966306044369555,False,False,True,True
1227,2.9688737913202172,-2.445451445020278,5.817741411214377,0.8504440784620355,2.7180522749513187,-2.441979592136698,4.063784087477784,5.50337568577285,0.5037797520891548,8.725243087290956,1.4989324981217012,False,False,False,False
1228,3.01151456845102,-2.396868558552888,5.8232909959668895,0.8671107451286844,2.7663940341532167,-2.400571418221785,3.9914245887275346,5.560537912002623,0.5052830414854772,8.730410074048265,1.4989704834037663,False,False,True,True
1229,3.0533796434338774,-2.347534757820849,5.82884061389053,0.8837774117953341,2.8554038916331956,-2.302317667995039,3.897622344765075,5.721967350634042,0.5045894440699679,8.741605180147838,-37.58514055427283,True,False,True,True
1230,3.0944558204896606,-2.297462416205987,5.834390264801015,0.9004440784619838,2.927854245858386,-2.2976731011390457,3.84412391130379,5.74873737095607,0.5024335480214601,8.750653533217722,1.4994726354639363,False,False,True,True
1231,3.1347301010114443,-2.2466641385273105,5.839939948515084,0.9171107451286336,2.9445772181166325,-2.2551210008626565,3.7185069999651956,5.831804024513627,0.5040397371376021,8.756896516667075,1.5054739596859945,False,False,False,False
1232,3.17418968761633,-2.1951527579023185,5.8454896648504935,0.9337774117952842,2.9830193709617494,-2.221736629418492,3.6304041864694825,5.875948840753974,0.5015037390216448,8.764009035025689,1.5006645357916317,False,False,True,True
1233,3.2128219881473594,-2.1429413325374846,5.851039413626015,0.9504440784619348,3.0348323895060605,-2.136908130241999,3.59402097995998,6.005628071381694,0.5034650494902996,47.47845622414489,1.5025832900763738,True,True,True,True
1234,3.2506146196242867,-2.09004314244872,5.856589194661426,0.9671107451285863,3.066938164825432,-2.0812863203426293,3.350681939361482,5.883370232425199,-21.25084591291548,8.784431262596842,1.5024626785963215,True,False,True,True
1235,3.2875554121419763,-2.036471686112621,5.862139007777505,0.9837774117952378,3.127144778589394,-2.0072946472802458,3.2873336721135242,5.969810515698906,0.503047630137073,8.789387565230411,1.502109364286912,False,False,True,True
1236,3.3236324127152277,-1.9822406770493448,5.867688852796025,1.0004440784618893,3.178055758506212,-1.939587262509673,3.233934715550186,6.035496499411414,0.5036560182970833,8.799387172189716,33.06198322536485,True,True,True,True
1237,3.358833889068819,-1.9273640403379624,5.873238729539751,1.0171107451285417,2.927341893153308,-1.9689380705594455,2.920917027004562,6.026076544691793,0.5048705285560628,8.804856778682035,32.315343114358846,True,False,True,True
1238,3.393148333371597,-1.8718559090651732,5.878788637832431,1.0337774117951941,3.1157423224655107,-1.8188120086551516,3.0120590937073057,6.168514016776005,0.5040534485919719,38.685657415919955,1.5010455574875008,True,True,True,True
1239,3.4265644659134327,-1.815730620708275,5.884338577498794,1.0504440784618474,3.105462237821514,-1.7825988140424787,2.8392606997206813,6.187613686412542,0.5040457619644652,8.824776826633352,-33.335437064019686,True,False,False,False
1240,3.4590712387238987,-1.7590027134533108,5.889888548364541,1.0671107451285007,3.1370095789295216,-1.713847550860117,2.7592377611257723,6.2695320006781055,0.5058834934060742,8.83583885753706,34.79971461321082,True,False,True,True
1241,3.4906578391315204,-1.7016869224493285,5.895438550256343,1.083777411795154,3.326424486750555,-1.570262336622805,3.1199609998209934,6.284138468707618,0.5082312556631209,-18.66237500102417,1.5013339419485343,True,False,True,True
1242,3.5213136932624796,-1.6437981759997176,5.9009885830018325,1.1004440784618073,3.4548358335862557,-1.4536584757488795,3.1582996281323603,6.349150925393827,-38.87740305858872,8.84844640706775,1.4996519256396226,True,True,True,True
1243,3.5510284694776613,-1.5853515916915961,5.9065386464296,1.1171107451284614,3.5459052652171037,-1.3540015754543988,3.122778446573477,6.432712330620568,0.5062385256140924,8.855731644894005,1.4993034332787525,False,False,True,True
1244,3.5797920817469473,-1.5263624724642502,5.912088740369189,1.1337774117951156,3.5225586795050026,-1.3116573709800494,2.9747655341377404,6.458347785932917,0.5032696294615484,8.868615821106738,1.5040174602327903,False,False,True,True
1245,3.6075946929596823,-1.466846302617642,5.917638864651089,1.1504440784617707,3.565710250015275,-1.235754474494574,2.8971436721000443,6.519472767167481,0.5003013523365992,8.873916753292999,1.5022822014559687,False,False,True,True
1246,3.634426718170249,-1.4068187437620228,5.923189019106731,1.1671107451284257,3.602631115622571,-1.161799983319425,2.8089053397819352,6.578146788460368,0.5037330881075673,8.880997022685458,1.501607776913637,False,False,True,True
1247,3.6602788277777116,-1.3462956307097076,5.928739203568484,1.1837774117950808,3.6215508965769816,-1.095340829925227,2.711234755901123,6.605091961548242,0.5071515575987036,-20.140153126264885,1.4977878820732649,True,True,True,True
1248,3.6851419506384957,-1.2852929673100837,5.934289417869647,1.2004440784617358,3.6579371208943483,-1.0209811068267836,2.6200608212728067,6.6597998027869,0.5035082375353431,8.89803532766119,1.4980719095775918,False,False,False,False
1249,3.709007277111099,-1.2238269222289455,5.939839661844445,1.2171107451283918,3.69300342049017,-0.9447936457803221,2.525573908669572,6.715163795027824,0.5034952865583115,8.904965853775701,1.5012342281971318,False,False,True,True
1250,3.7318662620318412,-1.1619138246732665,5.945389935328025,1.2337774117950477,3.719081107681828,-0.8739765773260617,2.423635140603842,6.761529267268223,0.5046891694911977,8.914277307574084,1.5030128785921408,False,False,True,True
1251,3.7537106276206758,-1.099570160062535,5.95094023815645,1.2504440784617037,3.7347570404728776,-0.8061841782103951,2.3250797699041614,6.7827644242977545,0.5019732460067626,35.16247621224754,1.499836569160942,True,True,True,True
1252,3.7745323663161146,-1.0368125656477971,5.956490570166692,1.2671107451283596,3.7592847406382397,-0.7296134190057394,2.2174362143752777,6.83383670913148,0.5012994610379207,8.933970688474401,1.4976743550142881,False,False,True,True
1253,3.7943237435383232,-0.9736578260795723,5.96204093119663,1.2837774117950165,3.7927391174248712,-0.6505985979387067,2.1255609346257867,6.882047875340716,0.5035741299990127,8.940041852047697,1.500548348065006,False,False,False,False
1254,3.8130773003794727,-0.9101228689258154,5.9675913210850435,1.3004440784616733,3.8205570698156586,-0.5727792563392607,2.025960677399582,6.927547588521293,0.5051626043903082,8.945834881843387,1.5006203983436444,False,False,False,False
1255,3.8307858562204498,-0.8462247601411238,5.973141739671608,1.3171107451283302,3.8465934142260756,-0.49513402340522006,1.924230449817022,6.97000834019636,0.5044322150100483,8.962210371645035,1.5013786022222197,False,False,True,True
1256,3.8474425112730475,-0.7819806994883987,5.97869218679689,1.333777411794987,3.867590231178135,-0.41744439213281626,1.816059071239247,7.012190536414537,0.5040381186269612,8.96863777079518,1.5017745207268978,False,False,False,False
1257,3.8630406490467757,-0.7174080159141869,5.984242662302339,1.3504440784616447,3.883107097991815,-0.3408259630602638,1.7010629882166577,7.052443108418769,0.5067061858879507,8.973411020679842,1.4983350604786165,False,False,False,False
1258,3.8775739387394568,-0.6525241628789467,5.98979316603029,1.3671107451283024,3.8913405889368677,-0.2655462627480744,1.5977894699935282,7.0872783019096905,0.5023757794114666,32.74048185921731,1.4972426073489193,True,True,True,True
1259,3.8910363375507857,-0.5873467136434927,5.995343697823949,1.3837774117949602,3.908770364671013,-0.1881348670287678,1.490216435981964,7.121130270024941,0.5047170190119035,8.988144978238411,1.5035448140292569,False,False,False,False
1260,3.9034220929180585,-0.521893356512894,6.0008942575273965,1.400444078461618,3.925903724955707,-0.10875640714010137,1.3806479571227859,7.155124023058813,0.501511296640801,9.000384681970026,1.5013625612350687,False,False,True,True
1261,3.914725744673296,-0.4561818900391101,6.006444844985578,1.4171107451282765,3.9379284859785693,-0.03079873678286616,1.2640689197647463,7.186383838535882,0.5074349739321103,9.004444509779514,1.499688151040087,False,False,True,True
1262,3.9249421271210037,-0.3902302181836649,6.011995460044299,1.4337774117949351,3.9505341981174227,0.03728699226912644,1.155380142048456,7.195639378439168,27.161149309121615,9.012789826161908,1.5006247784095013,True,True,True,True
1263,3.934066371035837,-0.32405634544167433,6.017546102550226,1.4504440784615937,3.963381663086878,0.11043903088950519,1.0453687982196223,7.211089131842032,0.5012689847024334,9.02522731961443,1.4997203203126257,False,False,True,True
1264,3.942093905579461,-0.25767837192855303,6.023096772350874,1.4671107451282523,3.9741521847266426,0.17498484041632834,0.9373156361768618,7.209218993642722,0.501052209013326,9.033472337942039,1.5002711026591102,False,False,True,True
1265,3.9490204601359165,-0.1911144884307416,6.0286474692946035,1.483777411794911,3.983498243151228,0.24806932833239337,0.8249830421931454,7.220639695185858,0.505824009700735,35.94535722533881,1.501652267255718,True,True,True,True
1266,3.9548420660648205,-0.12438297142180677,6.034198193230621,1.5004440784615696,3.9931330475140085,0.3239211896799466,0.7133708506143387,7.2338213600787,0.5013642998642204,9.04858420422664,1.5031009175345973,False,False,True,True
1267,3.9595550583717625,-0.057502178045279906,6.039748944008969,1.517110745128229,4.000583188877461,0.4020931461068062,0.5980900969635475,7.249115738893652,0.507120794795298,9.058848536943978,1.502276656361671,False,False,True,True
1268,3.96315607729527,0.009509458934389092,6.045299721480524,1.5337774117948886,4.006387091707911,0.4719990612353032,0.48677024266086255,7.248552759741291,0.5046302472386488,-21.44838282240255,1.5012354533734262,True,True,True,True
1269,3.965642069809748,0.07663343621137435,6.05085052549699,1.550444078461548,4.0113775193276195,0.5433968945902996,0.3745516175532658,7.248857507450338,0.5049171135262988,9.074542832678972,1.5053671846214984,False,False,True,True
1270,3.967010291043814,0.14385118504711286,6.0564013559108965,1.5671107451282076,4.015296398818735,0.6130918603441807,0.26315345522272576,7.2445318177767,0.5038202382673894,9.079594180717574,1.4987484329799257,False,False,True,True
1271,3.967258305613478,0.21114407640662997,6.061952212575589,1.583777411794868,4.01165311419585,0.6846077973847569,0.13031420112559047,7.241104021066459,0.5014477618814394,9.088293542768293,-24.138901755045683,True,True,True,True
1272,3.9663839888696355,0.27849342612112993,6.067503095345231,1.6004440784615284,4.010510714692178,0.7623755969783462,0.006986390915783942,7.245221094551491,0.5004110715462733,9.0993794410257,-21.42906756107862,True,True,True,True
1273,3.9643855280593736,0.3458805000754218,6.073054004074794,1.6171107451281888,4.008767230878159,0.826165261886875,-0.10834565274805537,7.225507893083998,0.5059746042290727,9.110515765567534,1.4984365584032142,False,False,True,True
1274,3.9612614234006034,0.41328651941873995,6.078604938620058,1.6337774117948491,4.006783069994594,0.8927344903738956,-0.2206601724720209,7.208904171986891,0.5029375146041264,48.46644620913953,1.5035997176508828,True,True,True,True
1275,3.9570104890695634,0.48069266579750997,6.084155898837601,1.6504440784615095,4.002285280825591,0.9608880278233435,-0.3386045517359364,7.193344188099258,0.503755396236468,-21.02513740749834,1.5020893201300543,True,True,True,True
1276,3.9516318541007642,0.5480800866086022,6.0897068845848,1.66711074512817,3.9976919719140347,1.0235927791620287,-0.450578064724836,7.167302101651548,27.956982920574045,9.133222409688283,1.4989146767388875,True,True,True,True
1277,3.9451249631989596,0.6154299002716059,6.095257895719822,1.6837774117948303,3.992598810144314,1.0968208498904217,-0.5654309203030284,7.155853221829922,0.5059756459427014,9.141123806488828,1.5009497064048736,False,False,True,True
1278,3.937489577462765,0.682723201518651,6.100808932101626,1.7004440784614916,3.986078294983042,1.1721668708799555,-0.6800464964378035,7.146133352902104,23.18596450104948,9.15098821838818,1.5035406487322402,True,True,True,True
1279,3.928725775019564,0.749941066700293,6.10635999358995,1.7171107451281529,3.9783155837841258,1.2473992054893501,-0.795749335927652,7.134454708278401,0.5076097436045379,9.154586351254256,1.502182151913515,False,False,True,True
1280,3.9188339515713646,0.8170645591059762,6.1119110800453145,1.7337774117948141,3.9693260415176566,1.322148655316925,-0.9098020420157522,7.120451449971693,0.5055896314535134,-27.019351752661713,1.5009315020609906,True,True,True,True
1281,3.907814820851299,0.884074734297575,6.117462191329014,1.7504440784614754,3.959221558299324,1.3909005609287342,-1.0227596159859695,7.094762547315982,0.5026598400210339,9.172786088814044,1.4978766416278861,False,False,False,False
1282,3.895669414990485,0.9509526454545153,6.123013327303112,1.7671107451281367,3.9479813943009887,1.4594518700530248,-1.1349540275203633,7.067673285093094,0.5061109632984304,9.182441376268564,1.4997642796984827,False,False,True,True
1283,3.882399084794982,1.017679348728966,6.12856448783044,1.783777411794798,3.935468215192471,1.526718996699671,-1.2455402826208433,7.0374101283176715,0.503447228023437,9.18738684705405,-24.809070558058025,True,True,True,True
1284,3.8680054999326177,1.0842359086095879,6.134115672774592,1.8004440784614602,3.921630966368251,1.6049311736906564,-1.361196863447926,7.021256258103895,0.5068325685678742,9.19721860489737,1.4999800945068311,False,False,True,True
1285,3.8524906490294697,1.1506034032923227,6.1396668819999185,1.8171107451281223,3.906525591309649,1.683087192585668,-1.4766164872942078,7.003054591235706,0.5046402041350743,9.210981226353255,1.5009001951264762,False,False,True,True
1286,3.835856839675825,1.2167629300566987,6.145218115371524,1.8337774117947845,3.890131614056249,1.7609931768883493,-1.591679879338176,6.982608358074993,0.5064322952037643,9.210953016853601,1.500055247615256,False,False,True,True
1287,3.818106698341457,1.2826956106461265,6.150769372755263,1.8504440784614467,3.8725014761127348,1.8383522108992303,-1.7062307851453804,6.9593512041833465,0.5043109217202169,9.225974753944977,1.499545914280294,False,False,True,True
1288,3.799243170200089,1.3483825966506546,6.156320654017733,1.8671107451281088,3.854074444952265,1.8951613398740705,-1.8129490852858665,6.906802046959712,0.5031249757095099,9.230896800033229,1.4985530357124506,False,False,False,False
1289,3.779269518862942,1.4138050748906508,6.161871959026277,1.883777411794771,3.834048856515663,1.971034453331727,-1.9263003767202704,6.878820756310885,0.5049637560498755,9.243603114279752,1.498996420809115,False,False,True,True
1290,3.7581893260212866,1.4789442727998718,6.16742328764897,1.9004440784614332,3.8128367579473985,2.0470538374932077,-2.0380244453531513,6.849834113677701,0.5005049182270696,9.244145981757764,1.5020455856824544,False,True,False,False
1291,3.73600649099794,1.5437814638063863,6.1729746397546235,1.9171107451280953,3.790494525009122,2.1225779059768684,-2.1497980522568216,6.818216941606552,0.5044935579925871,9.256949763370992,1.5030753574093387,False,False,False,False
1292,3.712725230207689,1.6082979727098035,6.178526015212777,1.9337774117947575,3.766597581304312,2.1983809261836504,-2.2623541929492115,6.785053503883991,0.5066657210677158,9.265919983049313,1.5018836962549222,False,False,True,True
1293,3.688350076526637,1.6724751810532723,6.184077413893693,1.9504440784614197,3.7417953032126317,2.27314099272832,-2.373027528885751,6.749314981745211,0.5058323505482205,9.277528579792966,1.4957909704952737,False,False,True,True
1294,3.6628858785704885,1.736294532488703,6.1896288356683575,1.9671107451280818,3.7157403179081228,2.347633062187623,-2.4832494609806064,6.711811620655648,0.5043669326301244,9.282310368106204,1.4986615466272568,False,False,True,True
1295,3.636337799881842,1.7997375381336675,6.195180280408471,1.9837774117947449,3.6882982030891855,2.4223827976345933,-2.5936069803536435,6.673133073137673,0.507498666062589,9.289709428886141,1.4975645657714256,False,False,True,True
1296,3.608711318026547,1.8627857819184372,6.200731747986449,2.000444078461408,3.660076229905778,2.4957941107726187,-2.700981909332862,6.632149544431335,0.5048022213418695,-14.980771396257518,1.50018001768455,True,True,False,False
1297,3.580012223599248,1.9254209259216108,6.206283238275413,2.017110745128071,3.630393435310649,2.568820883774953,-2.8093255114604956,6.588577032203515,0.506979740254814,9.304183329942203,1.5010739927099725,False,False,True,True
1298,3.55024661913823,1.987624715692791,6.211834751149191,2.033777411794734,3.59982441254086,2.641265396203239,-2.9152363060618374,6.54374902660787,0.5012692126464043,9.313878005255871,1.504092054557231,False,True,True,True
1299,3.519420917949732,2.049378985560768,6.217386286482313,2.050444078461397,3.567837996494954,2.7136667415552056,-3.021197701909574,6.4972192251501335,0.5060469371590387,47.58307696290758,1.5005217751055775,True,True,True,True
1300,3.487541842841904,2.110665663925667,6.222937844150004,2.06711074512806,3.5347931978827125,2.785555779928754,-3.1259893891944577,6.448998113956189,0.5038414995856635,9.330633324000999,-37.02372914776482,True,True,True,True
1301,3.45461642476862,2.1714667785335258,6.228489424028183,2.083777411794724,3.5152596731516144,2.8422199029109323,-3.18887054225615,6.406409140877017,0.5021230554792878,9.338938282101028,18.339724696828657,True,True,True,True
1302,3.420652001383379,2.2317644617317622,6.234041025993458,2.100444078461388,3.4852888014809253,2.9134113067874092,-3.27408856340578,6.351669573261391,0.5022348730129204,9.350490558018098,1.499918867567511,False,False,True,True
1303,3.3856562155035586,2.291540955704,6.239592649923124,2.117110745128052,3.4467338487520136,2.9944002562971286,-3.5959001296493818,6.599552084679132,32.86248767318563,9.358721021653402,1.5025633267447456,True,False,True,True
1304,3.3496370134853004,2.3507786176827237,6.245144295695156,2.133777411794716,3.4069081803286627,3.071478670325742,-3.696483374299793,6.5489240633840495,0.5059770423859516,9.365153250465287,1.5019743213403263,False,False,True,True
1305,3.312602643509351,2.409459925138239,6.250695963188208,2.15044407846138,3.3687085823290874,3.140901762335983,-4.090511437176592,6.270130130358167,0.5032351128976634,42.89950356206268,1.5016488744625078,True,False,False,False
1306,3.2745616537781888,2.467567480942411,6.256247652281607,2.167110745128044,3.3245801372119037,3.210168833665969,-4.188418884345247,6.210693577825527,0.5058103486200862,9.382223768263655,1.4992066938443727,False,False,True,True
1307,3.2355228906248032,2.525084018505673,6.261799362855351,2.1837774117947077,3.279520382322535,3.2779598111767725,-4.498947912793484,5.985266984749964,0.5027230454061576,33.604380752140294,1.5026306502510676,True,False,True,True
1308,3.1954954965335247,2.581992406885783,6.267351094790105,2.2004440784613717,3.2295320721803855,3.344462777673994,-4.598455374813029,5.9215704686232,0.5028835922801435,9.39760560203134,21.736695761067306,True,False,True,True
1309,3.1544889080733105,2.638275655866833,6.272902847967197,2.2171107451280356,3.1784381235713517,3.410258005103141,-4.679899812084531,5.8358388153972784,0.5087922909842277,9.406258011722846,-27.837171918522152,True,False,True,True
1310,3.1125128537439397,2.6939169210070038,6.2784546222686135,2.2337774117946996,3.1264392367704126,3.475100658607555,-4.783589159555331,5.778819129218321,0.5048319666210037,9.414142675547671,1.5033278327822759,False,False,True,True
1311,3.0695773517355773,2.748899508653575,6.284006417576998,2.2504440784613635,3.083334338970606,3.5188324815080043,-4.8517608177194385,5.684123840883497,0.5029308866480606,9.426277329238355,1.4994388319997347,False,False,False,False
1312,3.025692707602209,2.8032068809237027,6.289558233775644,2.2671107451280275,3.0330882091647724,3.5737745791816025,-4.937398264808905,5.603749525646643,0.5087926885233812,9.433873058802439,1.502160097201013,False,False,False,False
1313,2.98086951184946,2.856822660649488,6.295110070748495,2.2837774117946914,2.979698193387428,3.632061129572521,-5.0279039662786555,5.52711613388016,0.5065463665137288,9.440121869242686,1.4995744450331776,False,False,False,False
1314,2.935118637437345,2.909730636285862,6.30066192838014,2.3004440784613553,2.9243733636707785,3.6914549253123448,-5.339427916856568,5.24755199027156,0.5038645541826604,36.420900469046686,1.5027423221101355,True,False,False,False
1315,2.8884512371985203,2.961914766779825,6.306213806555806,2.3171107451280193,2.865046386816817,3.7497610585375845,-5.19998885519893,4.933353954486084,-29.58357784847227,9.458489524958207,1.5019957823634233,True,False,True,True
1316,2.8408787411726344,3.013359186399591,6.31176570516136,2.3337774117946832,2.807335492436798,3.8035467121585653,-5.592781574173984,4.5494822994497754,0.5041266620096283,48.24998412878068,1.5061803974758015,True,False,False,False
1317,2.79241285385739,3.0640482095221833,6.317317624083302,2.350444078461347,2.745193474945976,3.854096515485785,-5.873835534410902,4.6545437656084605,24.305621223082042,9.474546903792268,1.5039155634383672,True,False,True,True
1318,2.7430655513769735,3.113966335378051,6.322869563208766,2.367110745128011,2.6799051929838855,3.905638987943002,-5.961868901701025,4.574566062593529,0.5012103401905663,9.48103661449522,1.5006375678524229,False,False,False,False
1319,2.6928490785685146,3.1630982527512836,6.328421522425507,2.383777411794675,2.613678935811169,3.9565313075456654,-6.252987800139045,4.263469107400722,0.5038240154681269,37.19455341205885,1.5023222807272603,True,False,False,False
1320,2.6417759459872716,3.2114288446339994,6.333973501621909,2.400444078461339,2.5442710056582203,4.004070683914329,-6.338828400708267,4.181762175796205,0.5067121704836253,9.497679787714675,1.5025295843404016,False,False,False,False
1321,2.5898589268312624,3.2589431928335144,6.339525500686972,2.417110745128003,2.473839578983684,4.050534708089843,-6.42300299374479,4.097732022385374,0.5093302053360016,9.505331017485657,1.5038359572467805,False,False,True,True
1322,2.537111053786084,3.3056265825308895,6.3450775195103155,2.433777411794667,2.402472879053186,4.096065063894125,-6.260989888058406,3.8176206412218807,-27.622722538443913,9.511810805624421,1.5018235538172777,True,False,True,True
1323,2.483545615790689,3.3514645067894793,6.350629557982172,2.4504440784613317,2.3334218367731494,4.139076680784206,-6.34342975516026,3.7326310773994678,0.5069738362909937,9.522207223192074,1.500952146846677,False,False,False,False
1324,2.4291761547249062,3.3964426710121125,6.356181615993382,2.4671107451279966,2.2625001485408758,4.180143672375063,-6.443125327864402,3.572439499772468,0.5019327903873702,9.53402925669737,-29.316674672214297,True,True,False,False
1325,2.3740164620195254,3.4405469973455465,6.361733693435394,2.4837774117946614,2.19090986712016,4.2198374445947575,-6.523212703348036,3.484007005487909,0.505347916158806,9.539141497474954,21.158124660698842,True,False,True,True
1326,2.318080575189781,3.4837636290308507,6.367285790200259,2.500444078461326,2.131692036089087,4.266250944737427,-6.58934094162787,3.417887085116713,0.5069395644643222,9.546819331758247,1.5008948220554337,False,False,False,False
1327,2.2613827742930956,3.5260789346983916,6.372837906180628,2.517110745127991,2.0584771367376664,4.304227467905391,-6.654918215331512,3.318167874518432,0.5063876404167331,9.559900916727415,1.5003375819358566,False,False,True,True
1328,2.2039375783119746,3.567479512606099,6.378390041269748,2.533777411794656,1.9845336010117607,4.341095999844485,-6.726884544207064,3.144726460555676,0.5067862380489261,9.564574644618935,23.23872955822557,True,True,False,False
1329,2.1457597414629483,3.607952194819714,6.38394219536146,2.5504440784613207,1.90979043940946,4.37603740496177,-6.787514387085782,3.0417827038805303,0.4999671599515727,9.57153931914878,1.4977096554462908,False,False,False,False
1330,2.0868642494325034,3.6474840513337266,6.389494368350192,2.5671107451279855,1.8343736128862846,4.409834990560443,-6.846459393347789,2.9377487024000946,0.5039171887424276,9.580308127394929,1.5024486741551053,False,False,False,False
1331,2.027266315540948,3.6860623941317314,6.395046560130963,2.5837774117946504,1.758301841849087,4.442476642809333,-6.903687031800839,2.8326361365690618,0.5068001001940768,9.589880107194906,1.5042909920424035,False,False,False,False
1332,1.9669813768351898,3.7236747811849464,6.4005987705993705,2.600444078461315,1.681594208162411,4.4739503776601,-6.959093915705631,2.726440629108617,0.5018140964620236,9.599332386901574,1.5032087475760618,False,False,False,False
1333,1.9060250901114215,3.7603090203876466,6.406150999651596,2.617110745127981,1.5657251250559079,4.571115950410138,-7.110563403830006,2.685887654564262,0.5046542845762694,9.601057786120428,1.4980749267825642,False,False,False,False
1334,1.8444133278687342,3.79595317342829,6.411703247184396,2.6337774117946466,1.4727210069311922,4.603464224649696,-7.204951528962476,2.588344454817464,0.5067289528687342,9.614462097847934,1.5028970429911814,False,False,False,False
1335,1.7821621741946958,3.8305955595951247,6.4172555130951,2.6504440784613124,1.3874786506944916,4.628341524504257,-7.266620677998908,2.4566115155763617,0.5046535511156899,9.620809292224568,-20.282440484064832,True,True,False,False
1336,1.7192879205839577,3.8642247595150856,6.422807797281608,2.667110745127978,1.3054834032592935,4.648384092104399,-7.3274704163607005,2.345700233584325,0.5046804335063556,9.632577777094708,1.4993241521936937,False,False,False,False
1337,1.6558070616909715,3.8968296188248033,6.42836009964239,2.683777411794644,1.2240905165821538,4.66432864630342,-7.3840579922361576,2.2314085233721235,0.5063334016215322,9.642191981559408,1.500960731700609,False,False,False,False
1338,1.5917362910179165,3.9283992517725648,6.433912420076475,2.7004440784613095,1.1420454277795298,4.689122074340888,-7.418535084767571,2.1164962815902393,0.5051286521682715,31.517397949570125,1.501961597323908,True,True,True,True
1339,1.5270924965389625,3.9589230447500916,6.4394647584834575,2.7171107451279752,1.0595346443336373,4.705853405980396,-7.471956302235427,2.003602639258648,0.5054724074056232,9.657364740183182,1.4986707716824528,False,False,True,True
1340,1.4618927562620105,3.9883906597530068,6.445017114763488,2.733777411794641,0.9766022253727433,4.72696537815232,-7.746664931692219,1.9693657097313697,21.889827089160995,9.665852493873627,1.4976767604326597,True,False,True,True
1341,1.396154333729072,4.016792037768891,6.450569488817271,2.7504440784613067,0.8905281705761631,4.748847219371558,-7.790050323747568,1.8574707209450538,0.5035028217575275,-19.201150228116678,1.4994346868033472,True,True,True,True
1342,1.3298946734564727,4.044117402091842,6.456121880546064,2.7671107451279724,0.8042314082019894,4.762204340362721,-7.834786566070109,1.7456955469668085,-37.130617139370635,9.682803126732363,1.5003995976290578,True,True,False,False
1343,1.2631313963160768,4.070357261562471,6.461674289851672,2.783777411794638,0.7177279277469483,4.773618952451445,-7.876531249938639,1.6309601168653243,0.5046003159787136,9.687513695262375,-38.174852712406235,True,True,False,False
1344,1.1958822948587569,4.095502413732294,6.467226716636446,2.800444078461304,0.6308816297794968,4.782969285270682,-7.919666934329382,1.5130391697549703,0.5079329387209236,9.69969308951381,1.5009734707282067,False,False,True,True
1345,1.1281653285813429,4.11954394795149,6.472779160803281,2.8171107451279696,0.5428853305091703,4.799780831601293,-7.975901787028071,1.4037215560360001,0.5043545012376263,9.708100783652986,-26.84049287518207,True,True,True,True
1346,1.0599986191383108,4.142473248379012,6.478331622255609,2.8337774117946353,0.45426419954219177,4.815377737779471,-8.013627831042044,1.288079827728354,0.504179882649078,9.714136151317394,1.497587346104048,False,False,True,True
1347,0.9914004454994834,4.164281996914091,6.483884100897399,2.850444078461301,0.3658162544462711,4.828524952818297,-8.070132752693567,1.181128335990888,-29.593442686749224,9.725421790139631,1.499312492704881,True,True,False,False
1348,0.9223892390550338,4.184962176048134,6.489436596633154,2.8671107451279667,0.2761481127496759,4.841648600995973,-8.104924935064906,1.0643755151296268,0.5037088753621025,9.733276679756038,1.501972701780839,False,False,True,True
1349,0.8529835786691043,4.204506071636111,6.494989109367908,2.8837774117946324,0.18697934291947194,4.844028165477202,-8.13987632277135,0.9432704332842938,0.5061535704882999,9.738240834538821,1.4988906011272785,False,False,False,False
1350,0.783202185683363,4.222906275586473,6.500541639007222,2.900444078461298,0.09752949567749644,4.841285956248168,-8.172535483757843,0.8181805653481413,0.5053119382989849,9.745313883854404,1.5011219579825246,False,False,False,False
1351,0.7130639188718408,4.240155688468734,6.506094185457182,2.917110745127964,0.007573205039051139,4.838033869305294,-8.203497545551993,0.692841388201933,0.5026612112459464,9.753780890973102,1.5034810252279553,False,False,False,False
1352,0.6425877693484097,4.256247522037819,6.511646748624395,2.9337774117946296,-0.08274469274964248,4.833451258701857,-8.248526389976773,0.5706256585744011,-38.02471158132899,9.764509480192247,1.5028883355540923,True,True,False,False
1353,0.5717928554282726,4.271175301674331,6.517199328415988,2.9504440784612953,-0.17401283202108803,4.836430801706488,-8.276564051103655,0.4502852535243248,0.5039477854887304,9.774075554896484,1.5025910987034432,False,False,True,True
1354,0.5006984174448573,4.284932868739905,6.5227519247396035,2.967110745127961,-0.2658218820723843,4.840393491528641,-8.302928981120164,0.3306137617788197,0.5038794508838913,9.785143435975868,1.500768029803149,False,False,True,True
1355,0.42932381252351615,4.297514382846839,6.528304537503396,2.9837774117946267,-0.35756808812983704,4.827683801362051,-8.342985358397252,0.20268167835430032,0.50443696444925,9.790403610425876,-25.396143084237583,True,True,True,True
1356,0.3576885093134525,4.308914324041217,6.533857166616031,3.0004440784612925,-0.44955823737248035,4.815056229072089,-8.365983119932856,0.07356774850365935,0.5054913878069354,9.79797377919007,1.5030497975963681,False,False,False,False
1357,0.2858120826793057,4.319127494898758,6.539409811986683,3.017110745127958,-0.5419606341497214,4.801999824268548,-8.387367061778956,-0.055321893793925755,0.503713866237845,9.80784674615822,1.5002299748544274,False,False,False,False
1358,0.21371420835384178,4.328149022532664,6.544962473525029,3.033777411794624,-0.6346216551622068,4.786729281609518,-8.407359839245839,-0.18485370622342534,0.5075460571397343,9.814266993888866,1.5024344483718242,False,False,False,False
1359,0.1414146575532103,4.3359743605127345,6.550515151141248,3.0504440784612896,-0.7281605215666839,4.77737885641902,-8.440717874346161,-0.30914688538185203,38.192955731090606,9.822417173758977,1.501496364565668,True,True,True,True
1360,0.0689332915562404,4.342599290695071,6.556067844746019,3.0671107451279553,-0.8213801133130698,4.760207492078691,-8.457373425488756,-0.43826819735062583,0.5047647819513391,9.832277025308827,1.4984867274215172,False,False,False,False
1361,-0.003709943750737868,4.348019924961704,6.561620554250516,3.083777411794621,-0.9156308513078405,4.749484791334689,-8.471409996004889,-0.5640143401726674,0.5009844683458431,9.839131626099588,1.4993226372425812,False,False,True,True
1362,-0.07649502336204872,4.352232706869501,6.567173279566409,3.100444078461287,-1.0093835349347677,4.729588290367198,-8.50078985174672,-0.6924468580294558,33.62277815206163,9.850123137476329,1.5020083046484791,True,True,False,False
1363,-0.14940184867229284,4.355234413207724,6.572726020605854,3.1171107451279525,-1.1035869695281653,4.709362334998367,-8.512847679614515,-0.8215000447496799,0.5054216902094308,9.856754865643785,1.5030634951866606,False,False,False,False
1364,-0.22241025302591483,4.3570221554636825,6.578278777281501,3.133777411794618,-1.1981741659683265,4.7002345567233705,-8.536768504466501,-0.9431988337671618,0.5074477586866353,9.86468601430532,21.512084145583007,True,True,True,True
1365,-0.2955000072951841,4.35759338119587,6.58383154950648,-3.1327412287183023,-1.293043207064752,4.6783352798523365,-8.545678015152916,-1.0720275033935913,0.5056007978957251,9.872186467409124,1.499398236198969,False,False,False,False
1366,-0.36865082548504613,4.356945875314082,6.589384337194407,-3.1160745620516366,-1.387911656381918,4.635237947890928,-8.558257466642797,-1.2102597652901546,0.507688266409178,9.882682952581455,27.824949641150205,True,True,False,False
1367,-0.44184237036329116,4.355077761265982,6.594937140259376,-3.099407895384971,-1.4836366411147544,4.598505613987451,-8.568511168573627,-1.3446754294469294,31.75029822228434,9.89236129800923,1.502721541426128,True,True,False,False
1368,-0.5150542591144782,4.351987502129631,6.60048995861596,-3.082741228718305,-1.5796091732709718,4.566052633148335,-8.5762943050873,-1.4759213195912333,0.5022254122437781,9.902471922040307,-19.825148571677314,True,True,False,False
1369,-0.5882660690160421,4.347673901611516,6.606042792179205,-3.0660745620516394,-1.6749013322163864,4.5496535073750985,-8.577054967274531,-1.598801328766782,0.5044380725615468,9.905640179633478,1.5010947517869053,False,False,True,True
1370,-0.6614573431350032,4.342136104949653,6.611595640864629,-3.0494078953849737,-1.7699173166008135,4.526279662009211,-8.577730151746795,-1.7243220786692262,0.5062338814221722,9.915957943948474,1.5015344966448216,False,False,True,True
1371,-0.7346075960436907,4.33537359972134,6.617148504588221,-3.032741228718308,-1.8652254293980002,4.507120527801775,-8.575323741741233,-1.8461171243593946,0.5015396378390388,29.405251148312985,1.4990063921139734,True,True,True,True
1372,-0.807696319552883,4.3273862165551815,6.622701383266435,-3.0160745620516423,-1.9614597912535072,4.478062780303568,-8.574884613391946,-1.972697905875431,0.5049492124797157,9.931360901922517,1.4952211114157825,False,True,False,False
1373,-0.8807029884607596,4.318174129747038,6.628254276816189,-2.9994078953849765,-2.0571670979147325,4.453731827350829,-8.570218378982963,-2.0972003755320268,0.5075237077136472,9.938485639734694,1.5014200942474187,False,False,True,True
1374,-0.9536070663160546,4.307737857779558,6.633807185154864,-2.982741228718311,-2.1526035136946127,4.4273192235179755,-8.564116114042067,-2.2205331373666626,0.5064565062454112,9.945059227116133,1.5062661159514128,False,True,True,True
1375,-1.0263880111937935,4.296078263744999,6.6393601082003,-2.9660745620516447,-2.2464166092721585,4.404822334622517,-8.553093499135553,-2.341510036275167,0.5029648049184039,9.955612507499913,1.4988793137264314,False,False,False,False
1376,-1.0990252814819874,4.283196555671057,6.644913045870792,-2.9494078953849785,-2.3415684099722,4.377611082375994,-8.542744334983354,-2.4650966516369333,0.5073741210808904,9.961686770580737,1.5018049094728343,False,False,True,True
1377,-1.171498341677658,4.269094286749465,6.650465998085091,-2.9327412287183123,-2.4359937971416072,4.350717030402074,-8.52957187951596,-2.5873575508960873,0.5072758224652387,9.972822238041203,1.4997699920343568,False,False,True,True
1378,-1.2437866681905556,4.25377335546713,6.656018964762396,-2.916074562051646,-2.5299353922585035,4.322652046690232,-8.514382687453018,-2.7091827946925338,0.5041267560877547,9.980798484555589,1.5008501023592589,False,False,True,True
1379,-1.3158697551529315,4.237236005639622,6.661571945822358,-2.89940789538498,-2.6235806005381077,4.293224351464167,-8.497457585661337,-2.8308571176971453,0.5041926948355959,9.990930089675722,1.4978260294422274,False,False,True,True
1380,-1.3877271202337207,4.21948482634685,6.667124941185073,-2.882741228718314,-2.701138118424526,4.286983131389716,-8.454848229119351,-2.9321357219320925,0.5017847635732421,9.996635434256635,1.5002414171906944,False,False,False,False
1381,-1.459338310455488,4.200522751770784,6.6726779507710825,-2.8660745620516477,-2.7950808765258524,4.2544038455904705,-8.43579925693794,-3.0534237337254875,0.5083331846901582,10.005821614073087,-17.344504950790974,True,True,False,False
1382,-1.530682908012484,4.180353060935116,6.678230974501367,-2.8494078953849815,-2.8888119793807183,4.220476915215743,-8.414668032323094,-3.1755417124359586,0.5045403330121042,10.014018657230858,1.5020494848087491,False,False,False,False
1383,-1.6017405360881591,4.158979377346781,6.683784012297347,-2.8327412287183154,-2.982308290850975,4.185193118410899,-8.39174770118127,-3.297400040742527,0.5070194922838521,10.019445008058042,1.5017193274335718,False,False,False,False
1384,-1.6724908646704786,4.136405668539274,6.68933706408088,-2.816074562051649,-3.0755499319752113,4.148555340180426,-8.366971754920996,-3.419001659395702,0.5041830219825416,10.029148764997208,1.5004353456749273,False,False,False,False
1385,-1.7429136163633787,4.1126362455177485,6.694890129774258,-2.799407895384983,-3.1685162848076667,4.110566432853807,-8.340673106243964,-3.539386307885617,0.5029577151292737,26.017811625808267,1.5022694785872825,True,True,False,False
1386,-1.8129885721927068,4.087675762105896,6.700443209300204,-2.782741228718317,-3.2611904304326,4.071239918321745,-8.312229287818065,-3.660372554893966,0.5007452945078703,10.046130525331284,1.4989214449679642,False,False,False,False
1387,-1.8826955774049818,4.061529214194627,6.70599630258187,-2.7660745620516507,-3.3535485336305784,4.030569112156257,-8.282006333534136,-3.7809975955644513,0.5026918519188024,10.052181874818144,1.4995626167275298,False,False,False,False
1388,-1.9520145472573152,4.034201938892627,6.711549409542835,-2.7494078953849845,-3.445570826225402,3.988558027761096,-8.250312965416875,-3.900382954014216,0.5062056624374556,10.064108877600248,-36.63460714071429,True,True,False,False
1389,-2.0209254727968307,4.005699613578863,6.717102530107103,-2.7327412287183184,-3.5372409702855894,3.94522043938316,-8.216863669750094,-4.019288286166274,0.503882590382387,10.070657714240317,-28.57343794237675,True,True,True,True
1390,-2.089408426627922,3.976028254857156,6.722655664199101,-2.716074562051652,-3.3549517704404708,3.9960516715286025,-7.8099634755155805,-4.015123368953485,0.5027136776057802,10.077814536605382,-25.55863297870479,True,True,False,False
1391,-2.157443568665687,3.9451942174129684,6.728208811743674,-2.699407895384986,-3.4090654303079786,3.9641752769504817,-7.368425134727782,-3.922544464697007,-35.01208913581206,10.0885344672607,1.5030548544186795,True,True,False,False
1392,-2.2250111518738813,3.9132041927725703,6.733761972666085,-2.68274122871832,-3.4909368206938427,3.9205914495649594,-7.3158374845957175,-4.034342294628828,0.507070159733124,10.096268606246966,1.4999876448180633,False,False,True,True
1393,-2.292091527985734,3.8800652079647886,6.7393151468920145,-2.6660745620516537,-3.5417909063246387,3.8826122444977513,-7.228232070057369,-4.133004975157252,0.5037756009242101,10.108092525730646,1.4980696426665103,False,False,False,False
1394,-2.3586651532059704,3.8457846240855624,6.744868334347553,-2.6494078953849876,-3.5924408056883963,3.842720556371603,-6.841212350459852,-4.042849523493652,-31.430660765733005,10.113909021758307,1.5016926596154856,True,False,False,False
1395,-2.4247125938923912,3.8103701347655616,6.750421534959202,-2.6327412287183214,-3.655440298153821,3.8003386317663863,-6.767950387029331,-4.146269455585793,0.5060722482635968,10.124650844320888,1.5024523432406465,False,False,True,True
1396,-2.490214532215358,3.7738297645411527,6.755974748653872,-2.6160745620516552,-3.7001953608676175,3.7604904565190833,-6.678434412950165,-4.243130906928426,0.5033496480879539,10.13202122045019,1.4949461208370485,False,False,False,False
1397,-2.55515177179354,3.736171867129021,6.761527975358882,-2.599407895384989,-3.7616968265966895,3.7164484025989233,-6.605861758228074,-4.344908080445187,0.5037786745251271,10.138362416783046,1.5015639594290349,False,False,True,True
1398,-2.6195052433042885,3.697405123604791,6.76708121500195,-2.582741228718323,-3.827508529900699,3.670344044713794,-6.536887337760014,-4.447663242175488,0.5021513742106491,10.14902620966659,1.4984974922316392,False,False,True,True
1399,-2.6832560100669904,3.657538540486011,6.772634467511198,-2.5660745620516567,-3.895973943486783,3.6220285574802484,-6.469924701699741,-4.551313249096379,0.5071096538523349,10.158387734055605,1.4972001299948967,False,False,True,True
1400,-2.7463852735977836,3.6165814477198936,6.778187732815148,-2.5494078953849906,-4.027772642582705,3.576496439992658,-6.50468039359329,-4.656869885013036,0.4997930894996797,10.166266751928825,29.376878359686796,True,False,False,False
1401,-2.808874379134002,3.5745434965762457,6.783741010842718,-2.5327412287183244,-4.190796084396903,3.5117670116508637,-6.217925223155818,-4.468677962745592,-37.22841035348747,10.1733555186365,1.502464183711414,True,False,True,True
1402,-2.8707048211267305,3.5314346574460243,6.789294301523221,-2.5160745620516582,-4.261813458623395,3.4660374873147197,-5.959590975384152,-4.374212446800855,-23.052342741426912,10.183603493568965,1.495669292580587,True,False,True,True
1403,-2.931858248699867,3.487265217546006,6.794847604786364,-2.499407895384992,-4.27652968433163,3.4385505566129058,-5.837712795474758,-4.446152847128681,0.504713949594823,10.191309492769088,1.5021489338409768,False,False,True,True
1404,-2.9923164710740724,3.4420457785300753,6.800400920562242,-2.482741228718326,-4.310067708672976,3.4007716120977762,-5.733708853098898,-4.528211395361786,0.5049023638853417,10.19976119926302,1.5005919494359605,False,False,True,True
1405,-3.0520614629540255,3.395787254007662,6.805954248781341,-2.4660745620516598,-4.336443852427305,3.3614597706196445,-5.624321993327689,-4.609776661253175,0.5082588236878203,10.205659800277573,1.499414877494636,False,False,True,True
1406,-3.111075369877384,3.348500866969887,6.811507589374531,-2.4494078953849936,-4.381016901710096,3.31323664379467,-5.80277811582488,-4.972389265936536,35.215635447726456,10.216406653381375,1.50081639975207,True,False,True,True
1407,-3.1693405135238732,3.300198147124011,6.817060942273068,-2.4327412287183274,-4.40339030196834,3.2696672977746872,-5.688622505192794,-5.050028074375812,0.5070094693004978,10.222649009431516,1.503327387017946,False,False,True,True
1408,-3.226839396982934,3.2508909281367946,6.822614307408588,-2.4160745620516613,-4.457055105761985,3.2148910899539667,-5.330675021570062,-4.8605002912880435,-34.57105715805899,10.229779316122944,1.5030765471736727,True,False,True,True
1409,-3.283554709978362,3.2005913447874113,6.828167684713108,-2.399407895384995,-4.508566687302735,3.164192821873534,-5.243477628892963,-4.9494243961693245,0.500806074365556,10.241327034655678,1.5020409594480035,False,False,True,True
1410,-3.3394693340483905,3.1493118300305896,6.833721074119023,-2.382741228718329,-4.529509942742398,3.114903971546821,-5.100515152936813,-4.999151634248937,0.5063482059433689,10.247978607484928,27.177636381010267,True,True,True,True
1411,-3.394566347679672,3.09706511197067,6.839274475559102,-2.3660745620516628,-4.574043897642562,3.065239581083663,-4.754546955784814,-4.795787938646301,-33.81573943191749,10.257138525725429,1.5040953470521115,True,False,True,True
1412,-3.4488290313936263,3.0438642107473037,6.844827888966489,-2.3494078953849966,-4.5786237918960015,3.01908282681059,-4.629672806479382,-4.874590319058749,0.5030964730204657,10.268814567731036,1.502919442436391,False,False,True,True
1413,-3.5022408727836405,2.989722435333541,6.8503813142747,-2.3327412287183305,-4.623331691209098,2.9688415788024463,-4.537630494472956,-4.957547015328907,0.5056576494535198,10.271086850332045,1.5021917635532573,False,False,True,True
1414,-3.554785571501604,2.934653380247082,6.855934751417618,-2.3160745620516643,-4.617640802800697,2.9244093417770403,-4.404932646277832,-5.030771139477748,0.5052072179382187,10.27909264857657,1.5009429852070586,False,False,False,False
1415,-3.6064470441922913,2.8786709221754907,6.861488200329496,-2.299407895384998,-4.661549637691611,2.8689789731347837,-4.268985373704274,-5.059181605740243,0.5017304142034341,26.50712210610952,1.4973226124509702,True,True,True,True
1416,-3.6572094293741007,2.821789216516197,6.867041660944949,-2.282741228718332,-4.703469971351094,2.8143869342486907,-4.132732792150976,-5.082694142866092,0.5045054147124091,10.298729697168659,17.703819402041177,True,True,True,True
1417,-3.707057092264685,2.764022693832141,6.872595133198958,-2.266074562051666,-4.709661876315624,2.7633511577090006,-4.009281352126693,-5.156489061863858,0.50294013002289,10.3063577976456,1.4980811671346,False,False,False,False
1418,-3.755974629550015,2.705386056223932,6.8781486170268655,-2.249407895384999,-4.71547212801602,2.710722112188617,-3.8856279568478413,-5.230230240495627,0.503549670398744,10.312772029995779,1.502065197341391,False,False,False,False
1419,-3.8039468740954283,2.64589427361943,6.883702112364371,-2.232741228718333,-4.758645771980996,2.6526084428497767,-3.789945479718475,-5.308324344565481,0.5075739635722923,10.322246867376947,1.5018526784577406,False,False,True,True
1420,-3.8509588995972437,2.5855625799816697,6.889255619147532,-2.2160745620516664,-4.773756876527957,2.594050696196409,-3.670964862920939,-5.3846520831086275,0.5039121595430529,10.332413101632826,1.4973244795031737,False,False,False,False
1421,-3.896996025173519,2.524406469436084,6.894809137312762,-2.199407895385,-4.7975767807999325,2.533535192055804,-3.5450616960666164,-5.437826735351224,0.5057038212922704,10.340772143508856,28.313165277252068,True,True,False,False
1422,-3.942043819892557,2.462441692318002,6.900362666796826,-2.182741228718333,-4.826112670352952,2.471859941801214,-3.4352886233870494,-5.5117851900036055,0.5042550079152972,10.34589701031823,1.5030632461052689,False,False,False,False
1423,-3.986088107237777,2.3996842511414185,6.905916207536844,-2.1660745620516666,-4.856770744401174,2.4090391979797547,-3.3265988730594613,-5.584197867281568,0.505843427522357,10.357086620283637,1.5054055641973694,False,False,False,False
1424,-4.029114969507583,2.336150396490063,6.911469759470282,-2.149407895385,-4.893732954101834,2.3469925550099595,-3.087014876728884,-5.407238735749614,-24.816221599124606,10.364899582791097,1.5030888886900624,True,False,True,True
1425,-4.071110752148883,2.2718566228318164,6.917023322534953,-2.1327412287183334,-4.895777730681526,2.3580835550397614,-2.9502905503894823,-5.389840830306538,0.5041218938810595,10.373413151564076,1.5015468908882987,False,False,True,True
1426,-4.112062068022913,2.2068196642575426,6.9225768966690175,-2.1160745620516668,-4.917473932089869,2.326797518538109,-2.905497540648547,-5.572168966266015,15.777974159565817,10.381869278985489,1.4998340774111263,True,False,False,False
1427,-4.151955801602072,2.141056490145432,6.92813048181098,-2.0994078953850006,-4.9497572380970745,2.264884530024042,-2.774120937185594,-5.57962084403139,0.5052071419074605,10.391585642800647,-29.132244355779417,True,True,True,True
1428,-4.190779113096441,2.074584300751978,6.933684077899684,-2.082741228718334,-4.980282616109087,2.1989151934384594,-2.6421255516086855,-5.589651823438722,0.507729435879935,10.396890272588234,-16.37805695982272,True,True,True,True
1429,-4.22851944250873,2.0074205227307194,6.939237684874316,-2.0660745620516674,-5.009211204423296,2.133875882572118,-2.5099406037033782,-5.59652963451353,-31.338386195446603,10.406292498745534,1.499761260396982,True,True,True,True
1430,-4.265164513616378,1.9395828045799153,6.944791302674397,-2.049407895385001,-5.037099433353333,2.071692219966412,-2.5911972418441884,-5.574348224292541,0.5047935936704692,-8.227996220842034,1.5008057456568746,True,True,True,True
1431,-4.300702337879569,1.8710890120203385,6.950344931239786,-2.032741228718334,-5.065890513818268,2.0097550174742724,-2.843909066847523,-5.48546753885894,0.5059644479734089,-24.796972173077037,1.5017133312992224,True,False,True,True
1432,-4.33512121827393,1.801957223304389,6.955898570510676,-2.0160745620516676,-5.085632996517533,1.9784746944840919,-2.7183938818515982,-5.508139773073823,0.5037776663169901,10.432511438705141,1.5000733359637284,False,False,False,False
1433,-4.36840975304672,1.7322057244577589,6.961452220427592,-1.9994078953850012,-5.111124927664898,1.9340784212329822,-2.598971821009749,-5.539988558942152,0.506213978964973,10.439370514569086,1.5051935657073343,False,False,False,False
1434,-4.4005568393953185,1.6618530044548945,6.9670058809313895,-1.9827412287183348,-5.139701415577556,1.867957469728474,-2.558577439031844,-5.825479370006071,22.479529640040607,10.445241188052643,1.504451320449691,True,False,True,True
1435,-4.43155167706685,1.5909177503295266,6.972559551963252,-1.9660745620516684,-5.168130053789021,1.8032299211728509,-2.443156511448236,-5.871723755417648,0.5072101300736315,10.458263796650286,-16.40408092048316,True,False,True,True
1436,-4.461383771877803,1.519418842221559,6.978113233464691,-1.9494078953850018,-5.1342659307122345,1.798102245316449,-2.2473832976115813,-5.868930480298272,0.5040831586233072,10.464826684894005,1.5017039220902701,False,False,False,False
1437,-4.4900429391525165,1.4473753483616236,6.983666925377541,-1.9327412287183354,-5.144479039152316,1.8042944347670151,-2.110413494372753,-5.840678327896397,0.5065923906289859,10.473841293628627,1.502530169333928,False,False,False,False
1438,-4.517519307079445,1.3748065199946318,6.989220627643962,-1.916074562051669,-5.183807803479734,1.6457063564353167,-2.032911059763926,-5.998208926909899,0.5066399139760304,10.477451607829005,28.39218398445447,True,False,False,False
1439,-4.54380331998411,1.3017317862436728,6.994774340206434,-1.8994078953850024,-5.206395704143778,1.5790595905807623,-1.9095812246034067,-6.015642946647921,0.5075616417667189,10.487534205492533,1.4994387073353672,False,False,True,True
1440,-4.568885741517691,1.2281707489156248,7.000328063007757,-1.8827412287183358,-5.227613273306038,1.5122191133957854,-1.7858767997200748,-6.0312832371386875,0.5061782724329449,10.499680912676903,1.5007015798406789,False,False,True,True
1441,-4.592757657760212,1.1541431772498663,7.005881795991047,-1.8660745620516694,-5.247456348858483,1.4452048552053556,-1.6619095533071564,-6.0451340563820795,0.5062056137401292,10.504139073336177,29.355413308153114,True,False,True,True
1442,-4.61541048023733,1.0796690026114928,7.011435539099739,-1.8494078953850028,-5.265922010561896,1.3780366990233324,-1.53991078315706,-6.018741947105612,0.5028689702688022,10.511838451499235,23.38453322417451,True,False,True,True
1443,-4.636835948849708,1.0047683131304612,7.01698929227758,-1.8327412287183364,-5.383174514187872,1.2418309700759544,-1.5367589105639796,-6.078589192610489,0.5061503293710758,10.521408151025003,-29.319586443660075,True,False,False,False
1444,-4.6570261347140445,0.9294613482881026,7.02254305546863,-1.8160745620516698,-5.444906795415523,1.1479076892934281,-1.457429272295557,-6.124391338903932,0.5034356571732034,10.532638140988643,1.5006816029611636,False,False,False,False
1445,-4.675973442914787,0.8537684934524601,7.028096828617262,-1.7994078953850032,-5.461100453996585,1.07985889663894,-1.332266642670544,-6.131669333902159,0.5034860309558304,10.539339711781356,1.4987990962484365,False,False,True,True
1446,-4.693670615165624,0.7777102743639273,7.033650611668153,-1.7827412287183366,-5.502357487658526,1.0021752083775766,-1.234517289174639,-6.156598592818356,0.5006916711294804,10.549199074753204,1.4973204699061105,False,False,False,False
1447,-4.710110732379875,0.7013073515726763,7.039204404566293,-1.76607456205167,-5.706386635527477,1.0976818932204324,-1.1725428724182065,-5.896411143143098,0.5061345733305775,10.559242170510363,-28.945486966660592,True,False,False,False
1448,-4.725287217148888,0.6245805148293835,7.044758207256974,-1.7494078953850034,-5.810152316053904,1.0820982967738861,-1.0963652405797317,-5.846258708482612,0.5043903456536335,10.563197990935661,1.503125074287236,False,False,True,True
1449,-4.739193836127615,0.547550677430773,7.050312019685793,-1.7327412287183368,-5.705562624159091,0.9887240889356519,-0.8911414177706598,-5.915947865717762,0.5045289517775428,10.571901641594307,1.5028357838618547,False,False,False,False
1450,-4.751824702326553,0.4702388705215182,7.05586584179865,-1.7160745620516702,-5.724076984860086,0.9274623988138523,-0.7705878944253951,-5.927472501922102,0.503585236315006,10.583335860464535,1.501324887264975,False,False,True,True
1451,-4.76317427730924,0.39266623735404915,7.061419673541744,-1.6994078953850038,-5.732755439028714,0.8616656273120692,-0.6463246701624935,-5.944209771536815,0.507433899919007,10.592182844367864,1.5005791352550992,False,True,True,True
1452,-4.773237373294556,0.31485402750783603,7.066973514861574,-1.6827412287183372,-5.736824472626187,0.7937669992715262,-0.5205414162923033,-5.961332159477434,0.5046149938814365,35.9955131950956,1.4994288074115156,True,True,True,True
1453,-4.782009155163083,0.23682359106972575,7.072527365704936,-1.6660745620516706,-5.610275115144733,0.6743151474196777,-0.3070467527217613,-6.053785331294957,0.5037381981355593,10.60727463206466,1.5019280586106294,False,False,True,True
1454,-4.789485142366805,0.15859637277692692,7.078081226018921,-1.649407895385004,-5.553923366031419,0.5793760632677334,-0.1408036024012793,-6.101041886070608,34.312437380368735,10.615587593577446,1.5037215929374603,True,True,True,True
1455,-4.795661210741466,0.08019390612424895,7.083635095750915,-1.6327412287183374,-5.464589479925552,0.46604581307282966,0.04049689109286808,-6.177482441260681,0.50458927412324,10.622313929924474,1.4991391194022188,False,False,False,False
1456,-4.800533594220928,0.0016378074372144918,7.089188974848595,-1.6160745620516708,-5.383698958594031,0.3542174155214221,0.21703907739005412,-6.248238507450519,0.5052453534439153,10.631122143999132,1.503101520112914,False,False,False,False
1457,-4.804098886452879,-0.07705023008732363,7.094742863259929,-1.5994078953850042,-5.345045836367609,0.26326402939017196,0.3698984497503951,-6.280657363073318,0.5058965147581288,10.64054226165977,1.499672357212833,False,False,True,True
1458,-4.806354042315303,-0.15584844237141815,7.100296760933177,-1.5827412287183376,-5.210751636050965,0.12773835112496423,0.5756538775020718,-6.391974619136175,29.18004918337368,10.648240527889724,1.5023479698696167,True,True,False,False
1459,-4.807296379333123,-0.23473500047546175,7.105850667816882,-1.5660745620516712,-5.204355481856497,0.05671641091234007,0.7025161935672081,-6.394329150247409,0.5024706901890499,10.657267038304678,1.4999330271568687,False,False,True,True
1460,-4.806923578994462,-0.31368801664515533,7.1114045838598745,-1.5494078953850046,-5.196549746372417,-0.01433169075707559,0.8284660280115619,-6.394993979387238,0.4992267212532052,10.662840616630913,-35.58690588089364,True,True,True,True
1461,-4.805233687966006,-0.39268555038433506,7.11695850901127,-1.532741228718338,-5.077019981814494,-0.14676902263459857,1.0324351593591226,-6.49434842259181,0.5026869138670009,10.673555382291195,1.5025097505768912,False,False,False,False
1462,-4.802225119206967,-0.4717056145519734,7.122512443220467,-1.5160745620516713,-4.994633227007228,-0.26612286439672167,1.211362644750069,-6.5653574419476435,0.5028646039622238,10.681250722179168,1.5013245751195945,False,False,False,False
1463,-4.797896652981176,-0.5507261814816596,7.128066386437143,-1.4994078953850047,-4.928137767027507,-0.38754226793761815,1.384416289211044,-6.625824730433864,0.5085407984458702,10.68479091392359,1.502088119752094,False,True,True,True
1464,-4.792247437766875,-0.629725189121857,7.133620338611258,-1.4827412287183381,-4.885542047505669,-0.4852073583068571,1.539177397496777,-6.6561706821731095,0.5031483799333969,10.696731977601033,1.5020865451469554,False,False,False,False
1465,-4.7852769910637845,-0.7086805471952249,7.139174299693047,-1.4660745620516715,-4.849158430828329,-0.5778529586171606,1.6859038154650736,-6.677174615499809,0.5050464109564445,10.70598826216656,1.5028627358360396,False,False,True,True
1466,-4.776985200097078,-0.7875701433752856,7.144728269633024,-1.449407895385005,-4.816690538469768,-0.667408927836506,1.8279359650492049,-6.69110687382159,0.5067130803386088,10.713785575139784,1.5034955239551975,False,False,True,True
1467,-4.767372322417893,-0.8663718494787109,7.150282248381976,-1.4327412287183385,-4.788325543568833,-0.752611208992332,1.9650864259231193,-6.696518296850215,0.5049644648669173,10.722275861096113,1.498995779271805,False,False,True,True
1468,-4.75643898640007,-0.945063527671492,7.155836235890965,-1.416074562051672,-4.76567344781913,-0.8184092260993947,2.093754419070372,-6.677919711476857,-28.95467643150792,10.73450738051002,1.5000685086610417,True,True,True,True
1469,-4.74418619163281,-1.023623036687254,7.161390232111324,-1.3994078953850053,-4.742409509829459,-0.8926083340046931,2.2219798519621343,-6.6683893460359664,0.506737583989406,10.740643313725029,1.4992375148892443,False,False,True,True
1470,-4.730615309208996,-1.102028238055968,7.166944236994656,-1.3827412287183387,-4.719203713298148,-0.9607020811341775,2.34958247603421,-6.648478210148215,0.5062734229327029,29.49960634723068,1.4998017463432878,True,True,True,True
1471,-4.715728081908932,-1.1802570023413086,7.172498250492834,-1.366074562051672,-4.686382649676549,-1.0534504001287133,2.490238505223421,-6.653250200075698,0.5064542041134986,10.756536206272845,1.5016741049038587,False,False,True,True
1472,-4.699526624279288,-1.2582872153849003,7.178052272557997,-1.3494078953850055,-4.659177010228454,-1.1265069977955506,2.6165963055248813,-6.635110281828391,0.5017922158882963,10.761999451770697,39.53943613156163,True,True,True,True
1473,-4.682013422607096,-1.336096784555691,7.183606303142551,-1.3327412287183389,-4.630103717944844,-1.2002304453714217,2.7442292835717885,-6.616074845987991,0.5053718414450719,10.77172296450513,1.4989900484012955,False,False,True,True
1474,-4.663191334788615,-1.4136636450026883,7.189160342199167,-1.3160745620516723,-4.600229293892901,-1.2732335666754049,2.8711993910900415,-6.593873227362731,0.5060474674677554,10.77601098702159,1.499029020329769,False,False,True,True
1475,-4.64306359009297,-1.4909657659092856,7.194714389680777,-1.299407895385006,-4.568947738578399,-1.3473132831508952,2.996537355832417,-6.571746959440027,0.502038998067697,10.788153822948773,1.4999025756116433,False,True,True,True
1476,-4.621633788820468,-1.5679811567474122,7.2002684455405745,-1.2827412287183393,-4.538080611620649,-1.4219423348543803,3.1208804582841556,-6.546586137257531,0.5036667469291135,10.797722986550628,1.5023771841635847,False,False,False,False
1477,-4.598905901855531,-1.6446878735297275,7.205822509732016,-1.2660745620516727,-4.505122438692621,-1.496191562657139,3.2454766070838335,-6.520085212115911,0.5054602351326589,10.806053730078267,1.5029122457405475,False,False,True,True
1478,-4.57488427011422,-1.7210640250580838,7.211376582208813,-1.249407895385006,-4.471952813673761,-1.5711125503956131,3.3671920079167283,-6.492165510217832,0.5044023487377832,49.359005666736856,1.5025972174537576,True,True,True,True
1479,-4.549573603886342,-1.7970877791664825,7.216930662924937,-1.2327412287183395,-4.43748709480311,-1.6456872679289845,3.489369064176646,-6.461961643911822,0.5047916415573183,10.822160785491695,1.503134553908074,False,False,True,True
1480,-4.5229789820721855,-1.8727373689567408,7.222484751834613,-1.2160745620516729,-4.39871632742337,-1.717486841750227,3.6149002505188754,-6.429405606478674,0.5056405043323081,10.831125535052717,1.5006068755800002,False,False,True,True
1481,-4.495105851313927,-1.9479910990250908,7.2280388488923215,-1.1994078953850063,-4.3608478073729815,-1.7903462596092212,3.736573127874859,-6.395318096993604,0.5040758397840366,10.841164858630314,1.503666179532975,False,False,True,True
1482,-4.465960025021811,-2.0228273516779316,7.233592954052797,-1.1827412287183396,-4.319330328174372,-1.8614053495758167,3.8603348160856807,-6.359519445667348,0.5011117958705193,10.846836521803823,-14.453147262067153,True,True,True,True
1483,-4.435547682295231,-2.097224593134955,7.239147067271022,-1.1660745620516733,-4.279323343173702,-1.933501619696636,3.9798728655232285,-6.321925559592473,0.5048097998273013,10.856676882689074,1.5003392657288792,False,False,True,True
1484,-4.403875366738835,-2.1711613797178666,7.244701188502232,-1.1494078953850067,-4.241379630531513,-2.0077881970384426,4.09467254796836,-6.281893236427845,0.5081483007571347,10.86427277681272,1.4998271470007467,False,False,True,True
1485,-4.37094998517387,-2.2446163640229257,7.25025531770191,-1.13274122871834,-4.197707760074354,-2.078897249043823,4.21473237956286,-6.240043032925254,0.5095363778188153,10.870930848282027,1.5022483863911835,False,True,True,True
1486,-4.336778806244952,-2.317568301075529,7.255809454825789,-1.1160745620516734,-4.159101081590161,-2.1520362731491587,4.323288840560799,-6.195466764654802,0.5068461707856174,10.879105840809606,-24.201408646875684,True,True,False,False
1487,-4.301369458922515,-2.3899960544650667,7.261363599829843,-1.0994078953850068,-4.1193203824809945,-2.224694064827712,4.430810637469626,-6.149280552634814,0.5066887678682745,10.892406959423116,-18.331262581389154,True,True,True,True
1488,-4.264729930901203,-2.4618786024582824,7.266917752670294,-1.0827412287183402,-4.072040832775259,-2.293903864572275,4.784344232530917,-5.992222377780621,0.5019332626355619,34.18011452193372,1.500845169141886,True,True,True,True
1489,-4.226868566894515,-2.53319504408937,7.272471913303607,-1.0660745620516736,-4.030421532081043,-2.3638074504186837,4.885087104312186,-5.9391517604097475,0.5039358097977731,10.909971175306294,1.5014682483029613,False,False,False,False
1490,-4.187794066826021,-2.603924605225047,7.278026081686488,-1.049407895385007,-3.9762177312390956,-2.429512449073573,4.8156731959943935,-5.982273113270828,0.5068442317030052,-8.123850811085793,1.4999218682890074,True,False,True,True
1491,-4.147515483917527,-2.6740466446028486,7.283580257775885,-1.0327412287183404,-3.9335011299636844,-2.4957648505070935,4.914207287430443,-5.924264841701293,0.5028171509973826,10.922002610655303,1.5035068056674072,False,False,True,True
1492,-4.106042222674558,-2.7435406598408885,7.289134441528982,-1.0160745620516738,-3.893556664345308,-2.5636399630110507,5.006346760822625,-5.863474946712559,0.5040727539332205,10.930373413751138,1.5037897280627963,False,False,True,True
1493,-4.063384036769605,-2.8123862934173425,7.2946886329032035,-0.9994078953850072,-3.8379305892250564,-2.6287896846411902,5.12409117700124,-5.807577599855273,0.5050431981971346,10.940423591179265,1.5001889411109552,False,False,True,True
1494,-4.019551026823562,-2.8805633386179146,7.3002428318562105,-0.9827412287183406,-3.784191356464975,-2.69446985945141,5.236255670659044,-5.747568155360561,0.5055988491852952,10.94696864063164,1.5000193832240725,False,False,True,True
1495,-3.974553638085853,-2.9480517454495505,7.305797038345898,-0.966074562051674,-3.7260362113172625,-2.758653521399486,5.352198304786382,-5.688141826970884,0.5057525294166554,10.958276718611229,1.4971812453310855,False,False,True,True
1496,-3.9284026580137428,-3.0148316265186748,7.311351252330396,-0.9494078953850074,-3.668501198740051,-2.8236313383063094,5.464592333165965,-5.626202239854133,0.5076833892005308,10.963108379079184,1.501640136968239,False,False,False,False
1497,-3.881109213751382,-3.0808832628722302,7.316905473768067,-0.9327412287183408,-3.60950965369841,-2.8879646165452137,5.5763072971530665,-5.562737069292224,0.5062909607073663,10.973992411857783,1.4981154321933108,False,False,False,False
1498,-3.8326847695091453,-3.146187109799814,7.322459702617503,-0.9160745620516741,-3.5495941425176287,-2.9519518265996796,5.686345396522218,-5.498136998825269,0.5051332473064629,10.981239201587137,1.5000929364052624,False,False,False,False
1499,-3.783141123843869,-3.2107238025952003,7.328013938837529,-0.8994078953850075,-3.4885744933500926,-3.0151631578837867,5.795227029523987,-5.4317259572095775,0.5043395380643284,10.986324457029088,1.4996616748297993,False,False,False,False
1500,-3.732490406840606,-3.274474162275566,7.3335681823871965,-0.8827412287183409,-3.426654530807914,-3.077749187285303,5.902684672269482,-5.3635652100469935,0.5068873978036675,10.998913630079615,1.4968280669150031,False,False,False,False
1501,-3.6807450771965597,-3.3374192012567305,7.3391224332257865,-0.8660745620516743,-3.3637654586662666,-3.139456519043192,6.008646461221015,-5.293776811429422,0.5061243339722554,11.00800916326662,1.5028711323487873,False,False,False,False
1502,-3.627917919207877,-3.3995401289827374,7.344676691312804,-0.8494078953850077,-3.300733965875013,-3.200977264862859,5.882125048119507,-4.9155777233133255,-33.98630415434325,11.013863283514349,1.5022352019632754,True,False,False,False
1503,-3.5740220396600155,-3.460818357508116,7.35023095660798,-0.8327412287183411,-3.2388009405028395,-3.257893483089652,5.971082210651003,-4.820662484857611,0.5000550350877094,11.019379935325416,41.2111768720766,True,True,False,False
1504,-3.519070864622424,-3.5212355070311734,7.3557852290712695,-0.8160745620516745,-3.174787220913203,-3.3123805742855725,6.074379098937113,-4.745867283835609,0.5061695469638342,11.03362076283225,1.5018398324790576,False,False,True,True
1505,-3.463078136148308,-3.5807734113766734,7.361339508662849,-0.7994078953850079,-3.1083424493326595,-3.3662612427497045,6.179492966324928,-4.669142533066912,0.5023498629187522,11.038785607136015,1.5014625248931595,False,False,True,True
1506,-3.406057908880275,-3.6394141234262785,7.366893795343117,-0.7827412287183413,-3.0410700444643775,-3.4036745228637804,6.278523868731397,-4.578965921184533,0.5073811901290464,11.050304832459194,1.5016038696860141,False,False,False,False
1507,-3.348024546562688,-3.697139920495135,7.372448089072692,-0.7660745620516747,-2.971520334705931,-3.450582485276062,6.363842348671618,-4.477095710823126,-33.1642939871313,11.057238056140223,1.501355903365987,True,True,False,False
1508,-3.288992718461577,-3.753933309653006,7.378002389812411,-0.7494078953850081,-2.919274205521184,-3.549632573205188,6.444554079330554,-4.418573056076659,0.5053037869362865,11.06418714564008,1.4992423210444603,False,False,False,False
1509,-3.228977395692991,-3.8097770329883547,7.38355669752333,-0.7327412287183415,-2.847668049084178,-3.598727829383818,6.527145225128202,-4.316124751764567,0.5096676626212264,11.070445653440675,31.36095943722343,True,True,True,True
1510,-3.1679938474606995,-3.864654072813813,7.389111012166719,-0.7160745620516749,-2.775763619908461,-3.654200244485034,6.608893334718064,-4.218405369487869,0.5026752928759877,11.079206728580239,-30.114301980732588,True,True,True,True
1511,-3.106057637204177,-3.9185476568114663,7.394665333704064,-0.6994078953850082,-2.7023314717449267,-3.7010714152571214,6.688634401893954,-4.113695461804848,0.5055734766200083,11.090481753149284,-20.470298558768317,True,True,True,True
1512,-3.043184618657829,-3.971441263116414,7.400219662097066,-0.6827412287183416,-2.5848719638743023,-3.4191867743955253,6.783571380175504,-3.733132428021789,0.5043080802066453,11.09924225354285,-35.74891141330828,True,True,False,False
1513,-2.979390931822458,-4.023318625337076,7.405773997307638,-0.666074562051675,-2.509498948539019,-3.4606660235957674,6.899202045688856,-3.6714993780797616,0.5056164296492988,11.10316186632245,20.75368385447601,True,False,True,True
1514,-2.914692998849969,-4.0741637375107285,7.411328339297905,-0.6494078953850084,-2.434852479816938,-3.504734401861854,6.994869826779963,-3.5888505147145575,0.5025714061755934,11.112907408279426,1.5067784016876904,False,False,False,False
1515,-2.849107519842373,-4.123960858992771,7.4168826880302,-0.6327412287183418,-2.3589049028257443,-3.5473904763952886,7.089873729291328,-3.504622338289409,0.5052427597195556,11.121070292384742,1.5034969589410339,False,False,False,False
1516,-2.7826514685661397,-4.172694519278248,7.4224370434670695,-0.6160745620516752,-2.2818268195615388,-3.5888846219796813,6.968024046484328,-3.6383269014227158,0.5052235089643103,-16.56830236502963,1.4991648590219535,True,False,False,False
1517,-2.715342088083,-4.220349522754153,7.427991405571265,-0.5994078953850086,-2.1636007811799156,-3.569927514063089,7.130528971227331,-3.4735088970024335,0.5067124249091036,11.140071700259835,-23.82564011471966,True,False,False,False
1518,-2.647196886298316,-4.266910953381079,7.433545774305745,-0.582741228718342,-2.11044280404405,-3.6348036836008877,7.197213222905485,-3.4358907657096562,0.504466453587103,11.1496489132143,32.03841120057451,True,False,False,False
1519,-2.5782336314281573,-4.312364179302775,7.439100149633677,-0.5660745620516754,-2.030473768233989,-3.6729802476643285,7.279708703130451,-3.333268945080267,0.5061824675805167,11.156962072158663,1.4996337675301639,False,False,True,True
1520,-2.508470347386253,-4.356694857382209,7.444654531518428,-0.5494078953850088,-1.9735225063674957,-3.7385069553666104,7.324193524151858,-3.2685020443111235,0.5087291694866618,11.16506634091622,1.5007463954024693,False,False,False,False
1521,-2.4379253090920128,-4.399888937662743,7.450208919923573,-0.5327412287183422,-1.9504783048001555,-3.85371502619047,7.322624958809092,-3.2759682509263404,0.5069933602919818,11.172501870672688,27.348399397355273,True,False,True,True
1522,-2.3666170377008284,-4.441932667753043,7.455763314812886,-0.5160745620516756,-1.743332649997949,-3.6249908639841903,7.301962711806586,-2.9037252977589336,-28.33256296548679,11.183732482843027,1.4991341755965104,True,False,True,True
1523,-2.294564295757901,-4.48281259713438,7.4613177161503454,-0.49940789538500896,-1.624743968998952,-3.5720060502731115,7.809501485917727,-2.9910297655292784,40.11354253313567,11.187350689239402,1.4995859562367821,True,False,True,True
1524,-2.221786082276853,-4.522515581388989,7.466872123900128,-0.48274122871834235,-1.6590668080345767,-3.759019665215494,7.693608267450669,-2.989886703065054,0.5045197697432545,11.19461114256378,1.498704105803493,False,False,False,False
1525,-2.1483016277444142,-4.5610287863481656,7.472426538026609,-0.46607456205167574,-1.664506416780273,-3.913295213950815,7.626553208992529,-2.9526053413781694,0.5072339972327161,11.205531417887643,1.5028699515026454,False,False,False,False
1526,-2.0741303890524865,-4.598339692158824,7.477980958494362,-0.44940789538500914,-1.6306159642018863,-4.019990749856009,7.622250423943104,-2.89273889537698,0.5067766953081785,11.21241603614691,1.4980618058829005,False,False,True,True
1527,-1.9992920443589257,-4.634436097267235,7.4835353852681585,-0.43274122871834253,-1.5624859610631219,-4.071401659859521,7.554576777779731,-2.9812362949549276,0.503582575278701,-8.938939020372908,1.5025685296285007,True,False,True,True
1528,-1.9238064878783878,-4.669306122318707,7.489089818312965,-0.4160745620516759,-1.4803085800658322,-4.096395970667591,7.61204292583069,-2.9035344028202226,0.5055745154009209,-24.322244655223358,1.5031752830097607,True,True,True,True
1529,-1.84769382460462,-4.702938213971976,7.494644257593942,-0.3994078953850093,-1.4597105110136055,-4.233127094853497,7.438349853889607,-3.1411718985308474,0.5046923563649376,-16.653820782722427,1.5000616679386924,True,False,True,True
1530,-1.7709743649655896,-4.735321148627109,7.500198703076444,-0.3827412287183427,-1.3772434507812803,-4.27317693323689,7.392468378718914,-3.2553640951620597,0.5014522354073593,-11.282551319386425,1.5022194769198332,True,False,True,True
1531,-1.6936686194128725,-4.766444036065737,7.50575315472602,-0.3660745620516761,-1.29521474266813,-4.3062423507706775,7.431751466397034,-3.210533313421352,0.5070364058811568,43.01068158636242,1.5007575849241277,True,True,True,True
1532,-1.6157972929467375,-4.796296323002465,7.511307612508406,-0.3494078953850095,-1.2071541504749255,-4.344289521665049,7.571609830494141,-2.9453760972195764,0.5049780977281606,26.426515492909765,1.5049058361796392,True,False,True,True
1533,-1.5373812795783857,-4.824867796546319,7.516862076389533,-0.3327412287183429,-1.1223311796688313,-4.377333052996847,7.7118603918235635,-2.6503693547374403,0.505994816044699,28.921939872540147,1.5014949631417014,True,False,True,True
1534,-1.458441656730825,-4.852148587571133,7.522416546335517,-0.3160745620516763,-1.1610418134369511,-4.4908029130623275,7.508534630942318,-2.765269295586794,0.5068516062344827,-5.252896831016567,1.500929508874252,True,False,False,False
1535,-1.3789996795798773,-4.878129173993781,7.5279710223126655,-0.29940789538500967,-1.0776136508709253,-4.521528127457736,7.565691091719027,-2.6484494215747505,0.5077902540702488,11.288675160749795,1.5008033786514765,False,False,True,True
1536,-1.2990767753368364,-4.902800383959196,7.533525504287471,-0.28274122871834306,-1.068804131105075,-4.601617889457485,7.505137853054025,-2.5724129452458127,0.5065759205072274,11.292832117072177,1.5038091253912655,False,False,True,True
1537,-1.2186945374743114,-4.926153398931151,7.539079992226615,-0.26607456205167646,-0.9854137105155859,-4.6302002555157715,7.55862389774736,-2.4542284525469404,0.5042820731429063,11.305327614983602,1.5007805962498333,False,False,True,True
1538,-1.1378747198968129,-4.948179756687774,7.54463448609696,-0.24940789538500985,-0.9637392485411145,-4.697766159033779,7.642438465749993,-1.9745109035121906,0.5042363794889964,48.676356520393554,1.5018733920776601,True,False,False,False
1539,-1.0566392310576513,-4.9688713542208385,7.5501889858655575,-0.23274122871834324,-0.8838899360609724,-4.7214984307151155,7.681436169539462,-1.8534076432187612,0.5072515081137022,11.325729123343638,1.5010562247114112,False,False,True,True
1540,-0.9750101280237394,-4.98822045053784,7.555743491499638,-0.21607456205167663,-0.8016721752240548,-4.742914021144716,7.608019963886297,-2.1225376585428055,0.5074936576862433,-25.362994989552938,1.5019773441409767,True,False,True,True
1541,-0.8930096104899047,-5.006219669365963,7.561298002966615,-0.19940789538501003,-0.7168616710022858,-4.7783254094253635,7.640083715256346,-2.0467428170469413,0.5046859011189145,11.337728156120432,-36.81395453816996,True,True,True,True
1542,-0.8106600147443352,-5.022862001757,7.566852520234085,-0.18274122871834342,-0.6552939417741103,-4.852117785612798,7.64092020330977,-1.9827400469813634,0.504369855779919,11.346341893857991,1.4985141258732215,False,False,True,True
1543,-0.7279838075867994,-5.038140808592368,7.572407043269822,-0.1660745620516768,-0.5715577298572166,-4.880973674117376,7.67680235682325,-1.8634134021845743,0.5077923023404056,11.356068005640248,1.5012147786356138,False,False,True,True
1544,-0.645003580201293,-5.052049822987359,7.5779615720417794,-0.1494078953850102,-0.49906903274176756,-4.899285081524199,7.686108396270846,-1.7753838220351024,17.161916646367864,11.36163924469136,1.4985661470883616,True,True,True,True
1545,-0.5617420419847868,-5.064583152593812,7.583516106518091,-0.1327412287183436,-0.43361937156991165,-4.945356362049344,7.680561365913068,-1.7283353980718614,22.056630244267545,11.37241488079637,1.4984258037231493,True,True,True,True
1546,-0.4782220143337571,-5.075735281800394,7.589070646667064,-0.11607456205167699,-0.3824152391521942,-4.980497440224431,7.6594698273989845,-1.6255843773392014,0.5061132284632903,11.385499683332934,1.502273995825456,False,False,True,True
1547,-0.39446642439020085,-5.085501073829738,7.594625192457186,-0.09940789538501038,-0.28528983357346804,-5.0128303151050275,7.735596506847493,-1.2916058523986487,0.5034248745039707,31.502798158501985,1.4983900892980697,True,False,True,True
1548,-0.3104982987488484,-5.093875772731695,7.600179743857115,-0.08274122871834377,-0.21184372260943704,-5.025468057827968,7.743929801633044,-1.1630552183661236,0.5029328351080995,11.397199221335965,1.501910482241125,False,False,True,True
1549,-0.22634075712730006,-5.100855005271985,7.605734300835687,-0.06607456205167717,-0.13582985551802446,-5.056860356010994,7.747857702042312,-1.0627805052067707,0.5059078461172347,11.40676437307652,1.498541452142193,False,False,True,True
1550,-0.14201700600082778,-5.106434782715561,7.611288863361908,-0.04940789538501056,-0.05328037818643129,-5.073807408700185,7.764218324270612,-0.9448903621806911,0.5086338126465075,11.416500344933125,1.5012041971969565,False,False,True,True
1551,-0.057550332203592236,-5.110611502504047,7.616843431404959,-0.03274122871834395,0.032988714305464406,-5.0843061905021925,7.785456676020396,-0.8170054629746843,0.5019766995796514,11.420950287063022,1.4998167617747102,False,False,True,True
1552,0.02703590350195849,-5.11338194982661,7.62239800493419,-0.016074562051677344,0.09924026322419083,-5.091977613584425,7.772789852628589,-0.6859939804086115,0.5068206617850529,11.427415281847642,21.6219448405311,True,True,False,False
1553,0.11171827288573417,-5.114743299083685,7.627952583919124,0.0005921046149892639,0.17067216723134643,-5.097344617692248,7.766037077400501,-0.5570925492309148,0.5032897409241832,11.439111604322477,1.5020046968716265,False,False,True,True
1554,0.1964732867389044,-5.114693115242974,7.63350716832945,0.01725877128165587,0.2547410254818441,-5.103538208734763,7.775113406658605,-0.427585971727822,0.5043250574809609,11.450238333063409,1.500426739603201,False,False,True,True
1555,0.2812774013892602,-5.1132293550871974,7.639061758135027,0.03392543794832248,0.33979192412761666,-5.107828014103453,7.77850745331949,0.11630183681572685,0.5029049830801973,48.565131658943095,1.4999252836256376,True,False,True,True
1556,0.3661070252412282,-5.110350368353079,7.6446163533058815,0.050592104614989086,0.4251972255816559,-5.106170115351866,7.792977600184766,-0.06850653510718364,0.5065275205325803,-16.97291838608782,1.502931287488217,True,False,True,True
1557,0.45093852533872025,-5.106054898761104,7.650170953812207,0.0672587712816557,0.5118877981315801,-5.108796790173273,7.795903366751898,0.08047509390726054,0.5011150183239522,44.871586558324154,1.5038701528274807,True,True,False,False
1558,0.5357482339489936,-5.100342084935591,7.655725559624361,0.0839254379483223,0.5974306858807211,-5.108154685860029,7.7970811206861175,0.21001679613891172,0.5038510732559056,11.479611882361024,1.5025719848961707,False,False,True,True
1559,0.6205124551656865,-5.093211461214678,7.661280170712868,0.10059210461498891,0.6840649205550113,-5.10582116590293,7.798301256059927,0.3401237935662563,0.5041403077395237,11.490342766658939,1.4983296939875395,False,False,True,True
1560,0.7052074715291878,-5.084662958349821,7.666834787048415,0.11725877128165552,0.7701996503354548,-5.100367213981057,7.797115007634929,0.4739096672508031,0.5023603583297842,11.49532717487038,1.502183803319098,False,False,True,True
1561,0.7898095506624908,-5.074696904094471,7.672389408601849,0.13392543794832212,0.8568342615313984,-5.095101551011604,7.794293483101767,0.6041825717948038,0.5062605740840218,11.506444776661803,1.5017528254797572,False,False,True,True
1562,0.8742949519206747,-5.063314023681598,7.677944035344185,0.15059210461498873,0.940904280944313,-5.08716343397513,7.785488590651392,0.7361011595921687,0.5054304118806302,11.512410417357806,1.5014555229245599,False,False,True,True
1563,0.958639933052151,-5.050515440189772,7.683498667246593,0.16725877128165534,1.0222924835812461,-5.076141255836753,7.770579444130043,0.870082894142561,0.504754151888535,11.521184501492963,1.5003916466662528,False,False,True,True
1564,1.0428207568698054,-5.036302674797539,7.689053304280408,0.18392543794832195,1.1038225612225834,-5.065324997933919,7.7498661290387965,1.0204727666601068,0.5063642918065634,11.530436119171453,-30.743584209476342,True,True,True,True
1565,1.1268136979301613,-5.020677646925875,7.694607946417122,0.20059210461498855,1.1921000992558035,-5.053114455028445,7.736029550942902,1.1743870049488931,-33.91113262601867,11.540491772651123,1.5031420352139206,True,True,True,True
1566,1.2105950492186872,-5.003642674268509,7.700162593628385,0.21725877128165516,1.2750046378541577,-5.039547837354276,7.712699324388316,1.3236537881973192,31.04312514992677,11.545403292514527,1.5041711021140443,True,True,True,True
1567,1.2941411288393612,-4.985200472709955,7.705717245886006,0.23392543794832177,1.3570236841290966,-5.024195082478729,7.690676554468781,1.452563725203042,0.506576694572124,11.555607154547225,1.4998551168804686,False,False,True,True
1568,1.3774282867066092,-4.96535415613112,7.711271903161948,0.2505921046149884,1.4409163326659142,-5.007474095468851,7.667628287329337,1.5878387429185001,0.5075041938700778,49.891822742167975,1.5021238043014054,True,True,False,False
1569,1.4604329112377248,-4.944107236102392,7.716826565428332,0.267258771281655,1.5237028049729395,-4.989283468675268,7.641469963081275,1.7218881094163265,0.5043591411477738,11.57435787998486,22.22547271223331,True,True,True,True
1570,1.5431314360438755,-4.921463621464121,7.722381232657434,0.2839254379483216,1.6067309961826144,-4.969613629949846,7.615098241732535,1.8508867929885482,0.5056687105347539,11.581518785048528,1.4977795594916392,False,False,True,True
1571,1.6255003466178055,-4.897427617794478,7.727935904821683,0.3005921046149882,1.6931563139748202,-4.948694041078551,7.590901212942299,1.9816554702933824,0.5070697795752767,11.588408871795716,1.5005134478769127,False,False,True,True
1572,1.7075161870163318,-4.872003926764667,7.733490581893661,0.3172587712816548,1.7761659967947956,-4.925666867430082,7.560217714503809,2.1115026311739786,0.5024933688499896,11.598594330637258,1.4986221238304809,False,False,False,False
1573,1.7891555665357393,-4.8451976453815275,7.739045263846104,0.3339254379483214,1.8621223582496667,-4.9016103572631735,7.531350982196238,2.242013253982287,0.5037314015376264,11.602495060195206,1.4991410600556043,False,False,True,True
1574,1.8703951663781757,-4.817014265117578,7.744599950651898,0.350592104614988,1.9466130935543373,-4.8762583259352015,7.499121679563246,2.3709268889602626,0.5045752756825126,11.615925153082198,1.5029334881836325,False,False,True,True
1575,1.951211746307147,-4.787459670928599,7.750154642284079,0.36725877128165463,2.030580603257823,-4.849307986993777,7.464451202443993,2.499610625891387,0.5038355540429623,11.622497808754852,1.5004139761257844,False,False,True,True
1576,2.031582151290215,-4.756540140158868,7.755709338715834,0.38392543794832124,2.1098901832408057,-4.82032916785966,7.420397297392258,2.6313874225063265,0.5060955847497115,11.6316156695196,1.5071101551261952,False,True,False,False
1577,2.111483318126999,-4.724262341334207,7.761264039920499,0.40059210461498784,2.1907276143158874,-4.790474148406572,7.376660013474821,2.762325005352568,0.49988891969515536,11.639883300352375,1.5004482015476783,False,True,False,False
1578,2.1908922820605916,-4.690633332843025,7.766818745871557,0.41725877128165445,2.274272267170285,-4.759114484175048,7.334287107786956,2.894659890033557,0.49922843674904427,11.642230601578849,1.5011491811383901,False,True,True,True
1579,2.2697861833704853,-4.655660561505583,7.772373456542641,0.43392543794832106,2.353325336002312,-4.726014158032438,7.287313134503565,3.0196875577827296,0.5056656234335363,11.659715475986426,1.5024281556744614,False,False,False,False
1580,2.348142273945128,-4.61935186103171,7.7779281719075275,0.45059210461498767,2.4311508812231755,-4.69203699063803,7.247268253326099,3.1222535909389975,17.979852632629843,11.66635206182225,1.501174878741755,True,True,False,False
1581,2.4259379238322163,-4.581715450367281,7.78348289194014,0.4672587712816543,2.508350796513348,-4.65668093489216,7.195320433346257,3.244671694777742,0.5065747609128513,11.673480616258043,1.498109934231432,False,False,False,False
1582,2.503150627764841,-4.54275993192975,7.7890376166145465,0.4839254379483209,2.5882988013283064,-4.6206290271724075,7.145110738326846,3.3668870062961926,0.5050264879730485,11.68200131225592,1.4998110162422236,False,False,True,True
1583,2.5797580116616117,-4.502494289733087,7.7945923459049595,0.5005921046149875,2.667688920643049,-4.583219171546895,7.093042476299,3.488394282052516,0.5042444153833756,11.688060315966974,1.4988671645992055,False,False,True,True
1584,2.655737839098875,-4.46092788740251,7.800147079785734,0.5172587712816541,2.741981547855518,-4.542610367761805,7.033175930591679,3.610149259472362,0.5047973922824108,11.700093098145596,1.5000190628795915,False,False,False,False
1585,2.7310680177531697,-4.418070466079402,7.805701818231369,0.5339254379483207,2.8201279470843144,-4.502497598212112,6.976817808798096,3.7299537586878873,0.5075400262346684,11.708094840508991,1.4987710145099575,False,False,True,True
1586,2.8057266058120462,-4.3739321422168755,7.811256561216504,0.5505921046149873,2.897648144959849,-4.461053667560024,6.9186486346824685,3.8489577486514186,0.5083600130262208,11.713564805425257,1.4994845208769956,False,False,True,True
1587,2.8796918183513975,-4.328523405266435,7.816811308715918,0.5672587712816539,2.974522018678543,-4.4182874703527855,6.859142076433624,3.966309885292752,18.115380822388897,11.721473151966327,1.5021843053277981,True,True,True,True
1588,2.9529420336774495,-4.281855115256265,7.8223660607045336,0.5839254379483205,3.045638493635593,-4.37073444326725,6.789891872886141,4.085692741227575,25.522797992250297,11.73223782808081,1.5029179711657366,True,True,False,False
1589,3.025455799631571,-4.23393850026166,7.82792081715741,0.6005921046149871,3.1210817366676613,-4.3253378572536105,6.725965165772517,4.2006881052495055,31.618281250841836,11.740081123789926,1.5028168028054618,True,True,True,True
1590,3.097211839856068,-4.184785153768175,7.833475578049745,0.6172587712816537,3.1958146829540226,-4.27866354497306,6.659597928499791,4.315747178976674,0.5062587408901629,11.747667844431744,1.5013554650538794,False,False,True,True
1591,3.1681890600191336,-4.134407031928096,7.8390303433568755,0.6339254379483203,3.2657295685536685,-4.226988933519268,6.585279561198756,4.432452864435622,0.5047352578538619,-22.97775504599381,1.5007609872653564,True,True,False,False
1592,3.2383665539971425,-4.082816450710851,7.844585113054276,0.650592104614987,3.338899341455877,-4.17773945724776,6.515282667797262,4.544058410840907,0.5019318429010347,11.764766801619293,1.496186768476049,False,True,True,True
1593,3.307723610012479,-4.030026082948029,7.850139887117554,0.6672587712816536,3.4082292619518277,-4.123875144617106,6.437675302949714,4.659201841466907,0.5067299003659084,11.771859472152286,1.5017255479458753,False,False,True,True
1594,3.376239716725101,-3.9760489552736984,7.855694665522456,0.6839254379483202,3.418981869655443,-4.045052216659707,6.321928357348044,4.7840611325193425,0.5027841133539855,11.782874409289157,1.5017477467433717,False,True,False,False
1595,3.443894569276059,-3.9208984449607422,7.8612494482448625,0.7005921046149868,3.4876139280547465,-3.989779927126968,6.246313533144768,4.89473846527443,0.506044184940507,51.698522954134816,1.4995065370073781,True,True,True,True
1596,3.51066807528119,-3.8645882766539694,7.866804235260786,0.7172587712816534,3.557118578261813,-3.9355374476949203,6.1693362514125125,5.001298460097942,0.5038424839652286,-10.093221969959613,1.5025387415676252,True,True,True,True
1597,3.5765403607732256,-3.8071325190007776,7.872359026546374,0.73392543794832,3.6256667588330633,-3.879967464804943,6.08967817764501,5.108010540697539,0.5021663921549612,11.804068283079337,1.4985337604046984,False,True,True,True
1598,3.641491776090563,-3.748545581180185,7.877913822077907,0.7505921046149866,3.663967888473348,-3.802818494118417,5.990370245636955,5.233964363332148,0.5046678414039982,11.812463056926491,1.5030780426574935,False,False,True,True
1599,3.705502901710962,-3.6888422093310718,7.883468621831795,0.7672587712816532,3.732833466677434,-3.7383272732433297,5.910325317712406,5.349220524992752,0.5024379014580204,11.824507762888262,1.5007385929307615,False,False,True,True
1600,3.76855455402844,-3.628037482880507,7.889023425784581,0.7839254379483198,3.783895357356537,-3.6751065323381433,5.814741379662343,5.452259190249111,0.5041428349315358,11.830796532187287,1.500447279914868,False,False,True,True
1601,3.830627791071659,-3.5661468107730574,7.894578233912938,0.8005921046149864,3.8394009749815052,-3.610901581424901,5.721812716429891,5.556037362727662,0.5033171666596561,11.839258747097073,1.4985042991058348,False,False,False,False
1602,3.891703918162103,-3.5031859276020136,7.900133046193669,0.817258771281653,3.8983319584323812,-3.5476924727133805,5.629654788214157,5.6568049677359795,0.5043411570356181,11.846396257764352,1.4965875163402973,False,False,False,False
1603,3.951764493510367,-3.439170889643494,7.9056878626037035,0.8339254379483196,3.9615378864642334,-3.485159812316513,5.539792943973816,5.755115894307836,0.5067295897316997,11.853630683841201,1.4992440943241814,False,False,True,True
1604,4.01079133374889,-3.3741180707944127,7.911242683120102,0.8505921046149862,3.9326190180326086,-3.4494142242456944,5.280407527063423,5.776529983525597,0.5033220093282469,11.866136264035337,-35.19207265110937,True,False,False,False
1605,4.068766519399482,-3.3080441584153326,7.9167975077200525,0.8672587712816533,3.967824742752828,-3.383400537190629,5.162566998497233,5.885958704932592,0.5038976132723019,11.871190377711466,1.5018622116871634,False,False,True,True
1606,4.1256724002740075,-3.240966149079246,7.922352336380867,0.8839254379483199,4.025078184890234,-3.3021527973816456,5.06665571764818,6.017158895052111,0.5048171857101561,11.880208178727015,1.500566773223986,False,False,True,True
1607,4.181491600806615,-3.1729013442273617,7.927907169079986,0.9005921046149865,4.084736687988067,-3.2306243589052173,4.9702714982413925,6.125841950310564,0.49994496075825745,11.886838335121892,1.5024031065142573,False,False,True,True
1608,4.236207025315903,-3.1038673457329953,7.933462005794974,0.9172587712816531,4.1571106305109895,-3.172940655356919,5.140337266638776,5.984131769962615,0.5041746056868587,-18.867590860372175,1.500631677730766,True,False,True,True
1609,4.2898018631954455,-3.0338820513746962,7.93901684650352,0.9339254379483197,4.218698526913533,-3.105942096538875,5.045473210343584,6.078347406350282,0.5061288196227374,11.905651172601635,1.5028182430095325,False,False,True,True
1610,4.342259594031108,-2.9629636502197667,7.944571691183439,0.9505921046149863,4.277601618566992,-3.0405655844866484,5.16243586101885,6.4475330813747975,32.559409606546346,11.915326371135658,1.5012072079953336,True,False,True,True
1611,4.393563992643619,-2.8911306179193557,7.950126539812667,0.9672587712816529,4.339777787479199,-2.9683395995497084,5.065475646257924,6.5358403506665,0.5098106067134195,11.922042238104241,1.496807954286499,False,False,True,True
1612,4.443699134054856,-2.81840171191634,7.955681392369263,0.9839254379483195,4.352315902404809,-2.9301369806018602,4.8263909118837525,6.568679564867463,0.5055945239721945,11.928454943888326,-27.08039405769049,True,False,False,False
1613,4.4926493983763445,-2.7447959665672275,7.961236248831408,1.0005921046149862,4.410359099944913,-2.8586564584724656,4.708533132233975,6.665727565949219,0.5050545819454489,11.940556817698189,1.4989528866885513,False,False,False,False
1614,4.54039947561849,-2.6703326881793457,7.966791109177406,1.0172587712816528,4.468212178663122,-2.7865492652011485,4.599283946876737,6.752397485740017,0.5015120018157351,11.948609224173545,1.5013472828475003,False,False,False,False
1615,4.5869343704190655,-2.595031449964604,7.97234597338568,1.0339254379483194,4.5113594263015395,-2.715105907762389,4.607047239837509,7.017568323896916,20.85129650007851,11.95328565954782,1.5000930575713223,True,False,True,True
1616,4.632239406689512,-2.518912086911145,7.9779008414347725,1.050592104614986,4.571618237092462,-2.6338224513604205,4.505412570174605,7.1024306623955615,0.5014608920635748,11.96740229724081,1.5013420170104208,False,False,False,False
1617,4.676300232177636,-2.441994690574221,7.983455713303345,1.0672587712816526,4.617190341896989,-2.567584770621668,4.416807473316746,7.1823834225270815,0.5062664986642109,11.973811170428586,37.87456015224746,True,True,True,True
1618,4.719102822945289,-2.3642996037876594,7.989010588970178,1.0839254379483192,4.674280489631127,-2.4845180597636425,4.338680689963601,7.284670688512464,0.5046382581498189,50.09464192184697,1.5022463251826574,True,True,False,False
1619,4.76063348775966,-2.285847415297309,7.994565468414171,1.1005921046149858,4.739222768301422,-2.3912626190839426,4.307955803859477,7.3735923766519385,0.5072777170118642,11.987755982648817,25.90399023906264,True,False,True,True
1620,4.800878872396811,-2.2066589543178723,8.00012035161434,1.1172587712816524,4.803675103307874,-2.2781447505386145,4.242903044829726,7.467566008001703,0.5050573154121857,11.998530024495706,1.4984487488601435,False,False,True,True
1621,4.8398259638561365,-2.1267552850145655,8.005675238549816,1.133925437948319,4.868051035720502,-2.188014855433983,4.14387073834992,7.525496694103012,0.5052360412329918,12.006443764795838,-19.134955968591584,True,False,True,True
1622,4.877462094484423,-2.046157700911059,8.011230129199848,1.1505921046149856,4.85400742644339,-2.192119431316121,3.970879564149587,7.506744287573624,0.5071468708606749,12.013021451916845,35.36917289181213,True,False,True,True
1623,4.913774946008229,-1.964887719225185,8.0167850235438,1.1672587712816522,4.953504367655758,-1.9794309781005013,3.9724077199414003,7.723684927799735,0.5031055497470077,12.022893370194616,1.5030735952121286,False,False,True,True
1624,4.948752553473317,-1.8829670751339127,8.02233992156115,1.1839254379483188,4.977030499925023,-1.9414445538716019,3.8559019587124106,7.745506186892719,-34.63695257371959,12.027841028458932,1.5013410060660477,True,True,True,True
1625,4.9823833090899035,-1.8004177159691173,8.027894823231488,1.2005921046149854,5.011097074790669,-1.8715880286595483,3.7218973041609726,7.780506696024123,0.5048800262859922,12.04229307741034,1.4992184390625805,False,False,True,True
1626,5.014655965982517,-1.7172617953456915,8.033449728534523,1.217258771281652,5.05395509118108,-1.7617563775178038,3.5968209354571146,7.868504140330026,0.5078354049591692,12.048581440071414,1.501093873450574,False,False,True,True
1627,5.04555964184327,-1.6335216672235675,8.039004637450072,1.2339254379483187,5.0940225697790025,-1.6707716296525845,3.4730268267759254,7.9269298109332444,0.5036578452729907,12.054688907795128,1.4993961606712358,False,False,True,True
1628,5.07508382248738,-1.5492198799052384,8.044559549958064,1.2505921046149853,5.131436932379366,-1.590587454376263,3.2597931077972904,7.699988892285512,-24.90523302618443,12.06389751786817,1.5016971543112825,True,False,True,True
1629,5.103218365309819,-1.4643791699703899,8.050114466038544,1.2672587712816519,5.1686308354931745,-1.4982479390290402,3.134298215468954,7.759409426889216,0.5059000507203975,12.073919145906476,1.5019955996121048,False,False,True,True
1630,5.129953502641967,-1.3790224561492719,8.055669385671663,1.2839254379483185,5.182614600055244,-1.5462181148021203,2.9813300148101436,7.607136077042532,0.5056545023478173,12.080829230549467,-26.994477771573408,True,False,True,True
1631,5.155279845007193,-1.293172833136458,8.061224308837685,1.300592104614985,5.226600218345791,-1.3739527531600066,2.8532346597286624,7.785085051592558,0.5059641166449682,12.08949190602059,1.5020652487478732,False,False,True,True
1632,5.179188384274316,-1.2068535653466637,8.066779235516982,1.3172587712816517,5.252824978581589,-1.3143069494112523,2.7173926308832828,7.798240229788095,0.5089985134157987,-16.51186013689083,1.4985823210142857,True,True,False,False
1633,5.201670496707899,-1.1200880806143072,8.072334165690036,1.3339254379483183,5.283753837053224,-1.209825720324226,2.5835571322762534,7.87006986907614,0.5053122271523764,12.107670624053664,1.4987625632751898,False,False,True,True
1634,5.222717945914399,-1.0328999638385217,8.077889099337437,1.350592104614985,5.31193467879102,-1.121279220041712,2.450523006519651,7.913793534354438,0.5016074279809147,12.117154069581423,1.500636667342002,False,False,True,True
1635,5.242322885683189,-0.9453129505753378,8.083444036439882,1.3672587712816515,5.338640928413838,-1.0376870992515812,2.3169240099441217,7.929249473896901,0.49992466666158253,47.44852525625734,1.502281284725706,True,True,True,True
1636,5.260477862721509,-0.8573509205787804,8.088998976978178,1.3839254379483181,5.364481801310798,-0.9456679762402641,2.1839106303704545,7.969927501382068,0.5069087410896751,12.130681493110323,1.5044828143800977,False,False,False,False
1637,5.277175819282438,-0.7690378912926326,8.094553920933238,1.4005921046149847,5.389121284295751,-0.8527894926918926,2.051157633314587,8.00850464294969,0.5061337092715751,12.13926332619084,1.5015116123352437,False,False,True,True
1638,5.292410095684995,-0.6803980112946437,8.100108868286078,1.4172587712816513,5.4121248873260726,-0.7586120316579297,1.9144660425111628,8.026108878130021,18.80901173478566,12.150380620296284,1.504765799554638,True,True,True,True
1639,5.3061744327255225,-0.5914555536949676,8.105663819017822,1.433925437948318,5.433396732242863,-0.6694330441231516,1.7810027560586805,8.054369700645463,0.50447123965371,12.150301983097776,-27.435432613447233,True,False,True,True
1640,5.318462973979513,-0.5022349094906359,8.111218773109698,1.4505921046149846,5.431226291471621,-0.8432066633657282,1.668202747720076,7.72471594677135,-19.986129904229205,12.164134312428617,1.5014936459499106,True,True,True,True
1641,5.329270267993104,-0.41276058087788675,8.11677373054304,1.4672587712816512,5.450728806755728,-0.77974834032117,1.535988649561248,7.697475322828841,0.5034944451439338,-19.319571245594176,1.5028016068204728,True,True,False,False
1642,5.33859127036345,-0.3230571745241806,8.122328691299282,1.4839254379483178,5.464555208524311,-0.7091946906982229,1.3979571113068079,7.70567631630494,0.5065810623928797,12.17736078126328,1.4985800390493007,False,False,True,True
1643,5.346421345707256,-0.23314939480175095,8.127883655359966,1.5005921046149844,5.4785085924699715,-0.6253538110872158,1.2586194381375422,7.705997015667807,0.5039935352828608,-6.5168740402232945,1.4990788637076826,True,True,True,True
1644,5.352756269516763,-0.1430620369845508,8.133438622706732,1.517258771281651,5.4919692835157,-0.5316837505626137,1.1194157028422573,7.715699314739792,0.5066139784357095,12.19763088019969,21.981491490435783,True,True,True,True
1645,5.3575922299025045,-0.05281998041046734,8.138993593321324,1.5339254379483176,5.504190928598885,-0.4424417303305322,0.9829903404658338,7.736537712581996,0.5003540449163345,12.204262624683924,1.5027865775682556,False,False,False,False
1646,5.360925829222204,0.03755181838930896,8.144548567185588,1.5505921046149842,5.514105052256224,-0.3526145520881823,0.8438610328447922,7.732502343116579,0.5061115120792007,12.216540168510841,-34.66231554493556,True,True,False,False
1647,5.362754085595193,0.12802833259186375,8.150103544281471,1.5672587712816508,5.523351570077796,-0.26086400271503546,0.7062621322623586,7.75144425102514,0.5044214509623737,12.217943023865674,1.4999210239800915,False,False,False,False
1648,5.363074434301775,0.21858447201317815,8.155658524591018,1.5839254379483174,5.531355590045106,-0.1712130218980198,0.5699804073919157,7.763830796299395,0.5060422267293979,12.228606426932105,1.5029931667461378,False,False,True,True
1649,5.361884729066987,0.30919509006586904,8.161213508096377,1.600592104614984,5.542102280939176,-0.036505361110155975,0.43031116565498234,7.828461823248397,0.5041378423363302,12.241159114080913,1.4969773318528188,False,False,True,True
1650,5.359183243228241,0.39983499074212026,8.166768494779793,1.6172587712816506,5.549723480904849,0.08700458011440992,0.28981702792148684,7.875825238393844,0.5033902672907418,12.247750961196246,1.5011213310594833,False,False,False,False
1651,5.354968670786368,0.49047893561986616,8.17232348462361,1.6339254379483172,5.555176811887726,0.2055828389059353,0.1491555139571399,7.913378688570567,0.5050510129262774,12.257550187010363,1.4967161424384796,False,False,True,True
1652,5.34924012733961,0.5811016508902793,8.177878477610268,1.6505921046149838,5.555944559539978,0.28639733139062085,0.013276123446197776,7.901962613105512,37.65613286905031,12.265112780597137,1.4995021448579933,True,True,True,True
1653,5.341997150900139,0.6716778344046054,8.183433473722308,1.6672587712816505,5.556132983382545,0.3757221061591255,-0.12399460634955672,7.902360401319238,0.5050456684385093,12.272299941360002,1.4990899399560949,False,False,True,True
1654,5.333239702592723,0.7621821627383802,8.18898847294237,1.683925437948317,5.552660569556583,0.4819554350759283,-0.2712269340393587,7.914533407488692,20.473294607771408,12.278867214137824,1.5007713622577783,True,True,True,True
1655,5.322968167235188,0.852589298271058,8.194543475253184,1.7005921046149837,5.548400148154518,0.5824845567084342,-0.4152516114216703,7.922191273245768,0.5000979284218051,12.290868691964825,1.499849156423491,False,False,True,True
1656,5.311183353800344,0.9428738962790694,8.20009848063758,1.7172587712816503,5.543427414227178,0.6683924486725827,-0.5514864110868777,7.908804405846004,0.5075081711749577,38.22579156181894,1.4996981711498123,True,True,True,True
1657,5.297886495759108,1.0330106120403262,8.205653489078482,1.7339254379483169,5.536592184206085,0.7699682083810222,-0.6941698955981359,7.911934065773303,0.5046464403656576,12.305548948551527,1.502325813372402,False,False,True,True
1658,5.28307925130455,1.1229741079481803,8.21120850055891,1.7505921046149835,5.527257998177472,0.8718967428350928,-0.8376342589897047,7.91054390944793,0.5015969258205051,-14.708998877202836,1.5025523950378814,True,True,True,True
1659,5.266763703456666,1.2127390606328394,8.216763515061979,1.76725877128165,5.516356567400382,0.9778372106980145,-0.9820597235796541,7.910683637580307,0.5039615724395657,51.999656255680904,1.5001407033427872,True,True,True,True
1660,5.248942360047665,1.30228016808824,8.222318532570894,1.7839254379483167,5.505548572184336,1.061127124719685,-1.1158906347611148,7.886056886335282,0.5042497102991027,12.328808519050632,36.393476703467535,True,True,True,True
1661,5.229618153587637,1.3915721568023718,8.227873553068957,1.8005921046149833,5.49316503956216,1.152157423031798,-1.2533946740419806,7.868556638335327,0.5052173265107539,12.337004499287211,1.502892018200408,False,False,True,True
1662,5.2087944410104825,1.4805897888890422,8.233428576539561,1.81725877128165,5.478220367054326,1.2555162252568601,-1.3959312045332628,7.860372742335302,0.5058300092376395,12.344860000066813,1.4996959834255872,False,False,True,True
1663,5.186475003300005,1.5693078692190738,8.238983602966194,1.8339254379483165,5.462797730257901,1.3450324511942178,-1.5305491068992765,7.833983389512838,0.5062491076328807,33.40040925598258,1.4999811644672407,True,True,True,True
1664,5.162664044996127,1.6577012525489145,8.24453863233243,1.8505921046149831,5.44629413680697,1.435537816049899,-1.6657661189547996,7.808508690660133,0.5081180446746488,12.364016443253345,1.5001731444807322,False,False,True,True
1665,5.137366193581209,1.7457448506446493,8.250093664621941,1.8672587712816497,5.427505879961466,1.5208333809642516,-1.7993415013893972,7.7743302180837,-21.0745115103313,12.37493531865324,1.5001846170971371,True,True,True,True
1666,5.110586498746485,1.833413639399393,8.255648699818487,1.8839254379483164,5.407754303692348,1.6090033855483288,-1.9338603059034878,7.743201625551958,0.50594213069846,12.37791587882653,1.5031633953348433,False,False,True,True
1667,5.08233043153867,1.9206826659420466,8.261203737905914,1.900592104614983,5.37810599426397,1.6966206305571114,-2.0841412517191547,7.712008935796504,0.5098157499280461,12.388998233017116,1.4990347279871827,False,False,True,True
1668,5.052603883386824,2.007527055735399,8.266758778868166,1.9172587712816496,5.34794149518581,1.787924632570152,-2.2324676075297214,7.681305269559025,0.504397230077675,12.398526622614005,1.4981185067839384,False,False,False,False
1669,5.021413165009576,2.093922019661555,8.272313822689268,1.9339254379483162,5.314592080541906,1.8772072314062114,-2.382451858784222,7.645922658098762,0.5032382208602052,12.406682881671614,1.5029105632282487,False,False,True,True
1670,4.9887650052028905,2.179842861092675,8.277868869353341,1.9505921046149828,5.282553630361816,1.968400188276334,-2.5265012855181204,7.610254602804881,0.5032281940792882,12.41375240952762,1.5010134025657906,False,False,True,True
1671,4.9546665495085325,2.265264982945008,8.283423918844589,1.9672587712816494,5.24824676324919,2.0596489401429974,-2.6711463959258106,7.572803838384232,0.5031087610067482,12.419921369663564,1.503891087912275,False,False,True,True
1672,4.919125358763469,2.350163894714207,8.288978971147305,1.983925437948316,5.212028059585214,2.151624273891304,-2.8148746771899904,7.534234172405556,0.5060139710713955,38.25498075121013,1.496715258656691,True,True,True,True
1673,4.8821494075304575,2.434515219489913,8.29453402624587,2.0005921046149826,5.175436475128667,2.242719180352313,-2.9563333529734535,7.492220972628889,0.5047143803689865,12.438950605773677,1.5007435347161093,False,False,True,True
1674,4.843747082410107,2.518294700947607,8.300089084124751,2.017258771281649,5.13902404906912,2.331551172445934,-3.0934402682939264,7.446121428105753,0.5076540871873477,12.447310140641235,1.4969048318995102,False,False,True,True
1675,4.803927180234738,2.601478210315716,8.305644144768502,2.033925437948316,5.100860392363076,2.4171542836904907,-3.2295387664628357,7.395624653198261,0.5067145736071902,12.4546848038143,1.5009696721859525,False,False,False,False
1676,4.762698906144399,2.684041753315986,8.311199208161764,2.0505921046149824,5.0588494094702625,2.499258238299363,-3.36731220530701,7.340706952699385,0.5060081936626276,-5.0465802557143835,1.501112571488804,True,True,True,True
1677,4.72007187154542,2.7659614770751184,8.31675427428926,2.067258771281649,5.021434829411295,2.580821648884912,-3.4940158634002842,7.280170294707133,0.5042031518293166,12.47026576095625,1.4997922182371963,False,False,True,True
1678,4.6760560919519385,2.847213677005686,8.322309343135801,2.0839254379483156,4.979756522284394,2.663466164742359,-3.6245375617229105,7.223273342923051,0.503519982820422,28.395375706195587,1.5008921319174124,True,True,False,False
1679,4.630661984710852,2.9277748036543465,8.327864414686282,2.1005921046149822,4.9340524935808485,2.7430687794963875,-3.7588030189144157,7.161035990100835,0.5027206605945588,12.489949449706524,1.4977994575722904,False,False,False,False
1680,4.583900366610682,3.0076214695153753,8.33341948892568,2.117258771281649,4.88512976466038,2.821297082321891,-3.893841323950352,7.096687101192355,0.5021325978855541,-10.653000139606078,1.5022615774339454,True,True,False,False
1681,4.535782451374883,3.0867304558075532,8.338974565839056,2.1339254379483155,4.832044471411502,2.8977394131419834,-4.032748597953678,7.028617328468084,0.5047708779896725,12.505322516180007,1.5014682422158447,False,False,True,True
1682,4.4863198470401455,3.1650787192124454,8.344529645411555,2.150592104614982,4.783772016987861,2.9752345237538043,-4.160473696838061,6.95972166362501,0.50629318541925,12.512663034651272,1.5028003888703771,False,False,False,False
1683,4.435524553220298,3.242643398572121,8.350084727628404,2.1672587712816487,4.737544531467438,3.0525647644607488,-4.280979936957786,6.886250424907011,0.5067273902397444,12.51920785866213,1.5004316953008159,False,False,True,True
1684,4.383408958256413,3.3194018215443695,8.355639812474914,2.1839254379483153,4.6796664562517085,3.127012385792521,-4.416142711538197,6.813534326570856,0.5103849718065099,12.535868043449028,1.5017200897689098,False,True,True,True
1685,4.329985836253791,3.395331511213484,8.361194899936473,2.200592104614982,4.6252843694846915,3.2021805099178877,-4.543495281136061,6.7391859845215425,0.5032583842162559,12.542295741125775,1.5048235622483264,False,False,True,True
1686,4.2752683440065065,3.4704101926546826,8.366749989998555,2.2172587712816485,4.5801130993417765,3.278105885597876,-4.652355536782565,6.660581811091702,0.5057415204785818,12.543261709930658,1.5015989450390983,False,False,True,True
1687,4.219270017810234,3.5446157994502605,8.372305082646712,2.233925437948315,4.533225901264446,3.3533063371222953,-4.760481305767609,6.579774001287892,0.5040709575071021,12.557206385737572,1.5009686764424737,False,False,True,True
1688,4.162004770164123,3.617926480155568,8.377860177866575,2.2505921046149817,4.464176413831581,3.4230802663923123,-4.89909894979197,6.4989934944234165,23.781080358398746,12.561612978366252,1.4993641803764193,True,True,False,False
1689,4.103486886362494,3.690320604712926,8.38341527564386,2.2672587712816483,4.394495163579841,3.49203095190587,-5.034866675890736,6.415760115503431,0.5023801901747241,-3.3117748108272647,1.4946482543526525,True,True,False,False
1690,4.043731020977184,3.7617767708116028,8.388970375964357,2.283925437948315,4.342400490154161,3.563868118595995,-5.140510862389243,6.328328709041359,0.5033739430658829,12.57932037623446,1.5009277726812358,False,False,True,True
1691,3.9827521942313955,3.8322738101919867,8.394525478813938,2.3005921046149815,4.2887823161102805,3.6344547811057386,-5.244865610196644,6.238597160674002,0.5048541889795936,12.586956968649243,1.5023347257285191,False,False,True,True
1692,3.920565788265926,3.901790794892103,8.400080584178552,2.317258771281648,4.20776143428323,3.7000088591557154,-5.387962489557531,6.149865245902223,0.5078139514336366,12.598872819399565,1.5029406759578408,False,False,False,False
1693,3.8571875432987004,3.9703070434346395,8.405635692044227,2.3339254379483148,4.129207364441715,3.765343996047118,-5.523676198931534,6.059151081106558,0.504271434581427,12.605031786017046,1.5043474846041431,False,False,False,False
1694,3.792633553678544,4.037802126952659,8.411190802397067,2.3505921046149814,4.070434378679254,3.831573156521432,-5.624615925045467,5.963625856765933,0.5063115836294405,12.613944829869169,-34.00114737965262,True,True,True,True
1695,3.726920263834186,4.104255875252188,8.416745915223256,2.367258771281648,3.9882598981129367,3.8963543964542824,-5.758875863233352,5.870942378316842,0.5022144583981197,12.622277149956679,1.5024470301891086,False,False,False,False
1696,3.660064464119491,4.169648382809895,8.422301030509052,2.3839254379483146,3.906054985328514,3.9603647736279695,-5.888959443618356,5.776930476254799,0.5055682411399781,-12.555612649846529,1.5010467484517347,True,True,False,False
1697,3.592083286555964,4.233960014704077,8.427856148240792,2.400592104614981,3.8406221026216434,4.024552890030801,-5.989517870098415,5.6768775299039484,0.5061992328139525,12.637803817525773,1.4984680130207124,False,True,True,True
1698,3.522994200473597,4.297171412477198,8.433411268404887,2.417258771281648,3.7543200621308226,4.0877313406538045,-6.119425178788601,5.580350942491704,0.5066907900805986,12.644325470391573,1.5012656953297083,False,False,False,False
1699,3.4528150080511564,4.359263499928239,8.438966390987822,2.4339254379483144,3.6746622675645653,4.150157000113707,-6.235371030193728,5.481933388554072,0.5046901259393589,-7.368521982526772,1.502886842427289,True,True,False,False
1700,3.3815638397570433,4.420217488833133,8.444521515976161,2.450592104614981,3.5983937420189265,4.211651524653955,-6.342943830581498,5.381220982544041,-29.113916563323446,12.667410238221333,1.498289141402888,True,True,False,False
1701,3.309259149691882,4.480014884591583,8.45007664335654,2.4672587712816476,3.5232713867873793,4.272182989464221,-6.4456156205368575,5.278851912638279,0.5039741643646856,12.670223564739576,-22.278903224028173,True,True,False,False
1702,3.2359197108340285,4.538637491798561,8.455631773115671,2.483925437948314,3.4816326867960283,4.322125627454277,-6.479291136201747,5.130530482761418,0.5069764273502256,12.682918038705523,-28.188485021983432,True,True,False,False
1703,3.1615646101892163,4.596067419738844,8.461186905240337,2.500592104614981,3.4224014966857395,4.372869941804547,-6.564974745181909,5.0173092883823,0.5047736260154719,12.68735367501917,1.5046386237076284,False,False,False,False
1704,3.0862132438455814,4.652287087802922,8.466742039717397,2.5172587712816474,3.3539480732645637,4.424181329017994,-6.658235458784501,4.903220976076447,0.5061287663627068,12.695894291080272,1.4994183533707852,False,False,False,False
1705,3.009885311935349,4.707279230822645,8.472297176533782,2.533925437948314,3.2799676792780694,4.47866156208551,-6.7589046583826935,4.800557063429313,0.5022732529790562,12.705945395638869,1.49979924895175,False,False,True,True
1706,2.932600813504474,4.761026904325021,8.477852315676497,2.5505921046149806,3.2041322898350293,4.528690092938342,-6.8517788522091045,4.682073638635166,0.5045520663110332,12.715820653191948,1.5037880064964393,False,False,False,False
1707,2.8543800412915763,4.813513489702558,8.483407457132616,2.5672587712816473,3.128001413699373,4.580713133367621,-7.267374176791429,4.81142603680581,36.73982091684224,12.72310042865325,1.501249436142109,True,False,True,True
1708,2.7752435764175196,4.864722699298598,8.488962600889286,2.583925437948314,3.0530630642718872,4.6509886095272845,-7.34784218687463,4.698976278473003,0.5062628028418157,12.731905352315305,1.502635699312122,False,False,True,True
1709,2.695212282987021,4.914638581406095,8.494517746933727,2.6005921046149805,2.9694560005705224,4.699345901308272,-7.434415018687029,4.577914840338198,0.5047440837615842,12.73425528508508,1.4985086652414552,False,False,True,True
1710,2.614307302603707,4.963245525178316,8.500072895253231,2.617258771281647,2.8865013942921602,4.749067547109792,-7.317146682285841,4.338772075083578,-20.416764882388698,12.745430933615674,1.5069803625675982,True,False,False,False
1711,2.532550048800044,5.010528265449971,8.505628045835158,2.6339254379483137,2.8037649550588193,4.793018371717233,-7.39806055551847,4.216041830110852,0.5006417913434209,12.757291588735711,1.5016975453220425,False,False,True,True
1712,2.4499622013836158,5.056471887467299,8.511183198666938,2.650592104614981,2.725016827276493,4.84573741649688,-7.46982493469174,4.097025299075233,0.5035763479870035,12.762565163645155,1.503298714613156,False,False,False,False
1713,2.3665657007012304,5.101061831525649,8.516738353736072,2.667258771281648,2.645752422763518,4.8967763040054715,-7.5387383146524325,3.9763533491624234,0.5032083286228352,12.772919307984562,1.4987642159771477,False,False,False,False
1714,2.282382741822374,5.144283897513149,8.522293511030131,2.6839254379483144,2.561988663711824,4.940958007885054,-7.739674510848692,3.579470006574636,0.5055726275026198,39.812862730858456,1.500453959943108,True,False,False,False
1715,2.197435768643545,5.186124249359042,8.527848670536754,2.700592104614981,2.47599228025795,4.980729896846994,-7.806729618520912,3.4511819513408213,0.5048084723901495,12.789837027238876,-23.755975750486524,True,False,False,False
1716,2.11174746791504,5.226569419385336,8.533403832243648,2.7172587712816476,2.389250840052162,5.019076362973004,-7.903979843756247,3.34386868057791,0.5024266508072739,12.796054310729215,1.5032629357053202,False,False,False,False
1717,2.025340763191768,5.265606312560387,8.538958996138591,2.733925437948314,2.301428841788204,5.05623045942387,-8.019232131456919,3.225587083263433,0.5044470434322609,-14.365088111377753,1.4983093255120448,True,True,False,False
1718,1.9382388087097115,5.303222210653133,8.544514162209426,2.750592104614981,2.212326262549794,5.092070315904575,-8.115416745654837,3.1170946055180466,0.503975922116728,12.811005998228497,1.5039833841154355,False,False,False,False
1719,1.8504649831896627,5.339404776286634,8.550069330444066,2.7672587712816474,2.1221549653758514,5.126704700410331,-8.208818886877307,3.0060294527413545,0.5012011235337639,12.822764865905809,1.5070093921101007,False,False,False,False
1720,1.7620428835698911,5.374142056889689,8.555624500830488,2.783925437948314,2.4204363019073063,4.997398100732933,-7.643007985459289,2.616311963996465,0.5046874478682779,12.833376565994364,-20.00983648622807,True,False,False,False
1721,1.6729963186694237,5.407422488545262,8.561179673356738,2.8005921046149806,2.375942364110099,5.023560933192702,-7.653674689843986,2.472124683826513,0.506893792943416,12.838857288353752,1.5028614970907743,False,False,False,False
1722,1.5833493027836327,5.439234899734507,8.56673484801093,2.8172587712816473,2.2796023842930384,5.052516451372235,-7.750734053503171,2.3610451441864515,0.5018689881533828,12.847520742451785,18.073930257095352,True,False,False,False
1723,1.4931260492138563,5.469568514975208,8.572290024781239,2.833925437948314,2.172708799315891,5.134491641455842,-7.833329286755533,2.2673400261584096,0.5031666861090345,12.857341653446408,1.5008164424807897,False,False,True,True
1724,1.4023509637327896,5.49841295835347,8.577845203655912,2.8505921046149805,2.0725543785147917,5.182221232437671,-7.908328783259132,2.1558710987119265,0.5070311520818288,12.863841210371996,1.5023197858859831,False,False,False,False
1725,1.3110486379874118,5.52575825694754,8.583400384623255,2.867258771281647,1.9762080718299098,5.230422570816725,-7.9717887303126735,2.039040375988586,0.5048026775700589,12.87205948487807,1.4977385104510792,False,False,True,True
1726,1.2192438428412289,5.551594844142635,8.588955567671645,2.8839254379483137,1.8830110081566798,5.260876314312454,-8.030908419724266,1.9137951777898037,0.5043620010164254,12.880031253335222,1.5000985627548185,False,False,False,False
1727,1.126961521657635,5.57591356283573,8.59451075278952,2.9005921046149803,1.7937786923819656,5.2821407051767855,-8.083046793131311,1.7592363554092032,-33.86873050059908,12.886560592193623,1.501039148982189,True,True,True,True
1728,1.03422678352621,5.598705668529253,8.60006593996538,2.917258771281647,1.7150150515514209,5.238827359808114,-8.149045645884934,1.6155128189805845,0.5042371519341514,12.897103936816437,24.597223319218923,True,False,True,True
1729,0.9410648964337945,5.619962832312668,8.605621129187794,2.9339254379483135,1.6095554044378264,5.3103900098829335,-8.214280463756937,1.5289571884499589,0.5084466358524218,12.902188411787089,1.5003936930193615,False,False,False,False
1730,0.8475012803821974,5.639677143730973,8.611176320445393,2.95059210461498,1.523460927755646,5.303890425423595,-8.249923811424237,1.3839414355264734,0.5078224896922151,12.916045461065947,1.5017406749407851,False,False,True,True
1731,0.7535615004544097,5.657841113539162,8.616731513726869,2.9672587712816467,1.4211870917573,5.356347466721895,-8.302978728915988,1.2744221236995465,0.5023450108601406,12.921992468351108,1.5019896256542937,False,False,False,False
1732,0.6592712598312156,5.674447676341731,8.62228670902098,2.9839254379483133,1.3217135308894168,5.3927591925815435,-8.349512119415506,1.1525637464485925,0.5033581786617479,12.928095904258758,1.4984505269717132,False,False,False,False
1733,0.5646563927601076,5.689490193116329,8.627841906316542,3.00059210461498,1.2289411740070222,5.405565456430972,-8.381856403278091,1.0126795611002948,0.5017072338809683,12.94123315607605,39.379740800294144,True,True,True,True
1734,0.4697428574784296,5.702962453620717,8.633397105602437,3.0172587712816465,1.1392582307050978,5.4043883825512085,-8.413237149679967,0.8695363791068393,0.5049614992040938,12.948989812101436,1.5016955034662096,False,False,True,True
1735,0.3745567290926839,5.714858678682187,8.638952306867608,3.033925437948313,1.0341099728418677,5.452729310163251,-8.454288090087227,0.7528536058165598,0.5054990166357676,12.954032256734687,1.498602972344549,False,False,True,True
1736,0.2791241924159577,5.72517352236867,8.644507510101059,3.0505921046149798,0.9347660614575476,5.476388591255411,-8.493496645971494,0.6266743977633052,-32.553420780336495,12.96157658764027,1.498801667206108,True,True,False,False
1737,0.18347153476543462,5.733902074040756,8.650062715291856,3.0672587712816464,0.8360234847567712,5.495921786242048,-8.525960376265013,0.4947267164164833,0.5030831078949068,12.970908468670437,1.5049386882073896,False,False,False,False
1738,0.08762513872197264,5.741039860283911,8.655617922429123,3.083925437948313,0.7375938412209134,5.512163850521021,-8.555019792626734,0.3603862418190362,0.5044660564324424,12.981083313142205,1.4996515968869357,False,False,False,False
1739,-0.008388525146257153,5.746582846720182,8.661173131502048,3.1005921046149796,0.6372257212624107,5.531793237023049,-8.585646764974216,0.2315105882422363,0.505768499273984,-26.161969073299872,1.502688371379164,True,True,False,False
1740,-0.10454290559406464,5.75052743969875,8.666728342499876,3.117258771281646,0.5374820278440916,5.546916118186581,-8.609108402806353,0.09778248295940874,0.5078280687704638,13.000014612108233,1.49929995702547,False,False,False,False
1741,-0.20081137804144855,5.752870487864678,8.672283555411914,3.133925437948313,0.44832885037914105,5.5299522950031665,-8.625176059983698,-0.05122882682036978,-31.378997143684725,13.004656333647842,1.4993360911878533,True,True,True,True
1742,-0.2971672519456881,5.753609283605279,8.677838770227527,-3.132593202564607,0.3404167584966059,5.566231624080483,-8.644640781532145,-0.17343581142562908,0.5056361948843707,13.013268826918932,1.4959397658401232,False,False,True,True
1743,-0.39358377820127677,5.752741564373535,8.68339398693614,-3.1159265358979398,0.24115519496396173,5.572858356367268,-8.660367169979164,-0.3096779892579047,0.5031459805808314,13.02436178407401,1.5006990103539484,False,False,True,True
1744,-0.4900341565656471,5.750265513888046,8.688949205527235,-3.0992598692312727,0.1397508073827941,5.585163731368048,-8.67450460151636,-0.4431982488180443,0.5097068654845103,13.029097884344388,1.4989517741103429,False,False,False,False
1745,-0.5864915431086245,5.746179763209004,8.694504425990356,-3.0825932025646057,0.03653110373729196,5.600010334587107,-8.685862102878774,-0.5762298231268197,0.5017989070119432,13.041843917021627,1.5027321161938645,False,False,False,False
1746,-0.6829290576835401,5.740483391689759,8.7000596483151,-3.0659265358979386,-0.05448110307732601,5.580236292323812,-8.690585263196377,-0.7254396231601932,0.5058227298207686,13.05126223888671,27.380181026933613,True,True,True,True
1747,-0.7793197914179227,5.733175927803521,8.705614872491127,-3.0492598692312716,-0.16196012840822863,5.607829169323368,-8.69859326745612,-0.8464189632746583,0.5033547745531308,13.055395132839756,39.53932666956333,True,True,False,False
1748,-0.8756368142216827,5.724257349844844,8.711170098508152,-3.0325932025646045,-0.2579038222349849,5.5996430218338995,-8.697271453079418,-0.9883803476872481,36.74990161536409,13.065041612432559,1.5026032055824077,True,True,True,True
1749,-0.9718531823106931,5.713728086505511,8.716725326355947,-3.0159265358979375,-0.3538418820515096,5.590741499151238,-8.691775715118768,-1.1307266518306702,0.5030387636190982,13.073299093379719,1.5031619811903427,False,False,True,True
1750,-1.0679419457436654,5.701589017324518,8.722280556024339,-2.9992598692312704,-0.4715426483816282,5.636721199134705,-8.692533838566321,-1.2407568424388737,0.5066574002475507,-16.015691750998162,1.5006241762896222,True,True,True,True
1751,-1.1638761559702135,5.6878414730118685,8.727835787503215,-2.9825932025646034,-0.5783302344540213,5.649679195586781,-8.68879335677375,-1.3677213473263867,0.5070111344978331,13.08615700429055,1.4997686177906377,False,False,True,True
1752,-1.2596288733879895,5.67248723564593,8.733391020782518,-2.9659265358979363,-0.6812703489687918,5.650537552635094,-8.681136713458088,-1.5009691732292456,0.5067482389459628,-3.68603532188369,1.49881461791305,True,True,True,True
1753,-1.355173174906774,5.655528538744143,8.738946255852245,-2.9492598692312697,-0.7821987626083706,5.645497261642848,-8.669778482701021,-1.6384500706159124,0.5056958683194155,13.105418643839176,1.4991895616509026,False,False,True,True
1754,-1.4504821615173982,5.636968067206902,8.744501492702447,-2.9325932025646027,-0.8817145007561243,5.6362762364330194,-8.655405806363836,-1.7774535321678893,0.504246797487113,13.115158819817307,1.5017247406794376,False,False,False,False
1755,-1.5455289658633669,5.616808957134471,8.750056731323236,-2.915926535897936,-0.9833847239775131,5.630517237342543,-8.638396948719874,-1.9130423908674064,29.827835270437316,13.120698529297474,1.5004489859799668,True,True,True,True
1756,-1.640286759813055,5.595054795516827,8.755611971704774,-2.899259869231269,-1.083503039306885,5.621501172490659,-8.617813492129903,-2.0502180604945774,0.5048223657919669,13.126947266439094,1.5060320857801965,False,False,False,False
1757,-1.7347287620303422,5.571709619796358,8.761167213837277,-2.882593202564602,-1.1782305439176435,5.598177965337982,-8.593258407248538,-2.1952121278970917,0.5041032552689896,13.140074549707213,1.4996225665201297,False,False,True,True
1758,-1.828828245541549,5.54677791730339,8.76672245771102,-2.8659265358979353,-1.278105324660973,5.5884719947045545,-8.567079999529252,-2.329495379817956,0.5043641233932137,13.143443102212014,1.5034252670520796,False,False,False,False
1759,-1.9225585452965401,5.520264624564537,8.77227770331633,-2.8492598692312683,-1.3769333737264384,5.5741145472422575,-8.538079585616515,-2.4658927326072146,0.5040939259689622,13.155860226131924,1.4994047825961698,False,False,False,False
1760,-2.015893065721853,5.492175126483912,8.777832950643585,-2.8325932025646012,-1.4755940203923532,5.558775156351616,-8.506408655587553,-2.600485168941136,0.5031123356117413,-8.493078961701103,1.4976175451196656,True,True,False,False
1761,-2.108805288263714,5.4625152553972836,8.78338819968322,-2.815926535897934,-1.5724511760896764,5.538886222173087,-8.471696574865165,-2.7363218467208514,27.262498045127384,13.169505665316475,1.4989522988734043,True,True,True,True
1762,-2.2012687789188075,5.431291289999275,8.78894345042572,-2.799259869231267,-1.6650147206229204,5.507597857365978,-8.43428805375853,-2.8780636245462663,0.50524046148571,37.339765467656804,1.5025650404233375,True,True,True,True
1763,-2.2932571957506522,5.3985099541437584,8.794498702861626,-2.7825932025646005,-1.7569675199096169,5.475260681982919,-8.393678444322122,-3.0197800049961976,0.5037514474274913,13.185046253888705,1.5037154794904093,False,False,True,True
1764,-2.384744296389458,5.364178415517625,8.80005395698153,-2.765926535897934,-1.8516788328312852,5.453504915009677,-8.349482750646139,-3.151890118975402,0.5069579075965874,13.196291199681959,1.5006131738783224,False,False,True,True
1765,-2.475703945513322,5.328304284188148,8.805609212776078,-2.749259869231267,-1.9462763364014195,5.427956047212964,-8.303646381486166,-3.284332816260625,28.359283303400478,13.205408520801383,1.500102948025006,True,True,True,True
1766,-2.566110122308637,5.290895611024198,8.811164470235964,-2.7325932025646003,-2.0369270665106316,5.389887649902018,-8.256258706167197,-3.424012164445831,-21.621160918224362,13.218000739397521,1.5050504562890585,True,True,True,True
1767,-2.655936927907581,5.251960885991592,8.816719729351936,-2.715926535897933,-2.129180371332986,5.361096703447129,-8.203503747932693,-3.5556418634345572,0.5036730524244263,13.226361856827674,1.5042070756822246,False,False,False,False
1768,-2.745158592800566,5.211509036322902,8.822274990114796,-2.6992598692312666,-2.2203304129766828,5.321589571631189,-8.150331025403082,-3.69417908266129,0.504271573924324,13.231909031727747,1.4990982625181832,False,False,True,True
1769,-2.833749484221525,5.169549424562104,8.827830252515392,-2.6825932025645995,-2.3108896465922726,5.2805431373793965,-8.09424912004546,-3.8316281837587933,0.505398145051457,13.237151928777715,1.4988822465021283,False,False,True,True
1770,-2.921684113503926,5.126091846484427,8.833385516544627,-2.665926535897933,-2.479455863829619,5.172648981727366,-8.139401280756617,-4.017875188418921,0.5032421873648394,13.246793865865294,1.5004827912000183,False,False,False,False
1771,-3.0089371434053964,5.081146528891883,8.838940782193454,-2.6492598692312663,-2.598266613881115,5.105404121233692,-8.119175894211239,-4.172197199382734,0.5063684217116659,13.254431725541275,1.5033281470203232,False,False,False,False
1772,-3.0954833953988645,5.0347241272849,8.844496049452873,-2.6325932025645997,-2.703237808277324,5.047828502082985,-8.080237163529777,-4.3164408063084405,0.502092069598157,13.262275188651598,34.740865499399824,True,True,False,False
1773,-3.1812978569281167,4.986835723410598,8.850051318313938,-2.6159265358979327,-2.7930182212054326,4.9998680486795575,-8.018701596920542,-4.452335335395626,0.5060090620173017,13.27263936803368,1.5003326582586758,False,False,True,True
1774,-3.266355688625684,4.937492822688232,8.855606588767749,-2.599259869231266,-2.892734039902918,4.943198107199676,-7.970041844912263,-4.5926138632137565,0.5044357676775078,13.280826002809846,1.5032729020466034,False,False,False,False
1775,-3.3506322314909776,4.886707351512372,8.86116186080546,-2.582593202564599,-2.99240627527855,4.8849619675631875,-7.92127165483086,-4.731496063047959,0.5058941839548968,-25.09071269689548,1.4989133988814067,True,True,False,False
1776,-3.4341030140266042,4.834491654434445,8.86671713441827,-2.5659265358979324,-3.083537011216044,4.830461107384474,-7.858446419707573,-4.866470636186887,0.5073520193601467,13.29677700881541,1.5033917321485366,False,False,True,True
1777,-3.5167437593307946,4.780858491223281,8.872272409597427,-2.549259869231266,-3.199411707256661,4.767697546599185,-7.817894759756938,-5.005647046843463,0.5050398656235737,-24.10901750349293,1.5013332058252291,True,True,True,True
1778,-3.5985303921438985,4.7258210338053255,8.877827686334232,-2.532593202564599,-3.3055962769165808,4.706456725781697,-7.765060343435701,-5.142230973387209,0.5054101717603625,13.312767158616964,1.5007614691251947,False,False,True,True
1779,-3.6794390458469013,4.669392863085265,8.88338296462003,-2.5159265358979326,-3.388809728313587,4.650209045851339,-7.6903404428445965,-5.270863927349204,36.34198792626397,13.32308549741044,1.5033233260687386,True,True,True,True
1780,-3.7594460694099334,4.611587965647786,8.888938244446214,-2.499259869231266,-3.472308636392189,4.592456302261832,-7.614185516034099,-5.398242320982228,0.5068922436719147,-11.10183648257179,1.5026204124940559,True,True,True,True
1781,-3.838528034288753,4.552420730341274,8.89449352580423,-2.4825932025645994,-3.573980933230004,4.527778493789552,-7.55194581836176,-5.529339901793591,-39.47571367193635,13.340113908362955,1.5013522721463972,True,True,True,True
1782,-3.916661741267195,4.491905944744256,8.900048808685563,-2.4659265358979328,-3.6720299616157366,4.462701746500029,-7.48385273714988,-5.659284477401098,0.5060718606631174,13.341384724057137,1.499804900117862,False,False,True,True
1783,-3.9938242272435955,4.430058791515446,8.905604093081754,-2.4492598692312657,-3.7625263104945725,4.398389258006433,-7.408417452698911,-5.785925138586612,0.5047932689766403,13.356476823035331,1.502041881778197,False,False,False,False
1784,-4.069992771959207,4.366894844628281,8.911159378984387,-2.432593202564599,-3.8532821337436634,4.3319958146254685,-7.331973329713718,-5.910989515254434,-34.747365387647314,13.36445833378379,1.4989179993513937,True,True,True,True
1785,-4.145144904666642,4.30243006549087,8.91671466638509,-2.4159265358979325,-3.939577603514536,4.265700007624073,-7.24948456691992,-6.034239448364304,0.5054965324823056,13.37042187931423,1.4994130987264622,False,False,False,False
1786,-4.219258410736394,4.236680798952293,8.922269955275544,-2.399259869231266,-4.029150974418148,4.196307287256034,-7.168627172852505,-6.156677144717525,33.13406145843348,13.382100821835662,1.5019724025728085,True,True,True,True
1787,-4.292311338199495,4.169663769196272,8.92782524564747,-2.3825932025645993,-4.1166590606949764,4.126061056922943,-7.083927824421387,-6.278091246388986,0.5041394068837585,13.391690826048551,1.5003535368330971,False,False,True,True
1788,-4.364282004224389,4.101396075523189,8.933380537492638,-2.3659265358979327,-4.198744494746641,4.056029382906517,-6.993800598547346,-6.39660753630465,0.5052431399375579,13.397532808791395,1.504605152235818,False,False,True,True
1789,-4.435149001526129,4.031895188021547,8.938935830802865,-2.349259869231266,-4.27327836996042,3.9865073867034884,-6.8962077901986785,-6.5120375640273345,0.507156489116693,13.404149573911312,1.5007583018640003,False,False,True,True
1790,-4.504891204705987,3.9611789431299282,8.94449112557001,-2.3325932025645995,-4.353011588780682,3.9141155082806782,-6.802453315309623,-6.627101275873228,0.5071079322872757,13.416301329328569,1.500474062342247,False,False,False,False
1791,-4.5734877765196345,3.8892655390905815,8.950046421785979,-2.3159265358979324,-4.426465155416722,3.8411760345246373,-6.701841564045409,-6.740234683643658,0.5027538467206734,13.421847004419032,1.4999520188607227,False,False,True,True
1792,-4.640918174072013,3.816173531295787,8.955601719442724,-2.299259869231266,-4.504043178840268,3.7666334058153774,-6.60449038131936,-6.850840854786356,-20.86218501410574,13.433612804347204,1.5006649905370726,True,True,False,False
1793,-4.707162154937087,3.7419218275281776,8.961157018532239,-2.282593202564599,-4.582730556110004,3.689802101514143,-6.50624544323168,-6.960776225199548,0.5013956775020083,-19.38037436612381,1.4997109732683553,True,True,False,False
1794,-4.772199783200642,3.666529683096229,8.966712319046566,-2.2659265358979326,-4.652756082810709,3.614054979624643,-6.40040023530531,-7.067063006407713,0.5072461285692558,13.447717443401604,1.4963468412560907,False,True,True,True
1795,-4.836011435424352,3.5900166958661637,8.972267620977789,-2.249259869231266,-4.721388422910332,3.537629241659525,-6.1092911512954435,-7.3273460567064514,0.5067941713372361,35.03432514594036,1.50291879473975,True,True,True,True
1796,-4.898577806529321,3.512402801191541,8.977822924318035,-2.2325932025645994,-4.7957727199575535,3.455211718063205,-6.0062885334360505,-7.433118863607915,0.5071553012843288,13.463569059202976,1.5015236100331735,False,False,True,True
1797,-4.959879915597369,3.4337082667418417,8.983378229059479,-2.2159265358979328,-4.870813152295933,3.3701206269157775,-5.901234590253244,-7.538449990031787,0.5086018659834065,13.472861944185155,1.4975642826322293,False,False,True,True
1798,-5.019899111588303,3.3539536872313787,8.988933535194334,-2.199259869231266,-4.93638242552097,3.28636007147098,-5.788214886940091,-7.639877806805244,0.5048752040671124,13.480457657554721,1.5045548898665702,False,False,True,True
1799,-5.078617078971477,3.2731599790498964,8.99448884271486,-2.182593202564599,-4.998665416959328,3.2047999169910613,-5.463388518039918,-7.892596992939639,0.5030259094518458,37.1159312404244,1.5005172341133517,True,False,False,False
